-- --------------------------------------------------------
-- Host:                         127.0.0.1
-- Server version:               10.1.37-MariaDB - mariadb.org binary distribution
-- Server OS:                    Win32
-- HeidiSQL Version:             9.5.0.5196
-- --------------------------------------------------------

/*!40101 SET @OLD_CHARACTER_SET_CLIENT=@@CHARACTER_SET_CLIENT */;
/*!40101 SET NAMES utf8 */;
/*!50503 SET NAMES utf8mb4 */;
/*!40014 SET @OLD_FOREIGN_KEY_CHECKS=@@FOREIGN_KEY_CHECKS, FOREIGN_KEY_CHECKS=0 */;
/*!40101 SET @OLD_SQL_MODE=@@SQL_MODE, SQL_MODE='NO_AUTO_VALUE_ON_ZERO' */;

-- Dumping structure for table eval.ev_adm_config
CREATE TABLE IF NOT EXISTS `ev_adm_config` (
  `id` int(10) unsigned NOT NULL AUTO_INCREMENT,
  `login_logo` varchar(255) NOT NULL,
  `mini_logo` varchar(255) NOT NULL,
  `single_logo` text NOT NULL,
  `favicon_logo` text NOT NULL,
  `title` varchar(255) NOT NULL,
  `desc` text NOT NULL,
  PRIMARY KEY (`id`)
) ENGINE=InnoDB AUTO_INCREMENT=2 DEFAULT CHARSET=latin1;

-- Dumping data for table eval.ev_adm_config: ~0 rows (approximately)
/*!40000 ALTER TABLE `ev_adm_config` DISABLE KEYS */;
INSERT INTO `ev_adm_config` (`id`, `login_logo`, `mini_logo`, `single_logo`, `favicon_logo`, `title`, `desc`) VALUES
	(1, '5a37a829d330d-original.png', '5a37a82badc3b-original.png', '5a37a82e35bb8-original.png', '5a37a830560e8-original.png', 'Sistem Informasi Penilaian Pendidikan Lemhannas', 'Sistem Informasi Penilaian Pendidikan Lemhannas');
/*!40000 ALTER TABLE `ev_adm_config` ENABLE KEYS */;

-- Dumping structure for table eval.ev_bagan_detail
CREATE TABLE IF NOT EXISTS `ev_bagan_detail` (
  `id` int(11) NOT NULL AUTO_INCREMENT,
  `bagan_pendidikan_id` int(11) NOT NULL,
  `elemen_penilaian_id` int(11) NOT NULL,
  `bobot_nna` decimal(5,1) NOT NULL,
  `bobot_npa` decimal(5,1) NOT NULL,
  `urutan` int(11) NOT NULL DEFAULT '0',
  `keterangan_form` text,
  PRIMARY KEY (`id`)
) ENGINE=InnoDB AUTO_INCREMENT=303 DEFAULT CHARSET=latin1;

-- Dumping data for table eval.ev_bagan_detail: ~302 rows (approximately)
/*!40000 ALTER TABLE `ev_bagan_detail` DISABLE KEYS */;
INSERT INTO `ev_bagan_detail` (`id`, `bagan_pendidikan_id`, `elemen_penilaian_id`, `bobot_nna`, `bobot_npa`, `urutan`, `keterangan_form`) VALUES
	(1, 1, 1, 0.0, 0.0, 0, NULL),
	(2, 1, 8, 100.0, 100.0, 0, '<p></p><p><span style="font-weight: bold;">KETERANGAN</span></p><hr>KEHADIRAN:<p></p><ol><li>Hadir ( 92,5 s.d 95 )</li><li>Tidak Hadir (85)</li></ol><p></p><p>TINGKAT KEAKTIFAN<br></p><p></p><ol><li>Sangat Aktif ( 92,51 s.d 95 </li><li>Aktif ( 90,01 s.d 92,5 )</li><li>Cukup Aktif ( 87,51 s.d 90 )</li><li>Kurang Aktif ( 85,01 s.d 87,5 )</li><li>Tidak Aktif ( 85 )</li></ol><p></p><p>NILAI ETIKA<br></p><ol><li>Sangat Baik ( 92,51 s.d 95 )</li><li>Baik ( 90,01 s.d 92,5 </li><li>Cukup Baik ( 87,51 s.d 90 )</li><li>Kurang Baik ( 85,01 s.d 87,5 )</li><li>Tidak Baik ( 85 )</li><li>Bila tidak hadir ( 85 )<br></li></ol><p>Aspek etika:<br></p><ol><li>Aspek alam berpikir/gambaran alam berpikir peserta saat diskusi, misal : ide/gagasan konstruktif/logis/rasional, berpikir kritis didasari data/fakta.</li><li>Aspek perangai cara dan intonasi berkomunikasi peserta saat diskusi, misalnya: sopan santun dan lain-lain.</li><li>Aspek sikap perilaku, gambaran fisik yang ditunjukan peserta saat diskusi.</li></ol><p>KUALITAS TANGGAPAN<br></p><ol><li>Sangat berkualitas ( 92,51 s.d 95 )</li><li>Berkualitas ( 90,01 s.d 92,5 )</li><li>Cukup Berkualitas ( 87,51 s.d 90 )</li><li>Kurang berkualitas ( 85,01 s.d 87,5 )</li><li>Tidak berkualitas ( 85 )<br></li></ol><p>CATATAN:<br></p><ol><li>Rentang Nilai antara 85 s.d 95.</li><li>Nilai akhir tiga digit di belakang koma.</li></ol><p></p>'),
	(3, 1, 9, 30.0, 0.0, 0, NULL),
	(4, 1, 10, 30.0, 0.0, 0, NULL),
	(5, 1, 11, 40.0, 0.0, 0, NULL),
	(6, 1, 12, 0.0, 40.0, 0, NULL),
	(7, 1, 13, 0.0, 60.0, 0, NULL),
	(8, 1, 2, 0.0, 0.0, 0, NULL),
	(9, 1, 4, 0.0, 0.0, 0, NULL),
	(10, 1, 14, 78.0, 58.0, 0, NULL),
	(11, 1, 16, 0.0, 60.0, 0, NULL),
	(12, 1, 18, 0.0, 5.0, 0, NULL),
	(13, 1, 19, 0.0, 2.0, 0, NULL),
	(14, 1, 20, 0.0, 1.0, 0, NULL),
	(15, 1, 21, 0.0, 2.0, 0, NULL),
	(16, 1, 17, 0.0, 40.0, 0, NULL),
	(17, 1, 22, 0.0, 2.0, 0, NULL),
	(18, 1, 23, 0.0, 2.0, 0, NULL),
	(19, 1, 24, 0.0, 2.0, 0, NULL),
	(20, 1, 25, 0.0, 2.0, 0, NULL),
	(21, 1, 26, 0.0, 2.0, 0, NULL),
	(22, 1, 93, 30.0, 0.0, 0, NULL),
	(23, 1, 94, 30.0, 0.0, 0, NULL),
	(24, 1, 95, 40.0, 0.0, 0, NULL),
	(25, 1, 15, 22.0, 42.0, 0, NULL),
	(26, 1, 27, 0.0, 60.0, 0, NULL),
	(27, 1, 29, 0.0, 5.0, 0, NULL),
	(28, 1, 98, 40.0, 0.0, 0, NULL),
	(29, 1, 97, 30.0, 0.0, 0, NULL),
	(30, 1, 96, 30.0, 0.0, 0, NULL),
	(31, 1, 37, 0.0, 2.0, 0, NULL),
	(32, 1, 36, 0.0, 2.0, 0, NULL),
	(33, 1, 35, 0.0, 2.0, 0, NULL),
	(34, 1, 33, 0.0, 2.0, 0, NULL),
	(35, 1, 28, 0.0, 40.0, 0, NULL),
	(36, 1, 34, 0.0, 2.0, 0, NULL),
	(37, 1, 32, 0.0, 2.0, 0, NULL),
	(38, 1, 31, 0.0, 1.0, 0, NULL),
	(39, 1, 30, 0.0, 2.0, 0, NULL),
	(40, 1, 5, 0.0, 0.0, 0, NULL),
	(41, 1, 39, 27.0, 17.0, 0, NULL),
	(42, 1, 53, 20.0, 0.0, 0, NULL),
	(43, 1, 54, 20.0, 0.0, 0, NULL),
	(44, 1, 55, 30.0, 0.0, 0, NULL),
	(45, 1, 56, 30.0, 0.0, 0, NULL),
	(46, 1, 57, 0.0, 30.0, 0, NULL),
	(47, 1, 60, 0.0, 1.0, 0, NULL),
	(48, 1, 68, 0.0, 1.0, 0, NULL),
	(49, 1, 69, 0.0, 3.0, 0, NULL),
	(50, 1, 70, 0.0, 1.0, 0, NULL),
	(51, 1, 71, 0.0, 1.0, 0, NULL),
	(52, 1, 72, 0.0, 2.0, 0, NULL),
	(53, 1, 73, 0.0, 2.0, 0, NULL),
	(54, 1, 61, 0.0, 1.0, 0, NULL),
	(55, 1, 74, 0.0, 1.0, 0, NULL),
	(56, 1, 75, 0.0, 2.0, 0, NULL),
	(57, 1, 59, 0.0, 20.0, 0, NULL),
	(58, 1, 92, 0.0, 10.0, 0, NULL),
	(59, 1, 58, 0.0, 50.0, 0, NULL),
	(60, 1, 67, 0.0, 2.0, 0, NULL),
	(61, 1, 91, 0.0, 4.0, 0, NULL),
	(62, 1, 90, 0.0, 6.0, 0, NULL),
	(63, 1, 89, 0.0, 5.0, 0, NULL),
	(64, 1, 66, 0.0, 1.0, 0, NULL),
	(65, 1, 88, 0.0, 3.0, 0, NULL),
	(66, 1, 87, 0.0, 2.0, 0, NULL),
	(67, 1, 65, 0.0, 1.0, 0, NULL),
	(68, 1, 85, 0.0, 4.0, 0, NULL),
	(69, 1, 76, 0.0, 4.0, 0, NULL),
	(70, 1, 77, 0.0, 3.0, 0, NULL),
	(71, 1, 62, 0.0, 1.0, 0, NULL),
	(72, 1, 78, 0.0, 1.0, 0, NULL),
	(73, 1, 79, 0.0, 4.0, 0, NULL),
	(74, 1, 80, 0.0, 5.0, 0, NULL),
	(75, 1, 63, 0.0, 1.5, 0, NULL),
	(76, 1, 81, 0.0, 1.0, 0, NULL),
	(77, 1, 82, 0.0, 4.0, 0, NULL),
	(78, 1, 83, 0.0, 5.0, 0, NULL),
	(79, 1, 64, 0.0, 1.5, 0, NULL),
	(80, 1, 84, 0.0, 1.0, 0, NULL),
	(81, 1, 86, 0.0, 5.0, 0, NULL),
	(82, 1, 38, 27.0, 25.0, 0, NULL),
	(83, 1, 42, 20.0, 0.0, 0, NULL),
	(84, 1, 43, 20.0, 0.0, 0, NULL),
	(85, 1, 44, 30.0, 0.0, 0, NULL),
	(86, 1, 45, 30.0, 0.0, 0, NULL),
	(87, 1, 46, 0.0, 60.0, 0, NULL),
	(88, 1, 47, 0.0, 40.0, 0, NULL),
	(89, 1, 48, 0.0, 2.0, 0, NULL),
	(90, 1, 49, 0.0, 2.0, 0, NULL),
	(91, 1, 50, 0.0, 2.0, 0, NULL),
	(92, 1, 51, 0.0, 2.0, 0, NULL),
	(93, 1, 52, 0.0, 2.0, 0, NULL),
	(94, 1, 172, 0.0, 1.0, 0, NULL),
	(95, 1, 171, 0.0, 1.0, 0, NULL),
	(96, 1, 170, 0.0, 1.0, 0, NULL),
	(97, 1, 169, 0.0, 1.0, 0, NULL),
	(98, 1, 168, 0.0, 6.0, 0, NULL),
	(99, 1, 133, 0.0, 35.0, 0, NULL),
	(100, 1, 167, 0.0, 10.0, 0, NULL),
	(101, 1, 144, 0.0, 1.5, 0, NULL),
	(102, 1, 166, 0.0, 4.0, 0, NULL),
	(103, 1, 165, 0.0, 4.0, 0, NULL),
	(104, 1, 164, 0.0, 2.0, 0, NULL),
	(105, 1, 143, 0.0, 1.5, 0, NULL),
	(106, 1, 163, 0.0, 4.0, 0, NULL),
	(107, 1, 162, 0.0, 4.0, 0, NULL),
	(108, 1, 161, 0.0, 2.0, 0, NULL),
	(109, 1, 142, 0.0, 2.0, 0, NULL),
	(110, 1, 160, 0.0, 4.0, 0, NULL),
	(111, 1, 159, 0.0, 4.0, 0, NULL),
	(112, 1, 158, 0.0, 2.0, 0, NULL),
	(113, 1, 141, 0.0, 2.0, 0, NULL),
	(114, 1, 157, 0.0, 4.0, 0, NULL),
	(115, 1, 156, 0.0, 4.0, 0, NULL),
	(116, 1, 155, 0.0, 2.0, 0, NULL),
	(117, 1, 140, 0.0, 1.0, 0, NULL),
	(118, 1, 154, 0.0, 4.0, 0, NULL),
	(119, 1, 153, 0.0, 4.0, 0, NULL),
	(120, 1, 152, 0.0, 1.0, 0, NULL),
	(121, 1, 151, 0.0, 1.0, 0, NULL),
	(122, 1, 139, 0.0, 1.0, 0, NULL),
	(123, 1, 150, 0.0, 1.0, 0, NULL),
	(124, 1, 149, 0.0, 2.0, 0, NULL),
	(125, 1, 148, 0.0, 2.5, 0, NULL),
	(126, 1, 147, 0.0, 1.5, 0, NULL),
	(127, 1, 146, 0.0, 2.0, 0, NULL),
	(128, 1, 40, 7.0, 20.0, 0, NULL),
	(129, 1, 99, 30.0, 0.0, 0, NULL),
	(130, 1, 100, 30.0, 0.0, 0, NULL),
	(131, 1, 101, 40.0, 0.0, 0, NULL),
	(132, 1, 102, 0.0, 10.0, 0, NULL),
	(133, 1, 103, 0.0, 20.0, 0, NULL),
	(134, 1, 104, 0.0, 20.0, 0, NULL),
	(135, 1, 105, 0.0, 20.0, 0, NULL),
	(136, 1, 106, 0.0, 30.0, 0, NULL),
	(137, 1, 41, 39.0, 38.0, 0, NULL),
	(138, 1, 107, 40.0, 20.0, 0, NULL),
	(139, 1, 112, 20.0, 0.0, 0, NULL),
	(140, 1, 113, 20.0, 0.0, 0, NULL),
	(141, 1, 114, 30.0, 0.0, 0, NULL),
	(142, 1, 115, 30.0, 0.0, 0, NULL),
	(143, 1, 116, 0.0, 30.0, 0, NULL),
	(144, 1, 117, 0.0, 20.0, 0, NULL),
	(145, 1, 118, 0.0, 30.0, 0, NULL),
	(146, 1, 119, 0.0, 20.0, 0, NULL),
	(147, 1, 108, 60.0, 30.0, 0, NULL),
	(148, 1, 120, 20.0, 0.0, 0, NULL),
	(149, 1, 121, 20.0, 0.0, 0, NULL),
	(150, 1, 122, 30.0, 0.0, 0, NULL),
	(151, 1, 123, 30.0, 0.0, 0, NULL),
	(152, 1, 124, 0.0, 30.0, 0, NULL),
	(153, 1, 125, 0.0, 20.0, 0, NULL),
	(154, 1, 126, 0.0, 30.0, 0, NULL),
	(155, 1, 127, 0.0, 20.0, 0, NULL),
	(156, 1, 6, 0.0, 0.0, 0, NULL),
	(157, 1, 128, 41.0, 52.0, 0, NULL),
	(158, 1, 173, 10.0, 0.0, 0, NULL),
	(159, 1, 174, 30.0, 0.0, 0, NULL),
	(160, 1, 175, 30.0, 0.0, 0, NULL),
	(161, 1, 176, 30.0, 0.0, 0, NULL),
	(162, 1, 177, 0.0, 65.0, 0, NULL),
	(163, 1, 178, 0.0, 35.0, 0, NULL),
	(164, 1, 179, 0.0, 2.0, 0, NULL),
	(165, 1, 180, 0.0, 1.0, 0, NULL),
	(166, 1, 181, 0.0, 2.0, 0, NULL),
	(167, 1, 182, 0.0, 2.0, 0, NULL),
	(168, 1, 183, 0.0, 3.0, 0, NULL),
	(169, 1, 7, 0.0, 0.0, 0, NULL),
	(170, 1, 130, 0.0, 100.0, 0, NULL),
	(171, 1, 184, 0.0, 60.0, 0, NULL),
	(172, 1, 186, 0.0, 30.0, 0, NULL),
	(173, 1, 187, 0.0, 30.0, 0, NULL),
	(174, 1, 188, 0.0, 40.0, 0, NULL),
	(175, 1, 185, 0.0, 40.0, 0, NULL),
	(176, 1, 189, 0.0, 1.0, 0, NULL),
	(177, 1, 196, 0.0, 1.0, 0, NULL),
	(178, 1, 197, 0.0, 2.0, 0, NULL),
	(179, 1, 198, 0.0, 1.5, 0, NULL),
	(180, 1, 200, 0.0, 2.0, 0, NULL),
	(181, 1, 199, 0.0, 2.5, 0, NULL),
	(182, 1, 201, 0.0, 1.0, 0, NULL),
	(183, 1, 190, 0.0, 1.0, 0, NULL),
	(184, 1, 202, 0.0, 1.0, 0, NULL),
	(185, 1, 203, 0.0, 1.0, 0, NULL),
	(186, 1, 204, 0.0, 4.0, 0, NULL),
	(187, 1, 205, 0.0, 4.0, 0, NULL),
	(188, 1, 191, 0.0, 1.0, 0, NULL),
	(189, 1, 206, 0.0, 2.0, 0, NULL),
	(190, 1, 207, 0.0, 4.0, 0, NULL),
	(191, 1, 208, 0.0, 4.0, 0, NULL),
	(192, 1, 192, 0.0, 2.0, 0, NULL),
	(193, 1, 209, 0.0, 1.0, 0, NULL),
	(194, 1, 210, 0.0, 4.0, 0, NULL),
	(195, 1, 211, 0.0, 5.0, 0, NULL),
	(196, 1, 193, 0.0, 2.0, 0, NULL),
	(197, 1, 212, 0.0, 1.0, 0, NULL),
	(198, 1, 213, 0.0, 4.0, 0, NULL),
	(199, 1, 214, 0.0, 5.0, 0, NULL),
	(200, 1, 194, 0.0, 1.5, 0, NULL),
	(201, 1, 215, 0.0, 2.0, 0, NULL),
	(202, 1, 216, 0.0, 4.0, 0, NULL),
	(203, 1, 217, 0.0, 4.0, 0, NULL),
	(204, 1, 195, 0.0, 1.5, 0, NULL),
	(205, 1, 218, 0.0, 10.0, 0, NULL),
	(206, 1, 3, 0.0, 0.0, 0, NULL),
	(207, 1, 131, 0.0, 30.0, 0, NULL),
	(208, 1, 134, 40.0, 0.0, 0, NULL),
	(209, 1, 135, 60.0, 0.0, 0, NULL),
	(210, 1, 136, 0.0, 40.0, 0, NULL),
	(211, 1, 137, 0.0, 60.0, 0, NULL),
	(212, 1, 132, 0.0, 35.0, 0, NULL),
	(213, 1, 138, 0.0, 1.0, 0, NULL),
	(214, 1, 145, 0.0, 1.0, 0, NULL),
	(215, 1, 129, 59.0, 48.0, 0, NULL),
	(216, 1, 303, 0.0, 6.0, 0, NULL),
	(217, 1, 302, 0.0, 4.0, 0, NULL),
	(218, 1, 279, 0.0, 1.0, 0, NULL),
	(219, 1, 301, 0.0, 2.0, 0, NULL),
	(220, 1, 300, 0.0, 2.0, 0, NULL),
	(221, 1, 299, 0.0, 1.0, 0, NULL),
	(222, 1, 298, 0.0, 2.0, 0, NULL),
	(223, 1, 297, 0.0, 1.0, 0, NULL),
	(224, 1, 296, 0.0, 2.0, 0, NULL),
	(225, 1, 278, 0.0, 3.0, 0, NULL),
	(226, 1, 295, 0.0, 2.0, 0, NULL),
	(227, 1, 294, 0.0, 3.0, 0, NULL),
	(228, 1, 293, 0.0, 3.0, 0, NULL),
	(229, 1, 292, 0.0, 2.0, 0, NULL),
	(230, 1, 277, 0.0, 2.0, 0, NULL),
	(231, 1, 291, 0.0, 2.0, 0, NULL),
	(232, 1, 290, 0.0, 3.0, 0, NULL),
	(233, 1, 289, 0.0, 3.0, 0, NULL),
	(234, 1, 288, 0.0, 2.0, 0, NULL),
	(235, 1, 276, 0.0, 2.0, 0, NULL),
	(236, 1, 287, 0.0, 3.0, 0, NULL),
	(237, 1, 286, 0.0, 4.0, 0, NULL),
	(238, 1, 285, 0.0, 3.0, 0, NULL),
	(239, 1, 284, 0.0, 1.0, 0, NULL),
	(240, 1, 283, 0.0, 2.0, 0, NULL),
	(241, 1, 275, 0.0, 1.0, 0, NULL),
	(242, 1, 282, 0.0, 2.0, 0, NULL),
	(243, 1, 281, 0.0, 2.0, 0, NULL),
	(244, 1, 280, 0.0, 3.0, 0, NULL),
	(245, 1, 274, 0.0, 1.0, 0, NULL),
	(246, 1, 265, 0.0, 4.0, 0, NULL),
	(247, 1, 273, 0.0, 20.0, 0, NULL),
	(248, 1, 272, 0.0, 30.0, 0, NULL),
	(249, 1, 271, 0.0, 20.0, 0, NULL),
	(250, 1, 270, 0.0, 30.0, 0, NULL),
	(251, 1, 269, 30.0, 0.0, 0, NULL),
	(252, 1, 268, 30.0, 0.0, 0, NULL),
	(253, 1, 267, 20.0, 0.0, 0, NULL),
	(254, 1, 266, 20.0, 0.0, 0, NULL),
	(255, 1, 256, 0.0, 0.0, 0, NULL),
	(256, 1, 264, 0.0, 20.0, 0, NULL),
	(257, 1, 263, 0.0, 30.0, 0, NULL),
	(258, 1, 262, 0.0, 20.0, 0, NULL),
	(259, 1, 261, 0.0, 30.0, 0, NULL),
	(260, 1, 260, 30.0, 0.0, 0, NULL),
	(261, 1, 259, 30.0, 0.0, 0, NULL),
	(262, 1, 258, 20.0, 0.0, 0, NULL),
	(263, 1, 257, 20.0, 0.0, 0, NULL),
	(264, 1, 255, 0.0, 6.0, 0, NULL),
	(265, 1, 254, 0.0, 6.0, 0, NULL),
	(266, 1, 253, 0.0, 4.0, 0, NULL),
	(267, 1, 224, 0.0, 2.0, 0, NULL),
	(268, 1, 252, 0.0, 1.0, 0, NULL),
	(269, 1, 251, 0.0, 1.5, 0, NULL),
	(270, 1, 250, 0.0, 1.0, 0, NULL),
	(271, 1, 249, 0.0, 1.5, 0, NULL),
	(272, 1, 248, 0.0, 1.0, 0, NULL),
	(273, 1, 247, 0.0, 1.0, 0, NULL),
	(274, 1, 246, 0.0, 1.0, 0, NULL),
	(275, 1, 245, 0.0, 1.0, 0, NULL),
	(276, 1, 244, 0.0, 1.0, 0, NULL),
	(277, 1, 223, 0.0, 3.0, 0, NULL),
	(278, 1, 243, 0.0, 3.0, 0, NULL),
	(279, 1, 242, 0.0, 3.0, 0, NULL),
	(280, 1, 241, 0.0, 3.0, 0, NULL),
	(281, 1, 240, 0.0, 1.0, 0, NULL),
	(282, 1, 222, 0.0, 1.5, 0, NULL),
	(283, 1, 239, 0.0, 2.0, 0, NULL),
	(284, 1, 238, 0.0, 3.0, 0, NULL),
	(285, 1, 237, 0.0, 4.0, 0, NULL),
	(286, 1, 236, 0.0, 1.0, 0, NULL),
	(287, 1, 221, 0.0, 1.5, 0, NULL),
	(288, 1, 235, 0.0, 2.0, 0, NULL),
	(289, 1, 234, 0.0, 3.0, 0, NULL),
	(290, 1, 233, 0.0, 2.0, 0, NULL),
	(291, 1, 232, 0.0, 2.0, 0, NULL),
	(292, 1, 231, 0.0, 1.0, 0, NULL),
	(293, 1, 220, 0.0, 1.0, 0, NULL),
	(294, 1, 230, 0.0, 1.0, 0, NULL),
	(295, 1, 229, 0.0, 2.0, 0, NULL),
	(296, 1, 228, 0.0, 2.0, 0, NULL),
	(297, 1, 227, 0.0, 2.0, 0, NULL),
	(298, 1, 226, 0.0, 3.0, 0, NULL),
	(299, 1, 219, 0.0, 1.0, 0, NULL),
	(300, 1, 225, 0.0, 50.0, 0, NULL),
	(301, 1, 304, 0.0, 100.0, 0, NULL),
	(302, 1, 305, 0.0, 100.0, 0, NULL);
/*!40000 ALTER TABLE `ev_bagan_detail` ENABLE KEYS */;

-- Dumping structure for table eval.ev_bagan_pendidikan
CREATE TABLE IF NOT EXISTS `ev_bagan_pendidikan` (
  `id` int(11) NOT NULL AUTO_INCREMENT,
  `name` varchar(500) NOT NULL,
  `jenis_pendidikan_id` int(11) NOT NULL,
  `tahun` varchar(100) NOT NULL,
  PRIMARY KEY (`id`)
) ENGINE=InnoDB AUTO_INCREMENT=2 DEFAULT CHARSET=latin1;

-- Dumping data for table eval.ev_bagan_pendidikan: ~0 rows (approximately)
/*!40000 ALTER TABLE `ev_bagan_pendidikan` DISABLE KEYS */;
INSERT INTO `ev_bagan_pendidikan` (`id`, `name`, `jenis_pendidikan_id`, `tahun`) VALUES
	(1, 'Bagan PPRA X', 1, '2018');
/*!40000 ALTER TABLE `ev_bagan_pendidikan` ENABLE KEYS */;

-- Dumping structure for table eval.ev_bidang
CREATE TABLE IF NOT EXISTS `ev_bidang` (
  `id` int(11) NOT NULL AUTO_INCREMENT,
  `name` varchar(255) NOT NULL,
  PRIMARY KEY (`id`)
) ENGINE=InnoDB AUTO_INCREMENT=22 DEFAULT CHARSET=utf8;

-- Dumping data for table eval.ev_bidang: ~20 rows (approximately)
/*!40000 ALTER TABLE `ev_bidang` DISABLE KEYS */;
INSERT INTO `ev_bidang` (`id`, `name`) VALUES
	(1, 'STRATEGI'),
	(2, 'KEPEMIMPINAN'),
	(3, 'GEOGRAFI'),
	(4, 'POLITIK'),
	(6, 'WASANTARA'),
	(7, 'SKA'),
	(8, 'SISMENNAS'),
	(9, 'DIPLOMASI'),
	(10, 'TANNAS'),
	(11, 'IDEOLOGI'),
	(12, 'DEMOGRAFI'),
	(13, 'HUKUM DAN HAM'),
	(14, 'HANKAM'),
	(15, 'IPTEK'),
	(16, 'EKONOMI'),
	(17, 'SOSIAL BUDAYA'),
	(18, 'KEPENDUDUKAN'),
	(19, 'ILPENGTEG'),
	(20, 'HUBUNGAN INTERNASIONAL'),
	(21, 'GEOSTRAT');
/*!40000 ALTER TABLE `ev_bidang` ENABLE KEYS */;

-- Dumping structure for table eval.ev_bidang_studi
CREATE TABLE IF NOT EXISTS `ev_bidang_studi` (
  `id` int(11) NOT NULL AUTO_INCREMENT,
  `jenis_bidang_studi_id` int(11) NOT NULL,
  `name` varchar(255) NOT NULL,
  `status_asing` tinyint(1) NOT NULL,
  PRIMARY KEY (`id`)
) ENGINE=InnoDB AUTO_INCREMENT=35 DEFAULT CHARSET=latin1;

-- Dumping data for table eval.ev_bidang_studi: ~30 rows (approximately)
/*!40000 ALTER TABLE `ev_bidang_studi` DISABLE KEYS */;
INSERT INTO `ev_bidang_studi` (`id`, `jenis_bidang_studi_id`, `name`, `status_asing`) VALUES
	(1, 1, 'Pancasila dan Undang-Undang Dasar 1945', 0),
	(3, 1, 'Ketahanan Nasional', 0),
	(4, 1, 'Sistem Manajemen Nasional', 0),
	(5, 1, 'Teori Dasar Strategi', 0),
	(6, 1, 'Kewaspadaan Nasional', 0),
	(7, 1, 'Kepemimpinan', 0),
	(8, 2, 'Geografi', 0),
	(9, 2, 'Demografi', 0),
	(10, 2, 'Sumber Kekayaan Alam (SKA)', 0),
	(11, 2, 'Politik', 0),
	(13, 2, 'Hukum Dan Hak Asasi Manusia', 0),
	(14, 2, 'Ekonomi', 0),
	(15, 2, 'Sosial Budaya2', 0),
	(16, 2, 'Ilmu Pengetahuan Dan Teknologi', 0),
	(17, 2, 'Pertahanan dan Keamanan', 0),
	(18, 3, 'Isu Global Kontenporer', 0),
	(19, 3, 'Regional', 0),
	(20, 3, 'Organisasi Internasional', 0),
	(21, 4, 'Studi Strategis Dalam Negeri (SSDN)', 0),
	(22, 4, 'Studi Strategis Luar Negeri (SSLN)', 0),
	(23, 5, 'Taskap', 0),
	(25, 1, 'Wawasan Nusantara', 0),
	(26, 1, 'Demografi', 0),
	(28, 4, 'Diskusi Kelompok I', 0),
	(29, 4, 'Diskusi Kelompok II', 0),
	(30, 4, 'Diskusi Kelompok III', 0),
	(31, 4, 'Diskusi Antar Kelompok I', 0),
	(32, 4, 'Diskusi Antar Kelompok II', 0),
	(33, 4, 'Diskusi Antar Kelompok III', 0),
	(34, 4, 'Praktik Kepemimpinan', 0);
/*!40000 ALTER TABLE `ev_bidang_studi` ENABLE KEYS */;

-- Dumping structure for table eval.ev_elemen_penilaian
CREATE TABLE IF NOT EXISTS `ev_elemen_penilaian` (
  `id` int(11) NOT NULL AUTO_INCREMENT,
  `name` varchar(255) NOT NULL,
  `parent_id` int(11) NOT NULL DEFAULT '0',
  `tipe_bobot` tinyint(1) NOT NULL COMMENT 'bobot percentage / bobot 10',
  `tipe_akademis` tinyint(1) NOT NULL COMMENT 'akademis 0 /non-akademis 1',
  `is_produk` tinyint(4) NOT NULL DEFAULT '0' COMMENT '1=produk_esai',
  `tipe_kelompok` tinyint(1) NOT NULL COMMENT '0=personal, 1=kelompok',
  `is_show` tinyint(1) NOT NULL COMMENT '0=hide, 1=show',
  `is_taskap` tinyint(1) NOT NULL DEFAULT '0',
  PRIMARY KEY (`id`)
) ENGINE=InnoDB AUTO_INCREMENT=306 DEFAULT CHARSET=latin1;

-- Dumping data for table eval.ev_elemen_penilaian: ~302 rows (approximately)
/*!40000 ALTER TABLE `ev_elemen_penilaian` DISABLE KEYS */;
INSERT INTO `ev_elemen_penilaian` (`id`, `name`, `parent_id`, `tipe_bobot`, `tipe_akademis`, `is_produk`, `tipe_kelompok`, `is_show`, `is_taskap`) VALUES
	(1, 'Off Campus', 0, 0, 0, 0, 0, 0, 0),
	(2, 'On Campus', 0, 0, 0, 0, 0, 0, 0),
	(3, 'TASKAP', 0, 0, 0, 0, 0, 0, 0),
	(4, 'Blok 1', 2, 0, 0, 0, 0, 0, 0),
	(5, 'Blok 2', 2, 0, 0, 0, 0, 0, 0),
	(6, 'Blok 3', 2, 0, 0, 0, 0, 0, 0),
	(7, 'Blok 4', 2, 0, 0, 0, 0, 0, 0),
	(8, 'KJJ', 1, 0, 0, 0, 0, 1, 0),
	(9, 'Kehadiran', 8, 0, 1, 0, 0, 0, 0),
	(10, 'Keaktifan', 8, 0, 1, 0, 0, 0, 0),
	(11, 'Etika', 8, 0, 1, 0, 0, 0, 0),
	(12, 'Chating', 8, 0, 0, 0, 0, 0, 0),
	(13, 'Video Conference', 8, 0, 0, 0, 0, 0, 0),
	(14, 'Esai BSI+STRA', 4, 0, 0, 0, 0, 1, 0),
	(15, 'Esai LINGSTRA', 4, 0, 0, 0, 0, 1, 0),
	(16, 'Paparan Esai', 14, 0, 0, 0, 0, 0, 0),
	(17, 'Produk Esai', 14, 0, 0, 0, 0, 0, 0),
	(18, 'Penguasaan Materi', 16, 1, 0, 0, 0, 0, 0),
	(19, 'Percaya diri / kemampuan presentasi', 16, 1, 0, 0, 0, 0, 0),
	(20, 'Penggunaan waktu', 16, 1, 0, 0, 0, 0, 0),
	(21, 'Penggunaan alin alongins', 16, 1, 0, 0, 0, 0, 0),
	(22, 'Tingkat aktualitas permasalahan dan kesesuaian dengan BS yang dibahas', 17, 1, 0, 0, 0, 0, 0),
	(23, 'Ketepatan pemilihan dasar teori dan rujukan', 17, 1, 0, 0, 0, 0, 0),
	(24, 'Ketajaman analisis', 17, 1, 0, 0, 0, 0, 0),
	(25, 'Kerjasama dalam perumusan simpulan atau preposisi', 17, 1, 0, 0, 0, 0, 0),
	(26, 'Komprehensifnes penulisan', 17, 1, 0, 0, 0, 0, 0),
	(27, 'Paparan Esai', 15, 0, 0, 0, 0, 0, 0),
	(28, 'Produk Esai', 15, 0, 0, 0, 0, 0, 0),
	(29, 'Penguasaan Materi', 27, 1, 0, 0, 0, 0, 0),
	(30, 'Percaya diri / kemampuan presentasi', 27, 1, 0, 0, 0, 0, 0),
	(31, 'Penggunaan waktu', 27, 1, 0, 0, 0, 0, 0),
	(32, 'Penggunaan alin alongins', 27, 1, 0, 0, 0, 0, 0),
	(33, 'Tingkat aktualitas permasalahan dan kesesuaian dengan BS yang dibahas', 28, 1, 0, 0, 0, 0, 0),
	(34, 'Ketepatan pemilihan dasar teori dan rujukan', 28, 1, 0, 0, 0, 0, 0),
	(35, 'Ketajaman analisis', 28, 1, 0, 0, 0, 0, 0),
	(36, 'Kerjasama dalam perumusan simpulan atau preposisi', 28, 1, 0, 0, 0, 0, 0),
	(37, 'Komprehensifnes penulisan', 28, 1, 0, 0, 0, 0, 0),
	(38, 'DK', 5, 0, 0, 0, 1, 1, 0),
	(39, 'DAK', 5, 0, 0, 0, 0, 1, 0),
	(40, 'P. LABKUR', 5, 0, 0, 0, 0, 1, 0),
	(41, 'SSDN', 5, 0, 0, 0, 0, 0, 0),
	(42, 'Kehadiran', 38, 0, 1, 0, 0, 0, 0),
	(43, 'Keaktifan', 38, 0, 1, 0, 0, 0, 0),
	(44, 'Etika', 38, 0, 1, 0, 0, 0, 0),
	(45, 'Kerjasama', 38, 0, 1, 0, 0, 0, 0),
	(46, 'Kualitas Paparan', 38, 0, 0, 0, 0, 0, 0),
	(47, 'NIlai Produk', 38, 0, 0, 0, 0, 0, 0),
	(48, 'Latar Belakang', 47, 1, 0, 0, 0, 0, 0),
	(49, 'Rumusan Masalah', 47, 1, 0, 0, 0, 0, 0),
	(50, 'Ruang Lingkup', 47, 1, 0, 0, 0, 0, 0),
	(51, 'Referensi/Acuan', 47, 1, 0, 0, 0, 0, 0),
	(52, 'Alur Pikir', 47, 1, 0, 0, 0, 0, 0),
	(53, 'Kehadiran', 39, 0, 1, 0, 0, 0, 0),
	(54, 'Keaktifan', 39, 0, 1, 0, 0, 0, 0),
	(55, 'Etika', 39, 0, 1, 0, 0, 0, 0),
	(56, 'Kerjasama', 39, 0, 1, 0, 0, 0, 0),
	(57, 'Nilai Produk', 39, 0, 0, 0, 1, 0, 0),
	(58, 'Nilai Paparan', 39, 0, 0, 0, 0, 0, 0),
	(59, 'Nilai Penguasaan Materi', 39, 0, 0, 0, 0, 0, 0),
	(60, 'Bab I - Pendahuluan', 57, 1, 0, 0, 1, 0, 0),
	(61, 'Bab II - Landasan Pemikiran', 57, 1, 0, 0, 1, 0, 0),
	(62, 'Bab III - Faktor-faktor Lingkungan Strategis yang Berpengaruh', 57, 1, 0, 0, 1, 0, 0),
	(63, 'Bab IV - Analisis Kata Kunci -1', 57, 1, 0, 0, 1, 0, 0),
	(64, 'Bab V - Analisis Kata Kunci -2', 57, 1, 0, 0, 1, 0, 0),
	(65, 'Bab VI - Penutup', 57, 1, 0, 0, 1, 0, 0),
	(66, 'Daftar Pustaka, Pola Pikir', 57, 1, 0, 0, 1, 0, 0),
	(67, 'Komprehensifnes Tulisan', 57, 1, 0, 0, 1, 0, 0),
	(68, 'Umum', 60, 1, 0, 0, 1, 0, 0),
	(69, 'Perumusan Masalah', 60, 1, 0, 0, 1, 0, 0),
	(70, 'Maksud dan Tujuan', 60, 1, 0, 0, 1, 0, 0),
	(71, 'Ruang Lingkup dan Sistematika', 60, 1, 0, 0, 1, 0, 0),
	(72, 'Metode dan Pendekatan', 60, 1, 0, 0, 1, 0, 0),
	(73, 'Pengertian', 60, 1, 0, 0, 1, 0, 0),
	(74, 'Umum', 61, 1, 0, 0, 1, 0, 0),
	(75, 'Peraturan Perundang-undangan', 61, 1, 0, 0, 1, 0, 0),
	(76, 'Kerangka Teoritis', 61, 1, 0, 0, 1, 0, 0),
	(77, 'Hasil Analisis', 61, 1, 0, 0, 1, 0, 0),
	(78, 'Umum', 62, 1, 0, 0, 1, 0, 0),
	(79, 'Faktor-faktor yang Berpengaruh', 62, 1, 0, 0, 1, 0, 0),
	(80, 'Hasil Analisis', 62, 1, 0, 0, 1, 0, 0),
	(81, 'Umum', 63, 1, 0, 0, 1, 0, 0),
	(82, 'Analisis Kata Kunci -1', 63, 1, 0, 0, 1, 0, 0),
	(83, 'Hasil Analisis', 63, 1, 0, 0, 1, 0, 0),
	(84, 'Umum', 64, 1, 0, 0, 1, 0, 0),
	(85, 'Analisis Kata Kunci -2', 64, 1, 0, 0, 1, 0, 0),
	(86, 'Hasil Analisis', 64, 1, 0, 0, 1, 0, 0),
	(87, 'Umum', 65, 1, 0, 0, 1, 0, 0),
	(88, 'Simpulan', 65, 1, 0, 0, 1, 0, 0),
	(89, 'Rekomendasi', 65, 1, 0, 0, 1, 0, 0),
	(90, 'Relevansi Daftar Pustaka dengan Isi', 66, 1, 0, 0, 1, 0, 0),
	(91, 'Pola Pikir', 66, 1, 0, 0, 1, 0, 0),
	(92, 'Tingkat Komprehensifnes Tulisan', 67, 1, 0, 0, 1, 0, 0),
	(93, 'Kehadiran', 14, 0, 1, 0, 0, 0, 0),
	(94, 'Keaktifan', 14, 0, 1, 0, 0, 0, 0),
	(95, 'Etika', 14, 0, 1, 0, 0, 0, 0),
	(96, 'Kehadiran', 15, 0, 1, 0, 0, 0, 0),
	(97, 'Keaktifan', 15, 0, 1, 0, 0, 0, 0),
	(98, 'Etika', 15, 0, 1, 0, 0, 0, 0),
	(99, 'Kehadiran', 40, 0, 1, 0, 0, 0, 0),
	(100, 'Keaktifan', 40, 0, 1, 0, 0, 0, 0),
	(101, 'Tingkat Kerma/Kontribusi', 40, 0, 1, 0, 0, 0, 0),
	(102, 'Instrumen Diagnosis Isues Strategis', 40, 0, 0, 0, 0, 0, 0),
	(103, 'Evaluasi dan Penentuan Skala Prioritas  (Bobot Strategis dari Indikator dan Variabel)', 40, 0, 0, 0, 0, 0, 0),
	(104, 'Perumusan isu-isu strategis wilayah', 40, 0, 0, 0, 0, 0, 0),
	(105, 'Kualitas Pertanyaan', 40, 0, 0, 0, 0, 0, 0),
	(106, 'Rumusan Prediksi Persoalan Potensial dan rekomendasi kebijakan serta langkah-langkah penanganan', 40, 0, 0, 0, 0, 0, 0),
	(107, 'Kegiatan Lapangan', 41, 0, 0, 0, 0, 1, 0),
	(108, 'Kegiatan Penyusunan Laporan', 41, 0, 0, 0, 0, 1, 0),
	(112, 'Kehadiran', 107, 0, 1, 0, 0, 0, 0),
	(113, 'Keaktifan', 107, 0, 1, 0, 0, 0, 0),
	(114, 'Etika', 107, 0, 1, 0, 0, 0, 0),
	(115, 'Kerja sama', 107, 0, 1, 0, 0, 0, 0),
	(116, 'Produk', 107, 0, 0, 0, 0, 0, 0),
	(117, 'Kualitas Data', 107, 0, 0, 0, 0, 0, 0),
	(118, 'Paparan', 107, 0, 0, 0, 0, 0, 0),
	(119, 'Penguasaan Materi (Tanya Jawab)', 107, 0, 0, 0, 0, 0, 0),
	(120, 'Kehadiran', 108, 0, 1, 0, 0, 0, 0),
	(121, 'Keaktifan', 108, 0, 1, 0, 0, 0, 0),
	(122, 'Etika', 108, 0, 1, 0, 0, 0, 0),
	(123, 'Kerja sama', 108, 0, 1, 0, 0, 0, 0),
	(124, 'Produk', 108, 0, 0, 0, 0, 0, 0),
	(125, 'Kualitas Data', 108, 0, 0, 0, 0, 0, 0),
	(126, 'Paparan', 108, 0, 0, 0, 0, 0, 0),
	(127, 'Penguasaan Materi (Tanya Jawab)', 108, 0, 0, 0, 0, 0, 0),
	(128, 'OLAH SISMENNAS', 6, 0, 0, 0, 0, 1, 0),
	(129, 'SSLN', 6, 0, 0, 0, 0, 1, 0),
	(130, 'SEMINAR', 7, 0, 0, 0, 0, 0, 0),
	(131, 'Tutorial TASKAP', 3, 0, 0, 0, 0, 1, 1),
	(132, 'Uji Tulis TASKAP', 3, 0, 0, 0, 0, 1, 1),
	(133, 'Uji Saji TASKAP', 3, 0, 0, 0, 0, 1, 1),
	(134, 'Keaktifan', 131, 0, 1, 0, 0, 0, 1),
	(135, 'Etika', 131, 0, 1, 0, 0, 0, 1),
	(136, 'Penguasaan Materi', 131, 0, 0, 0, 0, 0, 1),
	(137, 'Kualitas Tulisan', 131, 0, 0, 0, 0, 0, 1),
	(138, 'Bab I - Pendahuluan', 304, 1, 0, 0, 0, 0, 1),
	(139, 'Bab II - Landasan Pemikiran', 304, 1, 0, 0, 0, 0, 1),
	(140, 'Bab III - Faktor-Faktor Lingkungan Strategis yang Berpengaruh', 304, 1, 0, 0, 0, 0, 1),
	(141, 'Bab IV - Analisis Variabel - 1', 304, 1, 0, 0, 0, 0, 1),
	(142, 'Bab V - Analisis Variabel - 2', 304, 1, 0, 0, 0, 0, 1),
	(143, 'Bab VI - Penutup', 304, 1, 0, 0, 0, 0, 1),
	(144, 'Komprehensifnes Tulisan', 304, 1, 0, 0, 0, 0, 1),
	(145, 'Umum', 138, 1, 0, 0, 0, 0, 1),
	(146, 'Perumusan Masalah', 138, 1, 0, 0, 0, 0, 1),
	(147, 'Maksud dan Tujuan', 138, 1, 0, 0, 0, 0, 1),
	(148, 'Ruang Lingkup dan Sistematika', 138, 1, 0, 0, 0, 0, 1),
	(149, 'Metode dan Pendekatan', 138, 1, 0, 0, 0, 0, 1),
	(150, 'Pengertian', 138, 1, 0, 0, 0, 0, 1),
	(151, 'Umum', 139, 1, 0, 0, 0, 0, 1),
	(152, 'Peraturan Perundang-undangan', 139, 1, 0, 0, 0, 0, 1),
	(153, 'Kerangka Teoritis', 139, 1, 0, 0, 0, 0, 1),
	(154, 'Hasil Analisis', 139, 1, 0, 0, 0, 0, 1),
	(155, 'Umum', 140, 1, 0, 0, 0, 0, 1),
	(156, 'Faktor-faktor yang Berpengaruh', 140, 1, 0, 0, 0, 0, 1),
	(157, 'Hasil Analisis', 140, 1, 0, 0, 0, 0, 1),
	(158, 'Umum', 141, 1, 0, 0, 0, 0, 1),
	(159, 'Analisis Variabel - 1', 141, 1, 0, 0, 0, 0, 1),
	(160, 'Hasil Analisis', 141, 1, 0, 0, 0, 0, 1),
	(161, 'Umum', 142, 1, 0, 0, 0, 0, 1),
	(162, 'Analisis Variabel - 2', 142, 1, 0, 0, 0, 0, 1),
	(163, 'Hasil Analisis', 142, 1, 0, 0, 0, 0, 1),
	(164, 'Umum', 143, 1, 0, 0, 0, 0, 1),
	(165, 'Simpulan', 143, 1, 0, 0, 0, 0, 1),
	(166, 'Rekomendasi', 143, 1, 0, 0, 0, 0, 1),
	(167, 'Tingkat Komprehensifnes Tulisan', 144, 1, 0, 0, 0, 0, 1),
	(168, 'Penguasaan Materi', 305, 1, 0, 0, 0, 0, 1),
	(169, 'Percaya Diri / Kemampuan Presentasi', 305, 1, 0, 0, 0, 0, 1),
	(170, 'Penggunaan Waktu', 305, 1, 0, 0, 0, 0, 1),
	(171, 'Penggunaan Alin Alongins', 305, 1, 0, 0, 0, 0, 1),
	(172, 'Etika', 305, 1, 0, 0, 0, 0, 1),
	(173, 'Kehadiran', 128, 0, 1, 0, 0, 0, 0),
	(174, 'Kualitas Peran', 128, 0, 1, 0, 0, 0, 0),
	(175, 'Kualitas Penugasan', 128, 0, 1, 0, 0, 0, 0),
	(176, 'Kualitas Kerja Sama', 128, 0, 1, 0, 0, 0, 0),
	(177, 'Nilai Kegiatan', 128, 0, 0, 0, 0, 0, 0),
	(178, 'Nilai Produk', 128, 0, 0, 0, 0, 0, 0),
	(179, 'Keluasan Cakupan (Na)', 178, 1, 0, 0, 0, 0, 0),
	(180, 'Kejelasan Substansi (Nb)', 178, 1, 0, 0, 0, 0, 0),
	(181, 'Isi Bahasan (Nc)', 178, 1, 0, 0, 0, 0, 0),
	(182, 'Kualitas Data (Nd)', 178, 1, 0, 0, 0, 0, 0),
	(183, 'Relevansi Analisis dengan Kepentingan Nasional (Ne)', 178, 1, 0, 0, 0, 0, 0),
	(184, 'Nilai Aktivitas Seminar', 130, 0, 0, 0, 0, 0, 0),
	(185, 'Nilai Produk Seminar', 130, 0, 0, 0, 0, 0, 0),
	(186, 'Kehadiran', 184, 0, 0, 0, 0, 0, 0),
	(187, 'Keaktifan', 184, 0, 0, 0, 0, 0, 0),
	(188, 'Kualitas Tanya Jawab', 184, 0, 0, 0, 0, 0, 0),
	(189, 'Bab I - Pendahuluan', 185, 1, 0, 0, 0, 0, 0),
	(190, 'Bab II - Landasan Pemikiran', 185, 1, 0, 0, 0, 0, 0),
	(191, 'Bab III - Faktor-Faktor Lingkungan Strategis yang Berpengaruh', 185, 1, 0, 0, 0, 0, 0),
	(192, 'Bab IV - Analisis Variabel - 1', 185, 1, 0, 0, 0, 0, 0),
	(193, 'Bab V - Analisis Variabel - 2', 185, 1, 0, 0, 0, 0, 0),
	(194, 'Bab VI - Penutup', 185, 1, 0, 0, 0, 0, 0),
	(195, 'Komprehensifnes Tulisan', 185, 1, 0, 0, 0, 0, 0),
	(196, 'Umum', 189, 1, 0, 0, 0, 0, 0),
	(197, 'Perumusan Masalah', 189, 1, 0, 0, 0, 0, 0),
	(198, 'Maksud dan Tujuan', 189, 1, 0, 0, 0, 0, 0),
	(199, 'Ruang Lingkup dan Sistematika', 189, 1, 0, 0, 0, 0, 0),
	(200, 'Metode dan Pendekatan', 189, 1, 0, 0, 0, 0, 0),
	(201, 'Pengertian', 189, 1, 0, 0, 0, 0, 0),
	(202, 'Umum', 190, 1, 0, 0, 0, 0, 0),
	(203, 'Peraturan Perundang-undangan', 190, 1, 0, 0, 0, 0, 0),
	(204, 'Kerangka Teoritis', 190, 1, 0, 0, 0, 0, 0),
	(205, 'Hasil Analisis', 190, 1, 0, 0, 0, 0, 0),
	(206, 'Umum', 191, 1, 0, 0, 0, 0, 0),
	(207, 'Faktor-faktor yang Berpengaruh', 191, 1, 0, 0, 0, 0, 0),
	(208, 'Hasil Analisis', 191, 1, 0, 0, 0, 0, 0),
	(209, 'Umum', 192, 1, 0, 0, 0, 0, 0),
	(210, 'Analisis Variabel - 1', 192, 1, 0, 0, 0, 0, 0),
	(211, 'Hasil Analisis Variabel - 1', 192, 1, 0, 0, 0, 0, 0),
	(212, 'Umum', 193, 1, 0, 0, 0, 0, 0),
	(213, 'Analisis Variabel - 2', 193, 1, 0, 0, 0, 0, 0),
	(214, 'Hasil Analisis Variabel - 2', 193, 1, 0, 0, 0, 0, 0),
	(215, 'Umum', 194, 1, 0, 0, 0, 0, 0),
	(216, 'Simpulan', 194, 1, 0, 0, 0, 0, 0),
	(217, 'Rekomendasi', 194, 1, 0, 0, 0, 0, 0),
	(218, 'Tingkat Komprehensifnes Tulisan', 195, 1, 0, 0, 0, 0, 0),
	(219, 'Bab I - Pendahuluan (Na)', 225, 1, 0, 0, 0, 0, 0),
	(220, 'Bab II - Landasan Pemikiran (Nb)', 225, 1, 0, 0, 0, 0, 0),
	(221, 'Bab III - Pelaksanaan Pembangunan Nasional di Prov ... (Nc)', 225, 1, 0, 0, 0, 0, 0),
	(222, 'Bab IV - Faktor-faktor yang Mempengaruhi (Nd)', 225, 1, 0, 0, 0, 0, 0),
	(223, 'Bab V - Analisis tentang Pelaksanaan Pembangunan Nasional di Prov ... (Ne)', 225, 1, 0, 0, 0, 0, 0),
	(224, 'Bab VI - Penutup', 225, 1, 0, 0, 0, 0, 0),
	(225, 'Nilai Produk', 41, 0, 0, 0, 0, 0, 0),
	(226, 'Umum', 219, 1, 0, 0, 0, 0, 0),
	(227, 'Maksud dan Tujuan', 219, 1, 0, 0, 0, 0, 0),
	(228, 'Ruang Lingkup dan Sistematika', 219, 1, 0, 0, 0, 0, 0),
	(229, 'Metode dan Pendekatan', 219, 1, 0, 0, 0, 0, 0),
	(230, 'Pengertian-pengertian', 219, 1, 0, 0, 0, 0, 0),
	(231, 'Umum', 220, 1, 0, 0, 0, 0, 0),
	(232, 'Paradigma Nasional', 220, 1, 0, 0, 0, 0, 0),
	(233, 'RPJMN Tahun 2016-2020', 220, 1, 0, 0, 0, 0, 0),
	(234, 'RPJMND', 220, 1, 0, 0, 0, 0, 0),
	(235, 'Peraturan PerUUan terkait', 220, 1, 0, 0, 0, 0, 0),
	(236, 'Umum', 221, 1, 0, 0, 0, 0, 0),
	(237, 'Kondisi kehidupan dinamis pembangunan di daerah', 221, 1, 0, 0, 0, 0, 0),
	(238, 'Pelaksanaan pembangunan di daerah', 221, 1, 0, 0, 0, 0, 0),
	(239, 'Permasalahan yang dihadapi', 221, 1, 0, 0, 0, 0, 0),
	(240, 'Umum', 222, 1, 0, 0, 0, 0, 0),
	(241, 'Pengaruh Eksternal', 222, 1, 0, 0, 0, 0, 0),
	(242, 'Pengaruh Internal', 222, 1, 0, 0, 0, 0, 0),
	(243, 'Peluang dan Kendala', 222, 1, 0, 0, 0, 0, 0),
	(244, 'Umum', 223, 1, 0, 0, 0, 0, 0),
	(245, 'Bidang Geografi', 223, 1, 0, 0, 0, 0, 0),
	(246, 'Bidang Demografi', 223, 1, 0, 0, 0, 0, 0),
	(247, 'Bidang Sumber Kekayaan Alam', 223, 1, 0, 0, 0, 0, 0),
	(248, 'Bidang Ideologi', 223, 1, 0, 0, 0, 0, 0),
	(249, 'Bidang Politik', 223, 1, 0, 0, 0, 0, 0),
	(250, 'Bidang Ekonomi', 223, 1, 0, 0, 0, 0, 0),
	(251, 'Bidang Sosial Budaya', 223, 1, 0, 0, 0, 0, 0),
	(252, 'Bidang Pertahanan Keamanan', 223, 1, 0, 0, 0, 0, 0),
	(253, 'Simpulan', 224, 1, 0, 0, 0, 0, 0),
	(254, 'Saran', 224, 1, 0, 0, 0, 0, 0),
	(255, 'Kegiatan Lapangan', 129, 1, 0, 0, 0, 0, 0),
	(256, 'Kegiatan Penyiapan Laporan', 129, 1, 0, 0, 0, 0, 0),
	(257, 'Kehadiran', 255, 0, 1, 0, 0, 0, 0),
	(258, 'Keaktifan', 255, 0, 1, 0, 0, 0, 0),
	(259, 'Etika', 255, 0, 1, 0, 0, 0, 0),
	(260, 'Kerja sama', 255, 0, 1, 0, 0, 0, 0),
	(261, 'Produk', 255, 0, 0, 0, 0, 0, 0),
	(262, 'Kualitas Data', 255, 0, 0, 0, 0, 0, 0),
	(263, 'Paparan', 255, 0, 0, 0, 0, 0, 0),
	(264, 'Penguasaan Materi (Tanya Jawab)', 255, 0, 0, 0, 0, 0, 0),
	(265, 'Nilai Produk', 129, 1, 0, 0, 0, 0, 0),
	(266, 'Kehadiran', 256, 0, 1, 0, 0, 0, 0),
	(267, 'Keaktifan', 256, 0, 1, 0, 0, 0, 0),
	(268, 'Etika', 256, 0, 1, 0, 0, 0, 0),
	(269, 'Kerja sama', 256, 0, 1, 0, 0, 0, 0),
	(270, 'Produk', 256, 0, 0, 0, 0, 0, 0),
	(271, 'Kualitas Data', 256, 0, 0, 0, 0, 0, 0),
	(272, 'Paparan', 256, 0, 0, 0, 0, 0, 0),
	(273, 'Penguasaan Materi (Tanya Jawab)', 256, 0, 0, 0, 0, 0, 0),
	(274, 'Bab I - Pendahuluan (Na)', 265, 1, 0, 0, 0, 0, 0),
	(275, 'Bab II - Landasan Pemikiran (Nb)', 265, 1, 0, 0, 0, 0, 0),
	(276, 'Bab III - Hubungan Bilateral Negara ... dengan RI dan permasalahan yang dihadapi (Nc)', 265, 1, 0, 0, 0, 0, 0),
	(277, 'Bab IV - Faktor-faktor yang mempengaruhi hubungan antar negara ….dengan RI (Nd) ', 265, 1, 0, 0, 0, 0, 0),
	(278, 'Bab V - Analisis terhadap Hubungan Bilateral Negara ......dengan RI (Ne)', 265, 1, 0, 0, 0, 0, 0),
	(279, 'Bab VI - Penutup (Nf)', 265, 1, 0, 0, 0, 0, 0),
	(280, 'Umum', 274, 1, 0, 0, 0, 0, 0),
	(281, 'Maksud dan Tujuan', 274, 1, 0, 0, 0, 0, 0),
	(282, 'Ruang Lingkup dan Sistematika', 274, 1, 0, 0, 0, 0, 0),
	(283, 'Metode dan Pendekatan', 274, 1, 0, 0, 0, 0, 0),
	(284, 'Pengertian-pengertian', 274, 1, 0, 0, 0, 0, 0),
	(285, 'Umum', 275, 1, 0, 0, 0, 0, 0),
	(286, 'Paradigma Nasional', 275, 1, 0, 0, 0, 0, 0),
	(287, 'Peraturan Perundangan Terkait', 275, 1, 0, 0, 0, 0, 0),
	(288, 'Umum', 276, 1, 0, 0, 0, 0, 0),
	(289, 'Kondisi kehidupan dinamis negara ...', 276, 1, 0, 0, 0, 0, 0),
	(290, 'Hubungan bilateral negara ... dengan RI', 276, 1, 0, 0, 0, 0, 0),
	(291, 'Permasalahan yang dihadapi', 276, 1, 0, 0, 0, 0, 0),
	(292, 'Umum', 277, 1, 0, 0, 0, 0, 0),
	(293, 'Pengaruh Eksternal', 277, 1, 0, 0, 0, 0, 0),
	(294, 'Pengaruh Internal', 277, 1, 0, 0, 0, 0, 0),
	(295, 'Peluang dan Kendala', 277, 1, 0, 0, 0, 0, 0),
	(296, 'Umum', 278, 1, 0, 0, 0, 0, 0),
	(297, 'Bidang Ideologi', 278, 1, 0, 0, 0, 0, 0),
	(298, 'Bidang Politik', 278, 1, 0, 0, 0, 0, 0),
	(299, 'Bidang Ekonomi', 278, 1, 0, 0, 0, 0, 0),
	(300, 'Bidang Sosial Budaya', 278, 1, 0, 0, 0, 0, 0),
	(301, 'Bidang Pertahanan Keamanan', 278, 1, 0, 0, 0, 0, 0),
	(302, 'Simpulan', 279, 1, 0, 0, 0, 0, 0),
	(303, 'Saran', 279, 1, 0, 0, 0, 0, 0),
	(304, 'Rekap Penilaian Uji Tulis TASKAP', 132, 0, 0, 0, 0, 0, 1),
	(305, 'Rekap Penilaian Uji Saji TASKAP', 133, 0, 0, 0, 0, 0, 1);
/*!40000 ALTER TABLE `ev_elemen_penilaian` ENABLE KEYS */;

-- Dumping structure for table eval.ev_instansi
CREATE TABLE IF NOT EXISTS `ev_instansi` (
  `id` int(11) NOT NULL AUTO_INCREMENT,
  `name` varchar(255) NOT NULL,
  PRIMARY KEY (`id`)
) ENGINE=InnoDB AUTO_INCREMENT=119 DEFAULT CHARSET=latin1;

-- Dumping data for table eval.ev_instansi: ~104 rows (approximately)
/*!40000 ALTER TABLE `ev_instansi` DISABLE KEYS */;
INSERT INTO `ev_instansi` (`id`, `name`) VALUES
	(1, 'TNI AD'),
	(2, 'Kementerian Perindustrian RI'),
	(3, 'Kementerian PU RI'),
	(4, 'POLRI'),
	(5, 'BPN RI'),
	(6, 'Lemhannas RI'),
	(7, 'TNI AL'),
	(8, 'TNI AU'),
	(9, 'Kementerian Perhubungan RI'),
	(10, 'BKKBN RI'),
	(11, 'Kementerian Kehutanan RI'),
	(12, 'BMKG RI'),
	(13, 'Kementerian Kesehatan RI'),
	(14, 'Bank Indonesia'),
	(15, 'Kementerian Pemuda dan Olahraga'),
	(16, 'Komnas Perempuan'),
	(17, 'Mahkamah Agung RI'),
	(18, 'Kejaksaan Agung RI'),
	(19, 'Kementerian Dalam Negeri RI'),
	(20, 'Kementerian Luar Negeri RI'),
	(21, 'Badan Intelijen Nasional RI'),
	(22, 'Kementerian ESDM'),
	(23, 'Thailand'),
	(24, 'Madagaskar'),
	(25, 'Timor Leste'),
	(26, 'Yordania'),
	(27, 'Zimbabwe'),
	(28, 'Kamboja'),
	(29, 'Srilanka'),
	(30, 'Fiji'),
	(31, 'Malaysia'),
	(32, 'Mahkamah Konstitusi RI'),
	(33, 'Kemenko Polhukam RI'),
	(34, 'Kemenko Perekonomian RI'),
	(37, 'Kemen Hukum dan HAM RI'),
	(38, 'Kemen Pariwisata RI'),
	(39, 'Kemen PU dan PR RI'),
	(40, 'Kemen Agama RI'),
	(41, 'Bakamla RI'),
	(42, 'BNPT RI'),
	(43, 'Kopertis Wil III '),
	(44, 'Kopertis Wil X '),
	(55, 'BNN RI'),
	(58, 'KORPRI Nasional'),
	(59, 'Pemprov'),
	(60, 'Sekretariat MPR RI'),
	(61, 'BPJS Kesehatan'),
	(62, 'Provinsi Jawa Tengah'),
	(63, 'Kadin Pusat'),
	(64, 'DPP'),
	(65, 'Dewan Pimpinan Nasional SOKSI'),
	(66, 'oke'),
	(67, 'LEMHANNAS RI'),
	(68, 'DPN Bulan Sabit Merah Indonesia'),
	(69, 'Pemprov Aceh Tengah'),
	(70, 'Kepala Perwakilan BKKBN Provinsi Sulawesi Utara'),
	(71, 'Provinsi Kalimantan Timur'),
	(72, 'Konferensi Waligereja Indonesia'),
	(73, 'Wakil Rektor II Universitas Bina Darma, Palembang'),
	(74, 'Senior Prolerement Officer'),
	(75, 'Dir Pertanian dan Pertanahan Deputi Ekonomi BIN'),
	(76, 'Sekretaris Badan Pengembangan SDM Hukum dan HAM Kemenkum dan HAM'),
	(77, 'Paban III/Latga Sops TNI'),
	(78, 'Makamah Konstitusi RI'),
	(79, 'DPP PAN'),
	(80, 'Rep. Mali'),
	(81, 'Provinsi Kalimantan Selatan'),
	(82, 'DPP AMPI'),
	(83, 'DPP KONI'),
	(84, 'Pemprov Kepulauan Riau'),
	(85, 'Yordania'),
	(86, 'DPP PSMTI'),
	(87, 'Pemprov Gorontalo'),
	(88, 'Makamah Agung RI'),
	(89, 'DPP FKPPI'),
	(90, 'DPP LCKI'),
	(91, 'DPP PGI'),
	(92, 'DPP ISKA'),
	(93, 'Kopertis Wil II/ Palembang'),
	(94, 'DPP. PKS'),
	(95, 'Yayasan Pondok Indah Don Bosco'),
	(96, 'Brunei Darussalam'),
	(97, 'Kemen Ristek dan Dikti RI'),
	(98, 'Papua New Guinea'),
	(99, 'KONI Pusat'),
	(100, 'Kopertis Wil IV/Jawa Barat'),
	(101, 'DPP. Gema Budhi'),
	(102, 'Myanmar'),
	(103, 'Dewan Kelautan Indonesia'),
	(104, 'DPP Korps Menwa Indonesia'),
	(105, 'Kopertis Wil IX/Makassar'),
	(106, 'Philipina'),
	(107, 'Dewan Pers'),
	(108, 'DPP Menwa Indonesia'),
	(109, 'Komnas HAM RI'),
	(110, 'DPP. APHI'),
	(111, 'Pemprov  Maluku'),
	(112, 'Kopertis Wil VII/Denpasar'),
	(113, 'DPP. Parisada Hindu Dharma Indonesia'),
	(114, 'Singapura'),
	(115, 'DPP. Partai Demokrat'),
	(116, 'Pakistan'),
	(117, 'Kemen BUMN RI'),
	(118, '12345');
/*!40000 ALTER TABLE `ev_instansi` ENABLE KEYS */;

-- Dumping structure for table eval.ev_jabatan
CREATE TABLE IF NOT EXISTS `ev_jabatan` (
  `id` int(11) NOT NULL AUTO_INCREMENT,
  `name` varchar(25) NOT NULL,
  PRIMARY KEY (`id`)
) ENGINE=InnoDB AUTO_INCREMENT=4 DEFAULT CHARSET=utf8;

-- Dumping data for table eval.ev_jabatan: ~3 rows (approximately)
/*!40000 ALTER TABLE `ev_jabatan` DISABLE KEYS */;
INSERT INTO `ev_jabatan` (`id`, `name`) VALUES
	(1, 'Jabatan 01'),
	(2, 'Jabatan 02'),
	(3, 'Jabatan 03');
/*!40000 ALTER TABLE `ev_jabatan` ENABLE KEYS */;

-- Dumping structure for table eval.ev_jadwal
CREATE TABLE IF NOT EXISTS `ev_jadwal` (
  `id` int(11) NOT NULL AUTO_INCREMENT,
  `tanggal` date DEFAULT NULL,
  `pendidikan_id` int(11) NOT NULL,
  `bagan_pendidikan_id` int(11) NOT NULL,
  `elemen_penilaian_id` int(11) NOT NULL,
  `tim_id` int(11) NOT NULL,
  `bidang_studi_id` int(11) NOT NULL,
  `is_active` tinyint(1) NOT NULL DEFAULT '1',
  `manual_activation` tinyint(1) NOT NULL DEFAULT '0',
  `remark` text NOT NULL,
  `date_created` datetime NOT NULL,
  `date_modified` datetime NOT NULL,
  PRIMARY KEY (`id`)
) ENGINE=InnoDB AUTO_INCREMENT=10 DEFAULT CHARSET=latin1;

-- Dumping data for table eval.ev_jadwal: ~8 rows (approximately)
/*!40000 ALTER TABLE `ev_jadwal` DISABLE KEYS */;
INSERT INTO `ev_jadwal` (`id`, `tanggal`, `pendidikan_id`, `bagan_pendidikan_id`, `elemen_penilaian_id`, `tim_id`, `bidang_studi_id`, `is_active`, `manual_activation`, `remark`, `date_created`, `date_modified`) VALUES
	(1, '2018-12-03', 1, 1, 14, 2, 11, 0, 1, 'aktif', '2018-11-24 09:01:11', '2018-12-18 06:30:25'),
	(2, '2018-12-03', 1, 1, 8, 1, 8, 0, 1, 'aktif', '2018-11-24 17:23:10', '2018-12-17 05:21:36'),
	(3, '2018-12-03', 1, 1, 39, 3, 14, 0, 0, '', '2018-11-25 13:48:40', '2018-12-03 09:57:38'),
	(4, '2018-12-05', 1, 1, 15, 2, 14, 0, 1, 'aktifkan', '2018-12-05 03:30:24', '2018-12-18 06:00:19'),
	(5, '2018-12-15', 1, 1, 8, 4, 8, 0, 1, 'aktifkan', '2018-12-10 04:42:52', '2018-12-18 06:09:00'),
	(6, '2018-12-16', 1, 1, 8, 1, 14, 0, 0, '', '2018-12-17 00:23:13', '2018-12-17 00:23:13'),
	(7, '2018-12-17', 1, 1, 107, 3, 21, 0, 0, '', '2018-12-17 12:45:22', '2018-12-17 12:58:39'),
	(8, '2019-01-11', 1, 1, 132, 2, 23, 0, 1, 'xx', '2019-01-11 09:41:56', '2019-02-12 16:50:52');
/*!40000 ALTER TABLE `ev_jadwal` ENABLE KEYS */;

-- Dumping structure for table eval.ev_jadwal_penilai
CREATE TABLE IF NOT EXISTS `ev_jadwal_penilai` (
  `id` int(11) NOT NULL AUTO_INCREMENT,
  `jadwal_id` int(11) NOT NULL,
  `penilai_id` int(11) NOT NULL,
  `status` tinyint(4) NOT NULL COMMENT 'penilai utama = 1',
  `is_pengganti` int(11) NOT NULL DEFAULT '0' COMMENT 'id request pengganti',
  PRIMARY KEY (`id`)
) ENGINE=InnoDB AUTO_INCREMENT=21 DEFAULT CHARSET=latin1;

-- Dumping data for table eval.ev_jadwal_penilai: ~8 rows (approximately)
/*!40000 ALTER TABLE `ev_jadwal_penilai` DISABLE KEYS */;
INSERT INTO `ev_jadwal_penilai` (`id`, `jadwal_id`, `penilai_id`, `status`, `is_pengganti`) VALUES
	(6, 3, 72, 1, 0),
	(10, 6, 72, 1, 0),
	(11, 2, 72, 1, 0),
	(13, 7, 72, 1, 0),
	(14, 4, 72, 1, 0),
	(15, 5, 13, 1, 0),
	(16, 1, 72, 1, 0),
	(18, 8, 72, 1, 0),
	(19, 8, 13, 0, 0),
	(20, 9, 13, 1, 0);
/*!40000 ALTER TABLE `ev_jadwal_penilai` ENABLE KEYS */;

-- Dumping structure for table eval.ev_jadwal_penilai_pengganti
CREATE TABLE IF NOT EXISTS `ev_jadwal_penilai_pengganti` (
  `id` int(11) NOT NULL AUTO_INCREMENT,
  `jadwal_id` int(11) NOT NULL,
  `penilai_id` int(11) NOT NULL,
  `penilai_pengganti_id` int(11) NOT NULL,
  `user_remark` text NOT NULL,
  `admin_id` int(11) NOT NULL DEFAULT '0',
  `status` int(11) NOT NULL DEFAULT '0',
  `date_created` datetime NOT NULL DEFAULT '0000-00-00 00:00:00',
  PRIMARY KEY (`id`)
) ENGINE=InnoDB DEFAULT CHARSET=latin1;

-- Dumping data for table eval.ev_jadwal_penilai_pengganti: ~0 rows (approximately)
/*!40000 ALTER TABLE `ev_jadwal_penilai_pengganti` DISABLE KEYS */;
/*!40000 ALTER TABLE `ev_jadwal_penilai_pengganti` ENABLE KEYS */;

-- Dumping structure for table eval.ev_jenis_bidang_studi
CREATE TABLE IF NOT EXISTS `ev_jenis_bidang_studi` (
  `id` int(11) NOT NULL AUTO_INCREMENT,
  `name` varchar(255) NOT NULL,
  PRIMARY KEY (`id`)
) ENGINE=InnoDB AUTO_INCREMENT=6 DEFAULT CHARSET=latin1;

-- Dumping data for table eval.ev_jenis_bidang_studi: ~5 rows (approximately)
/*!40000 ALTER TABLE `ev_jenis_bidang_studi` DISABLE KEYS */;
INSERT INTO `ev_jenis_bidang_studi` (`id`, `name`) VALUES
	(1, 'Materi Inti LEMHANNAS RI'),
	(2, 'Pembinaan Ketahanan Nasional'),
	(3, 'Lingkungan Strategi Kontenporer'),
	(4, 'Kegiatan Utama'),
	(5, 'Taskap');
/*!40000 ALTER TABLE `ev_jenis_bidang_studi` ENABLE KEYS */;

-- Dumping structure for table eval.ev_jenis_pendidikan
CREATE TABLE IF NOT EXISTS `ev_jenis_pendidikan` (
  `id` int(11) NOT NULL AUTO_INCREMENT,
  `name` varchar(255) DEFAULT NULL,
  `singkatan` varchar(20) DEFAULT NULL,
  PRIMARY KEY (`id`)
) ENGINE=InnoDB AUTO_INCREMENT=4 DEFAULT CHARSET=latin1;

-- Dumping data for table eval.ev_jenis_pendidikan: ~3 rows (approximately)
/*!40000 ALTER TABLE `ev_jenis_pendidikan` DISABLE KEYS */;
INSERT INTO `ev_jenis_pendidikan` (`id`, `name`, `singkatan`) VALUES
	(1, 'Program Pendidikan Reguler Angkatan', 'PPRA'),
	(2, 'Program Pendidikan Singkat Angkatan', 'PPSA'),
	(3, 'Program Pemantapan Pemimpin Daerah Angkatan', 'P3DA');
/*!40000 ALTER TABLE `ev_jenis_pendidikan` ENABLE KEYS */;

-- Dumping structure for table eval.ev_jenis_penilai
CREATE TABLE IF NOT EXISTS `ev_jenis_penilai` (
  `id` int(11) NOT NULL AUTO_INCREMENT,
  `name` varchar(255) NOT NULL,
  PRIMARY KEY (`id`)
) ENGINE=InnoDB AUTO_INCREMENT=6 DEFAULT CHARSET=utf8;

-- Dumping data for table eval.ev_jenis_penilai: ~5 rows (approximately)
/*!40000 ALTER TABLE `ev_jenis_penilai` DISABLE KEYS */;
INSERT INTO `ev_jenis_penilai` (`id`, `name`) VALUES
	(1, 'Tenaga Ahli Pengajar'),
	(2, 'Tenaga Ahli Pengkaji'),
	(3, 'Tenaga Profesional'),
	(4, 'Narasumber'),
	(5, 'Pejabat Struktural Lemhannas RI');
/*!40000 ALTER TABLE `ev_jenis_penilai` ENABLE KEYS */;

-- Dumping structure for table eval.ev_jenis_tim
CREATE TABLE IF NOT EXISTS `ev_jenis_tim` (
  `id` int(11) NOT NULL AUTO_INCREMENT,
  `name` varchar(255) NOT NULL,
  PRIMARY KEY (`id`)
) ENGINE=InnoDB AUTO_INCREMENT=5 DEFAULT CHARSET=latin1;

-- Dumping data for table eval.ev_jenis_tim: ~4 rows (approximately)
/*!40000 ALTER TABLE `ev_jenis_tim` DISABLE KEYS */;
INSERT INTO `ev_jenis_tim` (`id`, `name`) VALUES
	(1, 'Kelompok'),
	(2, 'Instansi'),
	(3, 'Provinsi'),
	(4, 'Negara');
/*!40000 ALTER TABLE `ev_jenis_tim` ENABLE KEYS */;

-- Dumping structure for table eval.ev_judul_produk
CREATE TABLE IF NOT EXISTS `ev_judul_produk` (
  `id` int(11) NOT NULL AUTO_INCREMENT,
  `pendidikan_peserta_id` int(11) NOT NULL,
  `elemen_penilaian_id` int(11) NOT NULL,
  `judul` text NOT NULL,
  `date_created` datetime NOT NULL DEFAULT '0000-00-00 00:00:00',
  `date_modified` datetime NOT NULL DEFAULT '0000-00-00 00:00:00',
  PRIMARY KEY (`id`)
) ENGINE=InnoDB AUTO_INCREMENT=2 DEFAULT CHARSET=latin1;

-- Dumping data for table eval.ev_judul_produk: ~0 rows (approximately)
/*!40000 ALTER TABLE `ev_judul_produk` DISABLE KEYS */;
INSERT INTO `ev_judul_produk` (`id`, `pendidikan_peserta_id`, `elemen_penilaian_id`, `judul`, `date_created`, `date_modified`) VALUES
	(1, 1, 304, '', '2019-02-12 16:53:49', '2019-03-04 09:01:35');
/*!40000 ALTER TABLE `ev_judul_produk` ENABLE KEYS */;

-- Dumping structure for table eval.ev_kualifikasi_nilai
CREATE TABLE IF NOT EXISTS `ev_kualifikasi_nilai` (
  `kd_kualifikasi_nilai` int(11) NOT NULL,
  `grade` varchar(100) NOT NULL,
  `range_from` decimal(6,3) NOT NULL,
  `range_to` decimal(6,3) NOT NULL,
  `hapus` int(1) NOT NULL DEFAULT '0',
  PRIMARY KEY (`kd_kualifikasi_nilai`)
) ENGINE=InnoDB DEFAULT CHARSET=latin1;

-- Dumping data for table eval.ev_kualifikasi_nilai: ~4 rows (approximately)
/*!40000 ALTER TABLE `ev_kualifikasi_nilai` DISABLE KEYS */;
INSERT INTO `ev_kualifikasi_nilai` (`kd_kualifikasi_nilai`, `grade`, `range_from`, `range_to`, `hapus`) VALUES
	(1, 'A', 80.000, 100.000, 0),
	(2, 'B', 70.000, 79.000, 0),
	(3, 'C', 60.000, 69.000, 0),
	(4, 'D', 50.000, 59.000, 0);
/*!40000 ALTER TABLE `ev_kualifikasi_nilai` ENABLE KEYS */;

-- Dumping structure for table eval.ev_master_data
CREATE TABLE IF NOT EXISTS `ev_master_data` (
  `id` int(10) unsigned NOT NULL AUTO_INCREMENT,
  `content` text NOT NULL,
  `id_parent` int(11) NOT NULL,
  PRIMARY KEY (`id`)
) ENGINE=InnoDB AUTO_INCREMENT=603 DEFAULT CHARSET=latin1;

-- Dumping data for table eval.ev_master_data: ~568 rows (approximately)
/*!40000 ALTER TABLE `ev_master_data` DISABLE KEYS */;
INSERT INTO `ev_master_data` (`id`, `content`, `id_parent`) VALUES
	(1, 'Icons', 0),
	(2, 'fa-adjust', 1),
	(3, 'fa-adn', 1),
	(4, 'fa-align-center', 1),
	(5, 'fa-align-justify', 1),
	(6, 'fa-align-left', 1),
	(7, 'fa-align-right', 1),
	(8, 'fa-ambulance', 1),
	(9, 'fa-anchor', 1),
	(10, 'fa-android', 1),
	(11, 'fa-angellist', 1),
	(12, 'fa-angle-double-down', 1),
	(13, 'fa-angle-double-left', 1),
	(14, 'fa-angle-double-right', 1),
	(15, 'fa-angle-double-up', 1),
	(16, 'fa-angle-down', 1),
	(17, 'fa-angle-left', 1),
	(18, 'fa-angle-right', 1),
	(19, 'fa-angle-up', 1),
	(20, 'fa-apple', 1),
	(21, 'fa-archive', 1),
	(22, 'fa-area-chart', 1),
	(23, 'fa-arrow-circle-down', 1),
	(24, 'fa-arrow-circle-left', 1),
	(25, 'fa-arrow-circle-o-down', 1),
	(26, 'fa-arrow-circle-o-left', 1),
	(27, 'fa-arrow-circle-o-right', 1),
	(28, 'fa-arrow-circle-o-up', 1),
	(29, 'fa-arrow-circle-right', 1),
	(30, 'fa-arrow-circle-up', 1),
	(31, 'fa-arrow-down', 1),
	(32, 'fa-arrow-left', 1),
	(33, 'fa-arrow-right', 1),
	(34, 'fa-arrow-up', 1),
	(35, 'fa-arrows', 1),
	(36, 'fa-arrows-alt', 1),
	(37, 'fa-arrows-h', 1),
	(38, 'fa-arrows-v', 1),
	(39, 'fa-asterisk', 1),
	(40, 'fa-at', 1),
	(41, 'fa-automobile', 1),
	(42, 'fa-backward', 1),
	(43, 'fa-ban', 1),
	(44, 'fa-bank', 1),
	(45, 'fa-bar-chart', 1),
	(46, 'fa-bar-chart-o', 1),
	(47, 'fa-barcode', 1),
	(48, 'fa-bars', 1),
	(49, 'fa-beer', 1),
	(50, 'fa-behance', 1),
	(51, 'fa-behance-square', 1),
	(52, 'fa-bell', 1),
	(53, 'fa-bell-o', 1),
	(54, 'fa-bell-slash', 1),
	(55, 'fa-bell-slash-o', 1),
	(56, 'fa-bicycle', 1),
	(57, 'fa-binoculars', 1),
	(58, 'fa-birthday-cake', 1),
	(59, 'fa-bitbucket', 1),
	(60, 'fa-bitbucket-square', 1),
	(61, 'fa-bitcoin', 1),
	(62, 'fa-bold', 1),
	(63, 'fa-bolt', 1),
	(64, 'fa-bomb', 1),
	(65, 'fa-book', 1),
	(66, 'fa-bookmark', 1),
	(67, 'fa-bookmark-o', 1),
	(68, 'fa-briefcase', 1),
	(69, 'fa-btc', 1),
	(70, 'fa-bug', 1),
	(71, 'fa-building', 1),
	(72, 'fa-building-o', 1),
	(73, 'fa-bullhorn', 1),
	(74, 'fa-bullseye', 1),
	(75, 'fa-bus', 1),
	(76, 'fa-cab', 1),
	(77, 'fa-calculator', 1),
	(78, 'fa-calendar', 1),
	(79, 'fa-calendar-o', 1),
	(80, 'fa-camera', 1),
	(81, 'fa-camera-retro', 1),
	(82, 'fa-car', 1),
	(83, 'fa-caret-down', 1),
	(84, 'fa-caret-left', 1),
	(85, 'fa-caret-right', 1),
	(86, 'fa-caret-square-o-down', 1),
	(87, 'fa-caret-square-o-left', 1),
	(88, 'fa-caret-square-o-right', 1),
	(89, 'fa-caret-square-o-up', 1),
	(90, 'fa-caret-up', 1),
	(91, 'fa-cc', 1),
	(92, 'fa-cc-amex', 1),
	(93, 'fa-cc-discover', 1),
	(94, 'fa-cc-mastercard', 1),
	(95, 'fa-cc-paypal', 1),
	(96, 'fa-cc-stripe', 1),
	(97, 'fa-cc-visa', 1),
	(98, 'fa-certificate', 1),
	(99, 'fa-chain', 1),
	(100, 'fa-chain-broken', 1),
	(101, 'fa-check', 1),
	(102, 'fa-check-circle', 1),
	(103, 'fa-check-circle-o', 1),
	(104, 'fa-check-square', 1),
	(105, 'fa-check-square-o', 1),
	(106, 'fa-chevron-circle-down', 1),
	(107, 'fa-chevron-circle-left', 1),
	(108, 'fa-chevron-circle-right', 1),
	(109, 'fa-chevron-circle-up', 1),
	(110, 'fa-chevron-down', 1),
	(111, 'fa-chevron-left', 1),
	(112, 'fa-chevron-right', 1),
	(113, 'fa-chevron-up', 1),
	(114, 'fa-child', 1),
	(115, 'fa-circle', 1),
	(116, 'fa-circle-o', 1),
	(117, 'fa-circle-o-notch', 1),
	(118, 'fa-circle-thin', 1),
	(119, 'fa-clipboard', 1),
	(120, 'fa-clock-o', 1),
	(121, 'fa-close', 1),
	(122, 'fa-cloud', 1),
	(123, 'fa-cloud-download', 1),
	(124, 'fa-cloud-upload', 1),
	(125, 'fa-cny', 1),
	(126, 'fa-code', 1),
	(127, 'fa-code-fork', 1),
	(128, 'fa-codepen', 1),
	(129, 'fa-coffee', 1),
	(130, 'fa-cog', 1),
	(131, 'fa-cogs', 1),
	(132, 'fa-columns', 1),
	(133, 'fa-comment', 1),
	(134, 'fa-comment-o', 1),
	(135, 'fa-comments', 1),
	(136, 'fa-comments-o', 1),
	(137, 'fa-compass', 1),
	(138, 'fa-compress', 1),
	(139, 'fa-copy', 1),
	(140, 'fa-copyright', 1),
	(141, 'fa-credit-card', 1),
	(142, 'fa-crop', 1),
	(143, 'fa-crosshairs', 1),
	(144, 'fa-css3', 1),
	(145, 'fa-cube', 1),
	(146, 'fa-cubes', 1),
	(147, 'fa-cut', 1),
	(148, 'fa-cutlery', 1),
	(149, 'fa-dashboard', 1),
	(150, 'fa-database', 1),
	(151, 'fa-dedent', 1),
	(152, 'fa-delicious', 1),
	(153, 'fa-desktop', 1),
	(154, 'fa-deviantart', 1),
	(155, 'fa-digg', 1),
	(156, 'fa-dollar', 1),
	(157, 'fa-dot-circle-o', 1),
	(158, 'fa-download', 1),
	(159, 'fa-dribbble', 1),
	(160, 'fa-dropbox', 1),
	(161, 'fa-drupal', 1),
	(162, 'fa-edit', 1),
	(163, 'fa-eject', 1),
	(164, 'fa-ellipsis-h', 1),
	(165, 'fa-ellipsis-v', 1),
	(166, 'fa-empire', 1),
	(167, 'fa-envelope', 1),
	(168, 'fa-envelope-o', 1),
	(169, 'fa-envelope-square', 1),
	(170, 'fa-eraser', 1),
	(171, 'fa-eur', 1),
	(172, 'fa-euro', 1),
	(173, 'fa-exchange', 1),
	(174, 'fa-exclamation', 1),
	(175, 'fa-exclamation-circle', 1),
	(176, 'fa-exclamation-triangle', 1),
	(177, 'fa-expand', 1),
	(178, 'fa-external-link', 1),
	(179, 'fa-external-link-square', 1),
	(180, 'fa-eye', 1),
	(181, 'fa-eye-slash', 1),
	(182, 'fa-eyedropper', 1),
	(183, 'fa-facebook', 1),
	(184, 'fa-facebook-square', 1),
	(185, 'fa-fast-backward', 1),
	(186, 'fa-fast-forward', 1),
	(187, 'fa-fax', 1),
	(188, 'fa-female', 1),
	(189, 'fa-fighter-jet', 1),
	(190, 'fa-file', 1),
	(191, 'fa-file-archive-o', 1),
	(192, 'fa-file-audio-o', 1),
	(193, 'fa-file-code-o', 1),
	(194, 'fa-file-excel-o', 1),
	(195, 'fa-file-image-o', 1),
	(196, 'fa-file-movie-o', 1),
	(197, 'fa-file-o', 1),
	(198, 'fa-file-pdf-o', 1),
	(199, 'fa-file-photo-o', 1),
	(200, 'fa-file-picture-o', 1),
	(201, 'fa-file-powerpoint-o', 1),
	(202, 'fa-file-sound-o', 1),
	(203, 'fa-file-text', 1),
	(204, 'fa-file-text-o', 1),
	(205, 'fa-file-video-o', 1),
	(206, 'fa-file-word-o', 1),
	(207, 'fa-file-zip-o', 1),
	(208, 'fa-files-o', 1),
	(209, 'fa-film', 1),
	(210, 'fa-filter', 1),
	(211, 'fa-fire', 1),
	(212, 'fa-fire-extinguisher', 1),
	(213, 'fa-flag', 1),
	(214, 'fa-flag-checkered', 1),
	(215, 'fa-flag-o', 1),
	(216, 'fa-flash', 1),
	(217, 'fa-flask', 1),
	(218, 'fa-flickr', 1),
	(219, 'fa-floppy-o', 1),
	(220, 'fa-folder', 1),
	(221, 'fa-folder-o', 1),
	(222, 'fa-folder-open', 1),
	(223, 'fa-folder-open-o', 1),
	(224, 'fa-font', 1),
	(225, 'fa-forward', 1),
	(226, 'fa-foursquare', 1),
	(227, 'fa-frown-o', 1),
	(228, 'fa-futbol-o', 1),
	(229, 'fa-gamepad', 1),
	(230, 'fa-gavel', 1),
	(231, 'fa-gbp', 1),
	(232, 'fa-ge', 1),
	(233, 'fa-gear', 1),
	(234, 'fa-gears', 1),
	(235, 'fa-gift', 1),
	(236, 'fa-git', 1),
	(237, 'fa-git-square', 1),
	(238, 'fa-github', 1),
	(239, 'fa-github-alt', 1),
	(240, 'fa-github-square', 1),
	(241, 'fa-gittip', 1),
	(242, 'fa-glass', 1),
	(243, 'fa-globe', 1),
	(244, 'fa-google', 1),
	(245, 'fa-google-plus', 1),
	(246, 'fa-google-plus-square', 1),
	(247, 'fa-google-wallet', 1),
	(248, 'fa-graduation-cap', 1),
	(249, 'fa-group', 1),
	(250, 'fa-h-square', 1),
	(251, 'fa-hacker-news', 1),
	(252, 'fa-hand-o-down', 1),
	(253, 'fa-hand-o-left', 1),
	(254, 'fa-hand-o-right', 1),
	(255, 'fa-hand-o-up', 1),
	(256, 'fa-hdd-o', 1),
	(257, 'fa-header', 1),
	(258, 'fa-headphones', 1),
	(259, 'fa-heart', 1),
	(260, 'fa-heart-o', 1),
	(261, 'fa-history', 1),
	(262, 'fa-home', 1),
	(263, 'fa-hospital-o', 1),
	(264, 'fa-html5', 1),
	(265, 'fa-ils', 1),
	(266, 'fa-image', 1),
	(267, 'fa-inbox', 1),
	(268, 'fa-indent', 1),
	(269, 'fa-info', 1),
	(270, 'fa-info-circle', 1),
	(271, 'fa-inr', 1),
	(272, 'fa-instagram', 1),
	(273, 'fa-institution', 1),
	(274, 'fa-ioxhost', 1),
	(275, 'fa-italic', 1),
	(276, 'fa-joomla', 1),
	(277, 'fa-jpy', 1),
	(278, 'fa-jsfiddle', 1),
	(279, 'fa-key', 1),
	(280, 'fa-keyboard-o', 1),
	(281, 'fa-krw', 1),
	(282, 'fa-language', 1),
	(283, 'fa-laptop', 1),
	(284, 'fa-lastfm', 1),
	(285, 'fa-lastfm-square', 1),
	(286, 'fa-leaf', 1),
	(287, 'fa-legal', 1),
	(288, 'fa-lemon-o', 1),
	(289, 'fa-level-down', 1),
	(290, 'fa-level-up', 1),
	(291, 'fa-life-bouy', 1),
	(292, 'fa-life-buoy', 1),
	(293, 'fa-life-ring', 1),
	(294, 'fa-life-saver', 1),
	(295, 'fa-lightbulb-o', 1),
	(296, 'fa-line-chart', 1),
	(297, 'fa-link', 1),
	(298, 'fa-linkedin', 1),
	(299, 'fa-linkedin-square', 1),
	(300, 'fa-linux', 1),
	(301, 'fa-list', 1),
	(302, 'fa-list-alt', 1),
	(303, 'fa-list-ol', 1),
	(304, 'fa-list-ul', 1),
	(305, 'fa-location-arrow', 1),
	(306, 'fa-lock', 1),
	(307, 'fa-long-arrow-down', 1),
	(308, 'fa-long-arrow-left', 1),
	(309, 'fa-long-arrow-right', 1),
	(310, 'fa-long-arrow-up', 1),
	(311, 'fa-magic', 1),
	(312, 'fa-magnet', 1),
	(313, 'fa-mail-forward', 1),
	(314, 'fa-mail-reply', 1),
	(315, 'fa-mail-reply-all', 1),
	(316, 'fa-male', 1),
	(317, 'fa-map-marker', 1),
	(318, 'fa-maxcdn', 1),
	(319, 'fa-meanpath', 1),
	(320, 'fa-medkit', 1),
	(321, 'fa-meh-o', 1),
	(322, 'fa-microphone', 1),
	(323, 'fa-microphone-slash', 1),
	(324, 'fa-minus', 1),
	(325, 'fa-minus-circle', 1),
	(326, 'fa-minus-square', 1),
	(327, 'fa-minus-square-o', 1),
	(328, 'fa-mobile', 1),
	(329, 'fa-mobile-phone', 1),
	(330, 'fa-money', 1),
	(331, 'fa-moon-o', 1),
	(332, 'fa-mortar-board', 1),
	(333, 'fa-music', 1),
	(334, 'fa-navicon', 1),
	(335, 'fa-newspaper-o', 1),
	(336, 'fa-openid', 1),
	(337, 'fa-outdent', 1),
	(338, 'fa-pagelines', 1),
	(339, 'fa-paint-brush', 1),
	(340, 'fa-paper-plane', 1),
	(341, 'fa-paper-plane-o', 1),
	(342, 'fa-paperclip', 1),
	(343, 'fa-paragraph', 1),
	(344, 'fa-paste', 1),
	(345, 'fa-pause', 1),
	(346, 'fa-paw', 1),
	(347, 'fa-paypal', 1),
	(348, 'fa-pencil', 1),
	(349, 'fa-pencil-square', 1),
	(350, 'fa-pencil-square-o', 1),
	(351, 'fa-phone', 1),
	(352, 'fa-phone-square', 1),
	(353, 'fa-photo', 1),
	(354, 'fa-picture-o', 1),
	(355, 'fa-pie-chart', 1),
	(356, 'fa-pied-piper', 1),
	(357, 'fa-pied-piper-alt', 1),
	(358, 'fa-pinterest', 1),
	(359, 'fa-pinterest-square', 1),
	(360, 'fa-plane', 1),
	(361, 'fa-play', 1),
	(362, 'fa-play-circle', 1),
	(363, 'fa-play-circle-o', 1),
	(364, 'fa-plug', 1),
	(365, 'fa-plus', 1),
	(366, 'fa-plus-circle', 1),
	(367, 'fa-plus-square', 1),
	(368, 'fa-plus-square-o', 1),
	(369, 'fa-power-off', 1),
	(370, 'fa-print', 1),
	(371, 'fa-puzzle-piece', 1),
	(372, 'fa-qq', 1),
	(373, 'fa-qrcode', 1),
	(374, 'fa-question', 1),
	(375, 'fa-question-circle', 1),
	(376, 'fa-quote-left', 1),
	(377, 'fa-quote-right', 1),
	(378, 'fa-ra', 1),
	(379, 'fa-random', 1),
	(380, 'fa-rebel', 1),
	(381, 'fa-recycle', 1),
	(382, 'fa-reddit', 1),
	(383, 'fa-reddit-square', 1),
	(384, 'fa-refresh', 1),
	(385, 'fa-remove', 1),
	(386, 'fa-renren', 1),
	(387, 'fa-reorder', 1),
	(388, 'fa-repeat', 1),
	(389, 'fa-reply', 1),
	(390, 'fa-reply-all', 1),
	(391, 'fa-retweet', 1),
	(392, 'fa-rmb', 1),
	(393, 'fa-road', 1),
	(394, 'fa-rocket', 1),
	(395, 'fa-rotate-left', 1),
	(396, 'fa-rotate-right', 1),
	(397, 'fa-rouble', 1),
	(398, 'fa-rss', 1),
	(399, 'fa-rss-square', 1),
	(400, 'fa-rub', 1),
	(401, 'fa-ruble', 1),
	(402, 'fa-rupee', 1),
	(403, 'fa-save', 1),
	(404, 'fa-scissors', 1),
	(405, 'fa-search', 1),
	(406, 'fa-search-minus', 1),
	(407, 'fa-search-plus', 1),
	(408, 'fa-send', 1),
	(409, 'fa-send-o', 1),
	(410, 'fa-share', 1),
	(411, 'fa-share-alt', 1),
	(412, 'fa-share-alt-square', 1),
	(413, 'fa-share-square', 1),
	(414, 'fa-share-square-o', 1),
	(415, 'fa-shekel', 1),
	(416, 'fa-sheqel', 1),
	(417, 'fa-shield', 1),
	(418, 'fa-shopping-cart', 1),
	(419, 'fa-sign-in', 1),
	(420, 'fa-sign-out', 1),
	(421, 'fa-signal', 1),
	(422, 'fa-sitemap', 1),
	(423, 'fa-skype', 1),
	(424, 'fa-slack', 1),
	(425, 'fa-sliders', 1),
	(426, 'fa-slideshare', 1),
	(427, 'fa-smile-o', 1),
	(428, 'fa-soccer-ball-o', 1),
	(429, 'fa-sort', 1),
	(430, 'fa-sort-alpha-asc', 1),
	(431, 'fa-sort-alpha-desc', 1),
	(432, 'fa-sort-amount-asc', 1),
	(433, 'fa-sort-amount-desc', 1),
	(434, 'fa-sort-asc', 1),
	(435, 'fa-sort-desc', 1),
	(436, 'fa-sort-down', 1),
	(437, 'fa-sort-numeric-asc', 1),
	(438, 'fa-sort-numeric-desc', 1),
	(439, 'fa-sort-up', 1),
	(440, 'fa-soundcloud', 1),
	(441, 'fa-space-shuttle', 1),
	(442, 'fa-spinner', 1),
	(443, 'fa-spoon', 1),
	(444, 'fa-spotify', 1),
	(445, 'fa-square', 1),
	(446, 'fa-square-o', 1),
	(447, 'fa-stack-exchange', 1),
	(448, 'fa-stack-overflow', 1),
	(449, 'fa-star', 1),
	(450, 'fa-star-half', 1),
	(451, 'fa-star-half-empty', 1),
	(452, 'fa-star-half-full', 1),
	(453, 'fa-star-half-o', 1),
	(454, 'fa-star-o', 1),
	(455, 'fa-steam', 1),
	(456, 'fa-steam-square', 1),
	(457, 'fa-step-backward', 1),
	(458, 'fa-step-forward', 1),
	(459, 'fa-stethoscope', 1),
	(460, 'fa-stop', 1),
	(461, 'fa-strikethrough', 1),
	(462, 'fa-stumbleupon', 1),
	(463, 'fa-stumbleupon-circle', 1),
	(464, 'fa-subscript', 1),
	(465, 'fa-suitcase', 1),
	(466, 'fa-sun-o', 1),
	(467, 'fa-superscript', 1),
	(468, 'fa-support', 1),
	(469, 'fa-table', 1),
	(470, 'fa-tablet', 1),
	(471, 'fa-tachometer', 1),
	(472, 'fa-tag', 1),
	(473, 'fa-tags', 1),
	(474, 'fa-tasks', 1),
	(475, 'fa-taxi', 1),
	(476, 'fa-tencent-weibo', 1),
	(477, 'fa-terminal', 1),
	(478, 'fa-text-height', 1),
	(479, 'fa-text-width', 1),
	(480, 'fa-th', 1),
	(481, 'fa-th-large', 1),
	(482, 'fa-th-list', 1),
	(483, 'fa-thumb-tack', 1),
	(484, 'fa-thumbs-down', 1),
	(485, 'fa-thumbs-o-down', 1),
	(486, 'fa-thumbs-o-up', 1),
	(487, 'fa-thumbs-up', 1),
	(488, 'fa-ticket', 1),
	(489, 'fa-times', 1),
	(490, 'fa-times-circle', 1),
	(491, 'fa-times-circle-o', 1),
	(492, 'fa-tint', 1),
	(493, 'fa-toggle-down', 1),
	(494, 'fa-toggle-left', 1),
	(495, 'fa-toggle-off', 1),
	(496, 'fa-toggle-on', 1),
	(497, 'fa-toggle-right', 1),
	(498, 'fa-toggle-up', 1),
	(499, 'fa-trash', 1),
	(500, 'fa-trash-o', 1),
	(501, 'fa-tree', 1),
	(502, 'fa-trello', 1),
	(503, 'fa-trophy', 1),
	(504, 'fa-truck', 1),
	(505, 'fa-try', 1),
	(506, 'fa-tty', 1),
	(507, 'fa-tumblr', 1),
	(508, 'fa-tumblr-square', 1),
	(509, 'fa-turkish-lira', 1),
	(510, 'fa-twitch', 1),
	(511, 'fa-twitter', 1),
	(512, 'fa-twitter-square', 1),
	(513, 'fa-umbrella', 1),
	(514, 'fa-underline', 1),
	(515, 'fa-undo', 1),
	(516, 'fa-university', 1),
	(517, 'fa-unlink', 1),
	(518, 'fa-unlock', 1),
	(519, 'fa-unlock-alt', 1),
	(520, 'fa-unsorted', 1),
	(521, 'fa-upload', 1),
	(522, 'fa-usd', 1),
	(523, 'fa-user', 1),
	(524, 'fa-user-md', 1),
	(525, 'fa-users', 1),
	(526, 'fa-video-camera', 1),
	(527, 'fa-vimeo-square', 1),
	(528, 'fa-vine', 1),
	(529, 'fa-vk', 1),
	(530, 'fa-volume-down', 1),
	(531, 'fa-volume-off', 1),
	(532, 'fa-volume-up', 1),
	(533, 'fa-warning', 1),
	(534, 'fa-wechat', 1),
	(535, 'fa-weibo', 1),
	(536, 'fa-weixin', 1),
	(537, 'fa-wheelchair', 1),
	(538, 'fa-wifi', 1),
	(539, 'fa-windows', 1),
	(540, 'fa-won', 1),
	(541, 'fa-wordpress', 1),
	(542, 'fa-wrench', 1),
	(543, 'fa-xing', 1),
	(544, 'fa-xing-square', 1),
	(545, 'fa-yahoo', 1),
	(546, 'fa-yelp', 1),
	(547, 'fa-yen', 1),
	(548, 'fa-youtube', 1),
	(549, 'fa-youtube-play', 1),
	(584, 'Log Type', 0),
	(585, 'Create', 584),
	(586, 'Master', 0),
	(587, 'Tags', 0),
	(588, 'Social Media', 0),
	(589, 'facebook', 588),
	(590, 'twitter', 588),
	(591, 'instagram', 588),
	(592, 'pinterest', 588),
	(593, 'tumblr', 588),
	(594, 'youtube', 588),
	(595, 'google-plus', 588),
	(596, 'linkedin', 588),
	(597, 'Contact Type', 0),
	(598, 'Address', 597),
	(599, 'Telp', 597),
	(600, 'Fax', 597),
	(601, 'Social Media', 597),
	(602, 'Email', 597);
/*!40000 ALTER TABLE `ev_master_data` ENABLE KEYS */;

-- Dumping structure for table eval.ev_menu
CREATE TABLE IF NOT EXISTS `ev_menu` (
  `id` int(10) unsigned NOT NULL AUTO_INCREMENT,
  `name` varchar(225) NOT NULL,
  `target` varchar(225) NOT NULL,
  `id_parent` int(11) NOT NULL,
  `icon` varchar(225) NOT NULL,
  `orders` int(11) NOT NULL,
  `special_menu` int(11) NOT NULL DEFAULT '0',
  PRIMARY KEY (`id`)
) ENGINE=InnoDB AUTO_INCREMENT=71 DEFAULT CHARSET=latin1;

-- Dumping data for table eval.ev_menu: ~43 rows (approximately)
/*!40000 ALTER TABLE `ev_menu` DISABLE KEYS */;
INSERT INTO `ev_menu` (`id`, `name`, `target`, `id_parent`, `icon`, `orders`, `special_menu`) VALUES
	(1, 'Dashboard', 'admin', 0, 'fa-dashboard', 1, 0),
	(2, 'Sistem', 'admin_system', 0, 'fa-cog', 17, 0),
	(3, 'User', 'user', 2, 'fa-user', 2, 0),
	(4, 'User Group', 'usergroup', 2, 'fa-users', 3, 0),
	(5, 'Master Data', 'master_data', 2, 'fa-database', 7, 0),
	(6, 'Menu', 'menu', 2, 'fa-link', 5, 0),
	(7, 'Pengaturan', 'settings', 2, 'fa-cogs', 8, 0),
	(8, 'Urutan Menu', 'menu_orders', 2, 'fa-list', 6, 0),
	(9, 'User Akses', 'useraccess', 2, 'fa-check-circle', 4, 0),
	(21, 'Profil', 'my_profile', 2, 'fa-user', 1, 0),
	(38, 'Jadwal', 'admin_jadwal', 0, 'fa-calendar', 2, 0),
	(39, 'Hasil Penilaian', 'admin_hasil', 0, 'fa-check-square', 16, 0),
	(40, 'Setting Penilai', 'admin_setting_penilai', 0, 'fa-wrench', 3, 0),
	(41, 'Penilai', 'penilai', 40, 'fa-adjust', 5, 0),
	(42, 'Jenis Penilai', 'jenis_penilai', 40, 'fa-adjust', 1, 0),
	(43, 'Pangkat', 'pangkat', 40, 'fa-adjust', 2, 0),
	(44, 'Jabatan', 'jabatan', 40, 'fa-adjust', 4, 0),
	(45, 'Bidang', 'bidang', 40, 'fa-adjust', 3, 0),
	(46, 'Setting Pendidikan', 'admin_setting_pendidikan', 0, 'fa-book', 4, 0),
	(47, 'Jenis Pendidikan', 'jenis_pendidikan', 46, 'fa-adjust', 1, 0),
	(48, 'Bidang Studi', 'bidang_studi', 46, 'fa-adjust', 3, 0),
	(49, 'Kembali', 'kembali', 0, 'fa-mail-reply', 6, 1),
	(50, 'Pendidikan', 'pendidikan', 0, 'fa-calendar-o', 5, 0),
	(51, 'Penilai', 'pendidikan_penilai', 0, 'fa-user', 7, 1),
	(52, 'Peserta', 'pendidikan_peserta', 0, 'fa-users', 8, 1),
	(53, 'Instansi', 'pendidikan_instansi', 0, 'fa-building', 9, 1),
	(54, 'Pembagian Tim', 'pendidikan_pembagian_tim', 0, 'fa-sitemap', 10, 1),
	(55, 'Jadwal', 'pendidikan_jadwal', 0, 'fa-calendar', 11, 1),
	(56, 'Hasil', 'pendidikan_hasil', 0, 'fa-check-square', 15, 1),
	(57, 'Elemen Penilaian', 'elemen_penilaian', 46, 'fa-adjust', 4, 0),
	(58, 'Bagan Pendidikan', 'bagan_pendidikan', 46, 'fa-adjust', 6, 0),
	(59, 'Jenis Bidang Studi', 'jenis_bidang_studi', 46, 'fa-adjust', 2, 0),
	(60, 'Off Campus', 'tim_off_campus', 54, 'fa-adjust', 62, 1),
	(61, 'Blok 1', 'tim_blok_satu', 54, 'fa-adjust', 63, 1),
	(62, 'Blok 2', 'tim_blok_dua', 54, 'fa-adjust', 64, 1),
	(63, 'Blok 3', 'tim_blok_tiga', 54, 'fa-adjust', 66, 1),
	(64, 'Blok 4', 'tim_blok_empat', 54, 'fa-adjust', 67, 1),
	(65, 'Taskap', 'tim_taskap', 54, 'fa-adjust', 68, 1),
	(66, 'Hasil Bagan', 'hasil', 56, 'fa-adjust', 69, 1),
	(67, 'Hasil Peserta', 'hasil_peserta', 56, 'fa-adjust', 70, 1),
	(68, 'Ubah Tim Sementara', 'pendidikan_ubah_tim_sementara', 0, 'fa-retweet', 13, 1),
	(69, 'Request Pengganti', 'pendidikan_request_pengganti', 0, 'fa-exchange', 12, 1),
	(70, 'Skema Penilaian', 'pendidikan_skema_penilaian', 0, 'fa-bars', 14, 1);
/*!40000 ALTER TABLE `ev_menu` ENABLE KEYS */;

-- Dumping structure for table eval.ev_nilai_akhir_peserta
CREATE TABLE IF NOT EXISTS `ev_nilai_akhir_peserta` (
  `id` int(11) NOT NULL AUTO_INCREMENT,
  `pendidikan_id` int(11) NOT NULL,
  `pendidikan_peserta_id` int(11) NOT NULL,
  `skema_penilaian_id` int(11) NOT NULL,
  `npa` decimal(5,3) NOT NULL DEFAULT '0.000',
  `nna` decimal(5,3) NOT NULL DEFAULT '0.000',
  `date_created` datetime NOT NULL,
  `date_modified` datetime NOT NULL,
  PRIMARY KEY (`id`)
) ENGINE=InnoDB AUTO_INCREMENT=439 DEFAULT CHARSET=latin1;

-- Dumping data for table eval.ev_nilai_akhir_peserta: ~429 rows (approximately)
/*!40000 ALTER TABLE `ev_nilai_akhir_peserta` DISABLE KEYS */;
INSERT INTO `ev_nilai_akhir_peserta` (`id`, `pendidikan_id`, `pendidikan_peserta_id`, `skema_penilaian_id`, `npa`, `nna`, `date_created`, `date_modified`) VALUES
	(1, 1, 1, 9, 93.483, 91.984, '2018-12-10 07:37:10', '2018-12-18 10:34:28'),
	(2, 1, 1, 8, 91.125, 92.149, '2018-12-10 07:37:10', '2018-12-18 06:30:32'),
	(3, 1, 2, 9, 94.930, 95.000, '2018-12-10 07:52:27', '2018-12-18 10:33:06'),
	(4, 1, 2, 8, 0.000, 0.000, '2018-12-10 07:52:27', '2018-12-18 06:30:33'),
	(5, 1, 1, 7, 92.139, 92.038, '2018-12-10 08:27:02', '2019-03-04 09:13:21'),
	(6, 1, 2, 7, 40.820, 63.650, '2018-12-10 08:54:02', '2018-12-18 13:02:41'),
	(7, 1, 3, 9, 0.000, 0.000, '2018-12-10 09:15:33', '2018-12-18 03:21:12'),
	(8, 1, 3, 8, 0.000, 0.000, '2018-12-10 09:15:33', '2018-12-18 03:21:12'),
	(9, 1, 3, 7, 0.000, 0.000, '2018-12-10 09:15:33', '2018-12-18 07:35:46'),
	(10, 1, 4, 9, 0.000, 0.000, '2018-12-17 05:54:01', '2018-12-18 03:21:12'),
	(11, 1, 4, 8, 0.000, 0.000, '2018-12-17 05:54:01', '2018-12-18 03:21:12'),
	(12, 1, 4, 7, 0.000, 0.000, '2018-12-17 05:54:01', '2018-12-18 03:21:12'),
	(13, 1, 5, 9, 0.000, 0.000, '2018-12-17 05:54:01', '2018-12-18 03:21:12'),
	(14, 1, 5, 8, 0.000, 0.000, '2018-12-17 05:54:01', '2018-12-18 03:21:13'),
	(15, 1, 5, 7, 0.000, 0.000, '2018-12-17 05:54:02', '2018-12-18 03:21:13'),
	(16, 1, 6, 9, 0.000, 0.000, '2018-12-17 05:54:02', '2018-12-18 03:21:13'),
	(17, 1, 6, 8, 0.000, 0.000, '2018-12-17 05:54:02', '2018-12-18 03:21:13'),
	(18, 1, 6, 7, 0.000, 0.000, '2018-12-17 05:54:02', '2018-12-18 03:21:13'),
	(19, 1, 7, 9, 0.000, 0.000, '2018-12-17 05:54:02', '2018-12-18 03:21:13'),
	(20, 1, 7, 8, 0.000, 0.000, '2018-12-17 05:54:02', '2018-12-18 03:21:13'),
	(21, 1, 7, 7, 0.000, 0.000, '2018-12-17 05:54:02', '2018-12-18 03:21:13'),
	(22, 1, 8, 9, 0.000, 0.000, '2018-12-17 05:54:02', '2018-12-18 03:21:13'),
	(23, 1, 8, 8, 0.000, 0.000, '2018-12-17 05:54:02', '2018-12-18 03:21:13'),
	(24, 1, 8, 7, 0.000, 0.000, '2018-12-17 05:54:02', '2018-12-18 03:21:13'),
	(25, 1, 9, 9, 0.000, 0.000, '2018-12-17 05:54:02', '2018-12-18 03:21:13'),
	(26, 1, 9, 8, 0.000, 0.000, '2018-12-17 05:54:02', '2018-12-18 03:21:14'),
	(27, 1, 9, 7, 0.000, 0.000, '2018-12-17 05:54:02', '2018-12-18 03:21:14'),
	(28, 1, 10, 9, 0.000, 0.000, '2018-12-17 05:54:03', '2018-12-18 03:21:14'),
	(29, 1, 10, 8, 0.000, 0.000, '2018-12-17 05:54:03', '2018-12-18 03:21:14'),
	(30, 1, 10, 7, 0.000, 0.000, '2018-12-17 05:54:03', '2018-12-18 03:21:14'),
	(31, 1, 11, 9, 0.000, 0.000, '2018-12-17 05:54:03', '2018-12-18 03:21:14'),
	(32, 1, 11, 8, 0.000, 0.000, '2018-12-17 05:54:03', '2018-12-18 03:21:14'),
	(33, 1, 11, 7, 0.000, 0.000, '2018-12-17 05:54:03', '2018-12-18 03:21:14'),
	(34, 1, 12, 9, 0.000, 0.000, '2018-12-17 05:54:03', '2018-12-18 03:21:14'),
	(35, 1, 12, 8, 0.000, 0.000, '2018-12-17 05:54:03', '2018-12-18 03:21:15'),
	(36, 1, 12, 7, 0.000, 0.000, '2018-12-17 05:54:03', '2018-12-18 03:21:15'),
	(37, 1, 13, 9, 0.000, 0.000, '2018-12-17 05:54:03', '2018-12-18 03:21:15'),
	(38, 1, 13, 8, 0.000, 0.000, '2018-12-17 05:54:03', '2018-12-18 03:21:15'),
	(39, 1, 13, 7, 0.000, 0.000, '2018-12-17 05:54:03', '2018-12-18 03:21:15'),
	(40, 1, 14, 9, 90.548, 88.000, '2018-12-17 05:54:03', '2018-12-18 10:33:06'),
	(41, 1, 14, 8, 0.000, 0.000, '2018-12-17 05:54:03', '2018-12-18 06:30:33'),
	(42, 1, 14, 7, 20.016, 30.967, '2018-12-17 05:54:03', '2018-12-18 03:21:15'),
	(43, 1, 15, 9, 0.000, 0.000, '2018-12-17 05:54:04', '2018-12-18 10:34:27'),
	(44, 1, 15, 8, 0.000, 0.000, '2018-12-17 05:54:04', '2018-12-18 06:30:33'),
	(45, 1, 15, 7, 0.000, 0.000, '2018-12-17 05:54:04', '2018-12-18 03:21:15'),
	(46, 1, 16, 9, 0.000, 0.000, '2018-12-17 05:54:04', '2018-12-18 10:34:27'),
	(47, 1, 16, 8, 0.000, 0.000, '2018-12-17 05:54:04', '2018-12-18 03:21:16'),
	(48, 1, 16, 7, 0.000, 0.000, '2018-12-17 05:54:04', '2018-12-18 03:21:16'),
	(49, 1, 17, 9, 0.000, 0.000, '2018-12-17 05:54:04', '2018-12-18 10:34:27'),
	(50, 1, 17, 8, 0.000, 0.000, '2018-12-17 05:54:04', '2018-12-18 03:21:16'),
	(51, 1, 17, 7, 0.000, 0.000, '2018-12-17 05:54:04', '2018-12-18 03:21:16'),
	(52, 1, 18, 9, 0.000, 0.000, '2018-12-17 05:54:04', '2018-12-18 10:34:27'),
	(53, 1, 18, 8, 0.000, 0.000, '2018-12-17 05:54:04', '2018-12-18 03:21:16'),
	(54, 1, 18, 7, 0.000, 0.000, '2018-12-17 05:54:04', '2018-12-18 03:21:16'),
	(55, 1, 19, 9, 0.000, 0.000, '2018-12-17 05:54:04', '2018-12-18 03:21:16'),
	(56, 1, 19, 8, 0.000, 0.000, '2018-12-17 05:54:04', '2018-12-18 03:21:16'),
	(57, 1, 19, 7, 0.000, 0.000, '2018-12-17 05:54:05', '2018-12-18 03:21:16'),
	(58, 1, 20, 9, 0.000, 0.000, '2018-12-17 05:54:05', '2018-12-18 03:21:16'),
	(59, 1, 20, 8, 0.000, 0.000, '2018-12-17 05:54:05', '2018-12-18 03:21:17'),
	(60, 1, 20, 7, 0.000, 0.000, '2018-12-17 05:54:05', '2018-12-18 03:21:17'),
	(61, 1, 21, 9, 0.000, 0.000, '2018-12-17 05:54:05', '2018-12-18 03:21:17'),
	(62, 1, 21, 8, 0.000, 0.000, '2018-12-17 05:54:05', '2018-12-18 03:21:17'),
	(63, 1, 21, 7, 0.000, 0.000, '2018-12-17 05:54:05', '2018-12-18 03:21:17'),
	(64, 1, 22, 9, 0.000, 0.000, '2018-12-17 05:54:05', '2018-12-18 03:21:17'),
	(65, 1, 22, 8, 0.000, 0.000, '2018-12-17 05:54:05', '2018-12-18 03:21:17'),
	(66, 1, 22, 7, 0.000, 0.000, '2018-12-17 05:54:05', '2018-12-18 03:21:17'),
	(67, 1, 23, 9, 0.000, 0.000, '2018-12-17 05:54:05', '2018-12-18 03:21:17'),
	(68, 1, 23, 8, 0.000, 0.000, '2018-12-17 05:54:05', '2018-12-18 03:21:17'),
	(69, 1, 23, 7, 0.000, 0.000, '2018-12-17 05:54:06', '2018-12-18 03:21:17'),
	(70, 1, 24, 9, 0.000, 0.000, '2018-12-17 05:54:06', '2018-12-18 03:21:17'),
	(71, 1, 24, 8, 0.000, 0.000, '2018-12-17 05:54:06', '2018-12-18 03:21:18'),
	(72, 1, 24, 7, 0.000, 0.000, '2018-12-17 05:54:06', '2018-12-18 03:21:18'),
	(73, 1, 25, 9, 0.000, 0.000, '2018-12-17 05:54:06', '2018-12-18 03:21:18'),
	(74, 1, 25, 8, 0.000, 0.000, '2018-12-17 05:54:06', '2018-12-18 03:21:18'),
	(75, 1, 25, 7, 0.000, 0.000, '2018-12-17 05:54:06', '2018-12-18 03:21:18'),
	(76, 1, 26, 9, 0.000, 0.000, '2018-12-17 05:54:06', '2018-12-18 03:21:18'),
	(77, 1, 26, 8, 0.000, 0.000, '2018-12-17 05:54:06', '2018-12-18 03:21:18'),
	(78, 1, 26, 7, 0.000, 0.000, '2018-12-17 05:54:06', '2018-12-18 03:21:18'),
	(79, 1, 27, 9, 0.000, 0.000, '2018-12-17 05:54:06', '2018-12-18 03:21:18'),
	(80, 1, 27, 8, 0.000, 0.000, '2018-12-17 05:54:06', '2018-12-18 03:21:19'),
	(81, 1, 27, 7, 0.000, 0.000, '2018-12-17 05:54:06', '2018-12-18 03:21:19'),
	(82, 1, 28, 9, 0.000, 0.000, '2018-12-17 05:54:07', '2018-12-18 03:21:19'),
	(83, 1, 28, 8, 0.000, 0.000, '2018-12-17 05:54:07', '2018-12-18 03:21:19'),
	(84, 1, 28, 7, 0.000, 0.000, '2018-12-17 05:54:07', '2018-12-18 03:21:19'),
	(85, 1, 29, 9, 0.000, 0.000, '2018-12-17 05:54:07', '2018-12-18 03:21:19'),
	(86, 1, 29, 8, 0.000, 0.000, '2018-12-17 05:54:07', '2018-12-18 03:21:19'),
	(87, 1, 29, 7, 0.000, 0.000, '2018-12-17 05:54:07', '2018-12-18 03:21:19'),
	(88, 1, 30, 9, 0.000, 0.000, '2018-12-17 05:54:07', '2018-12-18 03:21:19'),
	(89, 1, 30, 8, 0.000, 0.000, '2018-12-17 05:54:07', '2018-12-18 03:21:20'),
	(90, 1, 30, 7, 0.000, 0.000, '2018-12-17 05:54:07', '2018-12-18 03:21:20'),
	(91, 1, 31, 9, 0.000, 0.000, '2018-12-17 05:54:07', '2018-12-18 03:21:20'),
	(92, 1, 31, 8, 0.000, 0.000, '2018-12-17 05:54:07', '2018-12-18 03:21:20'),
	(93, 1, 31, 7, 0.000, 0.000, '2018-12-17 05:54:07', '2018-12-18 03:21:20'),
	(94, 1, 32, 9, 0.000, 0.000, '2018-12-17 05:54:07', '2018-12-18 03:21:20'),
	(95, 1, 32, 8, 0.000, 0.000, '2018-12-17 05:54:07', '2018-12-18 03:21:20'),
	(96, 1, 32, 7, 0.000, 0.000, '2018-12-17 05:54:07', '2018-12-18 03:21:20'),
	(97, 1, 33, 9, 0.000, 0.000, '2018-12-17 05:54:07', '2018-12-18 03:21:20'),
	(98, 1, 33, 8, 0.000, 0.000, '2018-12-17 05:54:08', '2018-12-18 03:21:20'),
	(99, 1, 33, 7, 0.000, 0.000, '2018-12-17 05:54:08', '2018-12-18 03:21:21'),
	(100, 1, 34, 9, 0.000, 0.000, '2018-12-17 05:54:08', '2018-12-18 03:21:21'),
	(101, 1, 34, 8, 0.000, 0.000, '2018-12-17 05:54:08', '2018-12-18 03:21:21'),
	(102, 1, 34, 7, 0.000, 0.000, '2018-12-17 05:54:08', '2018-12-18 03:21:21'),
	(103, 1, 35, 9, 0.000, 0.000, '2018-12-17 05:54:08', '2018-12-18 03:21:21'),
	(104, 1, 35, 8, 0.000, 0.000, '2018-12-17 05:54:08', '2018-12-18 03:21:21'),
	(105, 1, 35, 7, 0.000, 0.000, '2018-12-17 05:54:08', '2018-12-18 03:21:21'),
	(106, 1, 36, 9, 0.000, 0.000, '2018-12-17 05:54:08', '2018-12-18 03:21:21'),
	(107, 1, 36, 8, 0.000, 0.000, '2018-12-17 05:54:08', '2018-12-18 03:21:21'),
	(108, 1, 36, 7, 0.000, 0.000, '2018-12-17 05:54:08', '2018-12-18 03:21:21'),
	(109, 1, 37, 9, 0.000, 0.000, '2018-12-17 05:54:08', '2018-12-18 03:21:21'),
	(110, 1, 37, 8, 0.000, 0.000, '2018-12-17 05:54:08', '2018-12-18 03:21:21'),
	(111, 1, 37, 7, 0.000, 0.000, '2018-12-17 05:54:08', '2018-12-18 03:21:22'),
	(112, 1, 38, 9, 0.000, 0.000, '2018-12-17 05:54:08', '2018-12-18 03:21:22'),
	(113, 1, 38, 8, 0.000, 0.000, '2018-12-17 05:54:09', '2018-12-18 03:21:22'),
	(114, 1, 38, 7, 0.000, 0.000, '2018-12-17 05:54:09', '2018-12-18 03:21:22'),
	(115, 1, 39, 9, 0.000, 0.000, '2018-12-17 05:54:09', '2018-12-18 03:21:22'),
	(116, 1, 39, 8, 0.000, 0.000, '2018-12-17 05:54:09', '2018-12-18 03:21:22'),
	(117, 1, 39, 7, 0.000, 0.000, '2018-12-17 05:54:09', '2018-12-18 03:21:22'),
	(118, 1, 40, 9, 0.000, 0.000, '2018-12-17 05:54:09', '2018-12-18 03:21:22'),
	(119, 1, 40, 8, 0.000, 0.000, '2018-12-17 05:54:09', '2018-12-18 03:21:22'),
	(120, 1, 40, 7, 0.000, 0.000, '2018-12-17 05:54:09', '2018-12-18 03:21:22'),
	(121, 1, 41, 9, 0.000, 0.000, '2018-12-17 05:54:09', '2018-12-18 03:21:22'),
	(122, 1, 41, 8, 0.000, 0.000, '2018-12-17 05:54:09', '2018-12-18 03:21:22'),
	(123, 1, 41, 7, 0.000, 0.000, '2018-12-17 05:54:09', '2018-12-18 03:21:22'),
	(124, 1, 42, 9, 0.000, 0.000, '2018-12-17 05:54:09', '2018-12-18 03:21:23'),
	(125, 1, 42, 8, 0.000, 0.000, '2018-12-17 05:54:09', '2018-12-18 03:21:23'),
	(126, 1, 42, 7, 0.000, 0.000, '2018-12-17 05:54:10', '2018-12-18 03:21:23'),
	(127, 1, 43, 9, 0.000, 0.000, '2018-12-17 05:54:10', '2018-12-18 03:21:23'),
	(128, 1, 43, 8, 0.000, 0.000, '2018-12-17 05:54:10', '2018-12-18 03:21:23'),
	(129, 1, 43, 7, 0.000, 0.000, '2018-12-17 05:54:10', '2018-12-18 03:21:23'),
	(130, 1, 44, 9, 0.000, 0.000, '2018-12-17 05:54:10', '2018-12-18 03:21:23'),
	(131, 1, 44, 8, 0.000, 0.000, '2018-12-17 05:54:10', '2018-12-18 03:21:23'),
	(132, 1, 44, 7, 0.000, 0.000, '2018-12-17 05:54:10', '2018-12-18 03:21:23'),
	(133, 1, 45, 9, 0.000, 0.000, '2018-12-17 05:54:10', '2018-12-18 03:21:23'),
	(134, 1, 45, 8, 0.000, 0.000, '2018-12-17 05:54:10', '2018-12-18 03:21:23'),
	(135, 1, 45, 7, 0.000, 0.000, '2018-12-17 05:54:10', '2018-12-18 03:21:23'),
	(136, 1, 46, 9, 0.000, 0.000, '2018-12-17 05:54:10', '2018-12-18 03:21:24'),
	(137, 1, 46, 8, 0.000, 0.000, '2018-12-17 05:54:10', '2018-12-18 03:21:24'),
	(138, 1, 46, 7, 0.000, 0.000, '2018-12-17 05:54:10', '2018-12-18 03:21:24'),
	(139, 1, 47, 9, 0.000, 0.000, '2018-12-17 05:54:11', '2018-12-18 03:21:24'),
	(140, 1, 47, 8, 0.000, 0.000, '2018-12-17 05:54:11', '2018-12-18 03:21:24'),
	(141, 1, 47, 7, 0.000, 0.000, '2018-12-17 05:54:11', '2018-12-18 03:21:24'),
	(142, 1, 48, 9, 0.000, 0.000, '2018-12-17 05:54:11', '2018-12-18 03:21:24'),
	(143, 1, 48, 8, 0.000, 0.000, '2018-12-17 05:54:11', '2018-12-18 03:21:24'),
	(144, 1, 48, 7, 0.000, 0.000, '2018-12-17 05:54:11', '2018-12-18 03:21:25'),
	(145, 1, 49, 9, 0.000, 0.000, '2018-12-17 05:54:11', '2018-12-18 03:21:25'),
	(146, 1, 49, 8, 0.000, 0.000, '2018-12-17 05:54:11', '2018-12-18 03:21:25'),
	(147, 1, 49, 7, 0.000, 0.000, '2018-12-17 05:54:11', '2018-12-18 03:21:25'),
	(148, 1, 50, 9, 0.000, 0.000, '2018-12-17 05:54:11', '2018-12-18 03:21:25'),
	(149, 1, 50, 8, 0.000, 0.000, '2018-12-17 05:54:11', '2018-12-18 03:21:25'),
	(150, 1, 50, 7, 0.000, 0.000, '2018-12-17 05:54:11', '2018-12-18 03:21:25'),
	(151, 1, 51, 9, 0.000, 0.000, '2018-12-17 05:54:12', '2018-12-18 03:21:25'),
	(152, 1, 51, 8, 0.000, 0.000, '2018-12-17 05:54:12', '2018-12-18 03:21:25'),
	(153, 1, 51, 7, 0.000, 0.000, '2018-12-17 05:54:12', '2018-12-18 03:21:25'),
	(154, 1, 52, 9, 0.000, 0.000, '2018-12-17 05:54:12', '2018-12-18 03:21:25'),
	(155, 1, 52, 8, 0.000, 0.000, '2018-12-17 05:54:12', '2018-12-18 03:21:26'),
	(156, 1, 52, 7, 0.000, 0.000, '2018-12-17 05:54:12', '2018-12-18 03:21:26'),
	(157, 1, 53, 9, 0.000, 0.000, '2018-12-17 05:54:12', '2018-12-18 03:21:26'),
	(158, 1, 53, 8, 0.000, 0.000, '2018-12-17 05:54:12', '2018-12-18 03:21:26'),
	(159, 1, 53, 7, 0.000, 0.000, '2018-12-17 05:54:12', '2018-12-18 03:21:26'),
	(160, 1, 54, 9, 0.000, 0.000, '2018-12-17 05:54:12', '2018-12-18 03:21:26'),
	(161, 1, 54, 8, 0.000, 0.000, '2018-12-17 05:54:12', '2018-12-18 03:21:26'),
	(162, 1, 54, 7, 0.000, 0.000, '2018-12-17 05:54:12', '2018-12-18 03:21:26'),
	(163, 1, 55, 9, 0.000, 0.000, '2018-12-17 05:54:12', '2018-12-18 03:21:26'),
	(164, 1, 55, 8, 0.000, 0.000, '2018-12-17 05:54:12', '2018-12-18 03:21:26'),
	(165, 1, 55, 7, 0.000, 0.000, '2018-12-17 05:54:13', '2018-12-18 03:21:26'),
	(166, 1, 56, 9, 0.000, 0.000, '2018-12-17 05:54:13', '2018-12-18 03:21:26'),
	(167, 1, 56, 8, 0.000, 0.000, '2018-12-17 05:54:13', '2018-12-18 03:21:26'),
	(168, 1, 56, 7, 0.000, 0.000, '2018-12-17 05:54:13', '2018-12-18 03:21:27'),
	(169, 1, 57, 9, 0.000, 0.000, '2018-12-17 05:54:13', '2018-12-18 03:21:27'),
	(170, 1, 57, 8, 0.000, 0.000, '2018-12-17 05:54:13', '2018-12-18 03:21:27'),
	(171, 1, 57, 7, 0.000, 0.000, '2018-12-17 05:54:13', '2018-12-18 03:21:27'),
	(172, 1, 58, 9, 0.000, 0.000, '2018-12-17 05:54:13', '2018-12-18 03:21:27'),
	(173, 1, 58, 8, 0.000, 0.000, '2018-12-17 05:54:13', '2018-12-18 03:21:27'),
	(174, 1, 58, 7, 0.000, 0.000, '2018-12-17 05:54:13', '2018-12-18 03:21:27'),
	(175, 1, 59, 9, 0.000, 0.000, '2018-12-17 05:54:13', '2018-12-18 03:21:27'),
	(176, 1, 59, 8, 0.000, 0.000, '2018-12-17 05:54:14', '2018-12-18 03:21:27'),
	(177, 1, 59, 7, 0.000, 0.000, '2018-12-17 05:54:14', '2018-12-18 03:21:27'),
	(178, 1, 60, 9, 0.000, 0.000, '2018-12-17 05:54:14', '2018-12-18 03:21:27'),
	(179, 1, 60, 8, 0.000, 0.000, '2018-12-17 05:54:14', '2018-12-18 03:21:27'),
	(180, 1, 60, 7, 0.000, 0.000, '2018-12-17 05:54:14', '2018-12-18 03:21:28'),
	(181, 1, 61, 9, 0.000, 0.000, '2018-12-17 05:54:14', '2018-12-18 03:21:28'),
	(182, 1, 61, 8, 0.000, 0.000, '2018-12-17 05:54:14', '2018-12-18 03:21:28'),
	(183, 1, 61, 7, 0.000, 0.000, '2018-12-17 05:54:14', '2018-12-18 03:21:28'),
	(184, 1, 62, 9, 0.000, 0.000, '2018-12-17 05:54:14', '2018-12-18 03:21:28'),
	(185, 1, 62, 8, 0.000, 0.000, '2018-12-17 05:54:14', '2018-12-18 03:21:28'),
	(186, 1, 62, 7, 0.000, 0.000, '2018-12-17 05:54:14', '2018-12-18 03:21:28'),
	(187, 1, 63, 9, 0.000, 0.000, '2018-12-17 05:54:14', '2018-12-18 03:21:28'),
	(188, 1, 63, 8, 0.000, 0.000, '2018-12-17 05:54:14', '2018-12-18 03:21:28'),
	(189, 1, 63, 7, 0.000, 0.000, '2018-12-17 05:54:15', '2018-12-18 03:21:28'),
	(190, 1, 64, 9, 0.000, 0.000, '2018-12-17 05:54:15', '2018-12-18 03:21:28'),
	(191, 1, 64, 8, 0.000, 0.000, '2018-12-17 05:54:15', '2018-12-18 03:21:28'),
	(192, 1, 64, 7, 0.000, 0.000, '2018-12-17 05:54:15', '2018-12-18 03:21:28'),
	(193, 1, 65, 9, 0.000, 0.000, '2018-12-17 05:54:15', '2018-12-18 03:21:29'),
	(194, 1, 65, 8, 0.000, 0.000, '2018-12-17 05:54:15', '2018-12-18 03:21:29'),
	(195, 1, 65, 7, 0.000, 0.000, '2018-12-17 05:54:15', '2018-12-18 03:21:29'),
	(196, 1, 66, 9, 0.000, 0.000, '2018-12-17 05:54:15', '2018-12-18 03:21:29'),
	(197, 1, 66, 8, 0.000, 0.000, '2018-12-17 05:54:15', '2018-12-18 03:21:29'),
	(198, 1, 66, 7, 0.000, 0.000, '2018-12-17 05:54:15', '2018-12-18 03:21:29'),
	(199, 1, 67, 9, 0.000, 0.000, '2018-12-17 05:54:15', '2018-12-18 03:21:29'),
	(200, 1, 67, 8, 0.000, 0.000, '2018-12-17 05:54:15', '2018-12-18 03:21:29'),
	(201, 1, 67, 7, 0.000, 0.000, '2018-12-17 05:54:15', '2018-12-18 03:21:29'),
	(202, 1, 68, 9, 0.000, 0.000, '2018-12-17 05:54:16', '2018-12-18 03:21:29'),
	(203, 1, 68, 8, 0.000, 0.000, '2018-12-17 05:54:16', '2018-12-18 03:21:29'),
	(204, 1, 68, 7, 0.000, 0.000, '2018-12-17 05:54:16', '2018-12-18 03:21:29'),
	(205, 1, 69, 9, 0.000, 0.000, '2018-12-17 05:54:16', '2018-12-18 03:21:29'),
	(206, 1, 69, 8, 0.000, 0.000, '2018-12-17 05:54:16', '2018-12-18 03:21:30'),
	(207, 1, 69, 7, 0.000, 0.000, '2018-12-17 05:54:16', '2018-12-18 03:21:30'),
	(208, 1, 70, 9, 0.000, 0.000, '2018-12-17 05:54:16', '2018-12-18 03:21:30'),
	(209, 1, 70, 8, 0.000, 0.000, '2018-12-17 05:54:16', '2018-12-18 03:21:30'),
	(210, 1, 70, 7, 0.000, 0.000, '2018-12-17 05:54:16', '2018-12-18 03:21:30'),
	(211, 1, 71, 9, 0.000, 0.000, '2018-12-17 05:54:16', '2018-12-18 03:21:30'),
	(212, 1, 71, 8, 0.000, 0.000, '2018-12-17 05:54:16', '2018-12-18 03:21:30'),
	(213, 1, 71, 7, 0.000, 0.000, '2018-12-17 05:54:16', '2018-12-18 03:21:30'),
	(214, 1, 72, 9, 0.000, 0.000, '2018-12-17 05:54:16', '2018-12-18 03:21:30'),
	(215, 1, 72, 8, 0.000, 0.000, '2018-12-17 05:54:17', '2018-12-18 03:21:30'),
	(216, 1, 72, 7, 0.000, 0.000, '2018-12-17 05:54:17', '2018-12-18 03:21:31'),
	(217, 1, 73, 9, 0.000, 0.000, '2018-12-17 05:54:17', '2018-12-18 03:21:31'),
	(218, 1, 73, 8, 0.000, 0.000, '2018-12-17 05:54:17', '2018-12-18 03:21:31'),
	(219, 1, 73, 7, 0.000, 0.000, '2018-12-17 05:54:17', '2018-12-18 03:21:31'),
	(220, 1, 74, 9, 0.000, 0.000, '2018-12-17 05:54:17', '2018-12-18 03:21:31'),
	(221, 1, 74, 8, 0.000, 0.000, '2018-12-17 05:54:17', '2018-12-18 03:21:31'),
	(222, 1, 74, 7, 0.000, 0.000, '2018-12-17 05:54:17', '2018-12-18 03:21:31'),
	(223, 1, 75, 9, 0.000, 0.000, '2018-12-17 05:54:17', '2018-12-18 03:21:31'),
	(224, 1, 75, 8, 0.000, 0.000, '2018-12-17 05:54:17', '2018-12-18 03:21:31'),
	(225, 1, 75, 7, 0.000, 0.000, '2018-12-17 05:54:17', '2018-12-18 03:21:31'),
	(226, 1, 76, 9, 0.000, 0.000, '2018-12-17 05:54:17', '2018-12-18 03:21:31'),
	(227, 1, 76, 8, 0.000, 0.000, '2018-12-17 05:54:17', '2018-12-18 03:21:31'),
	(228, 1, 76, 7, 0.000, 0.000, '2018-12-17 05:54:17', '2018-12-18 03:21:32'),
	(229, 1, 77, 9, 0.000, 0.000, '2018-12-17 05:54:18', '2018-12-18 03:21:32'),
	(230, 1, 77, 8, 0.000, 0.000, '2018-12-17 05:54:18', '2018-12-18 03:21:32'),
	(231, 1, 77, 7, 0.000, 0.000, '2018-12-17 05:54:18', '2018-12-18 03:21:32'),
	(232, 1, 78, 9, 0.000, 0.000, '2018-12-17 05:54:18', '2018-12-18 03:21:32'),
	(233, 1, 78, 8, 0.000, 0.000, '2018-12-17 05:54:18', '2018-12-18 03:21:32'),
	(234, 1, 78, 7, 0.000, 0.000, '2018-12-17 05:54:18', '2018-12-18 03:21:32'),
	(235, 1, 79, 9, 0.000, 0.000, '2018-12-17 05:54:18', '2018-12-18 03:21:32'),
	(236, 1, 79, 8, 0.000, 0.000, '2018-12-17 05:54:18', '2018-12-18 03:21:32'),
	(237, 1, 79, 7, 0.000, 0.000, '2018-12-17 05:54:18', '2018-12-18 03:21:32'),
	(238, 1, 80, 9, 0.000, 0.000, '2018-12-17 05:54:18', '2018-12-18 03:21:32'),
	(239, 1, 80, 8, 0.000, 0.000, '2018-12-17 05:54:18', '2018-12-18 03:21:32'),
	(240, 1, 80, 7, 0.000, 0.000, '2018-12-17 05:54:18', '2018-12-18 03:21:32'),
	(241, 1, 81, 9, 0.000, 0.000, '2018-12-17 05:54:19', '2018-12-18 03:21:33'),
	(242, 1, 81, 8, 0.000, 0.000, '2018-12-17 05:54:19', '2018-12-18 03:21:33'),
	(243, 1, 81, 7, 0.000, 0.000, '2018-12-17 05:54:19', '2018-12-18 03:21:33'),
	(244, 1, 82, 9, 0.000, 0.000, '2018-12-17 05:54:19', '2018-12-18 03:21:33'),
	(245, 1, 82, 8, 0.000, 0.000, '2018-12-17 05:54:19', '2018-12-18 03:21:33'),
	(246, 1, 82, 7, 0.000, 0.000, '2018-12-17 05:54:19', '2018-12-18 03:21:33'),
	(247, 1, 83, 9, 0.000, 0.000, '2018-12-17 05:54:19', '2018-12-18 03:21:33'),
	(248, 1, 83, 8, 0.000, 0.000, '2018-12-17 05:54:19', '2018-12-18 03:21:33'),
	(249, 1, 83, 7, 0.000, 0.000, '2018-12-17 05:54:19', '2018-12-18 03:21:33'),
	(250, 1, 84, 9, 0.000, 0.000, '2018-12-17 05:54:19', '2018-12-18 03:21:33'),
	(251, 1, 84, 8, 0.000, 0.000, '2018-12-17 05:54:19', '2018-12-18 03:21:33'),
	(252, 1, 84, 7, 0.000, 0.000, '2018-12-17 05:54:19', '2018-12-18 03:21:33'),
	(253, 1, 85, 9, 0.000, 0.000, '2018-12-17 05:54:19', '2018-12-18 03:21:34'),
	(254, 1, 85, 8, 0.000, 0.000, '2018-12-17 05:54:20', '2018-12-18 03:21:34'),
	(255, 1, 85, 7, 0.000, 0.000, '2018-12-17 05:54:20', '2018-12-18 03:21:34'),
	(256, 1, 86, 9, 0.000, 0.000, '2018-12-17 05:54:20', '2018-12-18 03:21:34'),
	(257, 1, 86, 8, 0.000, 0.000, '2018-12-17 05:54:20', '2018-12-18 03:21:34'),
	(258, 1, 86, 7, 0.000, 0.000, '2018-12-17 05:54:20', '2018-12-18 03:21:34'),
	(259, 1, 87, 9, 0.000, 0.000, '2018-12-17 05:54:20', '2018-12-18 03:21:34'),
	(260, 1, 87, 8, 0.000, 0.000, '2018-12-17 05:54:20', '2018-12-18 03:21:34'),
	(261, 1, 87, 7, 0.000, 0.000, '2018-12-17 05:54:20', '2018-12-18 03:21:34'),
	(262, 1, 88, 9, 0.000, 0.000, '2018-12-17 05:54:20', '2018-12-18 03:21:34'),
	(263, 1, 88, 8, 0.000, 0.000, '2018-12-17 05:54:20', '2018-12-18 03:21:34'),
	(264, 1, 88, 7, 0.000, 0.000, '2018-12-17 05:54:20', '2018-12-18 03:21:34'),
	(265, 1, 89, 9, 0.000, 0.000, '2018-12-17 05:54:20', '2018-12-18 03:21:34'),
	(266, 1, 89, 8, 0.000, 0.000, '2018-12-17 05:54:21', '2018-12-18 03:21:35'),
	(267, 1, 89, 7, 0.000, 0.000, '2018-12-17 05:54:21', '2018-12-18 03:21:35'),
	(268, 1, 90, 9, 0.000, 0.000, '2018-12-17 05:54:21', '2018-12-18 03:21:35'),
	(269, 1, 90, 8, 0.000, 0.000, '2018-12-17 05:54:21', '2018-12-18 03:21:35'),
	(270, 1, 90, 7, 0.000, 0.000, '2018-12-17 05:54:21', '2018-12-18 03:21:35'),
	(271, 1, 91, 9, 0.000, 0.000, '2018-12-17 05:54:21', '2018-12-18 03:21:35'),
	(272, 1, 91, 8, 0.000, 0.000, '2018-12-17 05:54:21', '2018-12-18 03:21:35'),
	(273, 1, 91, 7, 0.000, 0.000, '2018-12-17 05:54:21', '2018-12-18 03:21:35'),
	(274, 1, 92, 9, 0.000, 0.000, '2018-12-17 05:54:21', '2018-12-18 03:21:35'),
	(275, 1, 92, 8, 0.000, 0.000, '2018-12-17 05:54:21', '2018-12-18 03:21:35'),
	(276, 1, 92, 7, 0.000, 0.000, '2018-12-17 05:54:21', '2018-12-18 03:21:35'),
	(277, 1, 93, 9, 0.000, 0.000, '2018-12-17 05:54:21', '2018-12-18 03:21:35'),
	(278, 1, 93, 8, 0.000, 0.000, '2018-12-17 05:54:21', '2018-12-18 03:21:35'),
	(279, 1, 93, 7, 0.000, 0.000, '2018-12-17 05:54:21', '2018-12-18 03:21:36'),
	(280, 1, 94, 9, 0.000, 0.000, '2018-12-17 05:54:22', '2018-12-18 03:21:36'),
	(281, 1, 94, 8, 0.000, 0.000, '2018-12-17 05:54:22', '2018-12-18 03:21:36'),
	(282, 1, 94, 7, 0.000, 0.000, '2018-12-17 05:54:22', '2018-12-18 03:21:36'),
	(283, 1, 95, 9, 0.000, 0.000, '2018-12-17 05:54:22', '2018-12-18 03:21:36'),
	(284, 1, 95, 8, 0.000, 0.000, '2018-12-17 05:54:22', '2018-12-18 03:21:36'),
	(285, 1, 95, 7, 0.000, 0.000, '2018-12-17 05:54:22', '2018-12-18 03:21:36'),
	(286, 1, 96, 9, 0.000, 0.000, '2018-12-17 05:54:22', '2018-12-18 03:21:36'),
	(287, 1, 96, 8, 0.000, 0.000, '2018-12-17 05:54:22', '2018-12-18 03:21:36'),
	(288, 1, 96, 7, 0.000, 0.000, '2018-12-17 05:54:22', '2018-12-18 03:21:36'),
	(289, 1, 97, 9, 0.000, 0.000, '2018-12-17 05:54:22', '2018-12-18 03:21:36'),
	(290, 1, 97, 8, 0.000, 0.000, '2018-12-17 05:54:22', '2018-12-18 03:21:36'),
	(291, 1, 97, 7, 0.000, 0.000, '2018-12-17 05:54:22', '2018-12-18 03:21:36'),
	(292, 1, 98, 9, 0.000, 0.000, '2018-12-17 05:54:22', '2018-12-18 03:21:37'),
	(293, 1, 98, 8, 0.000, 0.000, '2018-12-17 05:54:23', '2018-12-18 03:21:37'),
	(294, 1, 98, 7, 0.000, 0.000, '2018-12-17 05:54:23', '2018-12-18 03:21:37'),
	(295, 1, 99, 9, 0.000, 0.000, '2018-12-17 05:54:23', '2018-12-18 03:21:37'),
	(296, 1, 99, 8, 0.000, 0.000, '2018-12-17 05:54:23', '2018-12-18 03:21:37'),
	(297, 1, 99, 7, 0.000, 0.000, '2018-12-17 05:54:23', '2018-12-18 03:21:37'),
	(298, 1, 100, 9, 0.000, 0.000, '2018-12-17 05:54:23', '2018-12-18 03:21:37'),
	(299, 1, 100, 8, 0.000, 0.000, '2018-12-17 05:54:23', '2018-12-18 03:21:37'),
	(300, 1, 100, 7, 0.000, 0.000, '2018-12-17 05:54:23', '2018-12-18 03:21:37'),
	(301, 1, 101, 9, 0.000, 0.000, '2018-12-17 05:54:23', '2018-12-18 03:21:37'),
	(302, 1, 101, 8, 0.000, 0.000, '2018-12-17 05:54:23', '2018-12-18 03:21:37'),
	(303, 1, 101, 7, 0.000, 0.000, '2018-12-17 05:54:23', '2018-12-18 03:21:37'),
	(304, 1, 102, 9, 0.000, 0.000, '2018-12-17 05:54:24', '2018-12-18 03:21:37'),
	(305, 1, 102, 8, 0.000, 0.000, '2018-12-17 05:54:24', '2018-12-18 03:21:37'),
	(306, 1, 102, 7, 0.000, 0.000, '2018-12-17 05:54:24', '2018-12-18 03:21:38'),
	(307, 1, 103, 9, 0.000, 0.000, '2018-12-17 05:54:24', '2018-12-18 03:21:38'),
	(308, 1, 103, 8, 0.000, 0.000, '2018-12-17 05:54:24', '2018-12-18 03:21:38'),
	(309, 1, 103, 7, 0.000, 0.000, '2018-12-17 05:54:24', '2018-12-18 03:21:38'),
	(310, 1, 104, 9, 0.000, 0.000, '2018-12-17 05:54:24', '2018-12-18 03:21:38'),
	(311, 1, 104, 8, 0.000, 0.000, '2018-12-17 05:54:24', '2018-12-18 03:21:38'),
	(312, 1, 104, 7, 0.000, 0.000, '2018-12-17 05:54:24', '2018-12-18 03:21:38'),
	(313, 1, 105, 9, 0.000, 0.000, '2018-12-17 05:54:24', '2018-12-18 03:21:38'),
	(314, 1, 105, 8, 0.000, 0.000, '2018-12-17 05:54:24', '2018-12-18 03:21:38'),
	(315, 1, 105, 7, 0.000, 0.000, '2018-12-17 05:54:24', '2018-12-18 03:21:38'),
	(316, 1, 106, 9, 0.000, 0.000, '2018-12-17 05:54:24', '2018-12-18 03:21:38'),
	(317, 1, 106, 8, 0.000, 0.000, '2018-12-17 05:54:25', '2018-12-18 03:21:38'),
	(318, 1, 106, 7, 0.000, 0.000, '2018-12-17 05:54:25', '2018-12-18 03:21:39'),
	(319, 1, 107, 9, 0.000, 0.000, '2018-12-17 05:54:25', '2018-12-18 03:21:39'),
	(320, 1, 107, 8, 0.000, 0.000, '2018-12-17 05:54:25', '2018-12-18 03:21:39'),
	(321, 1, 107, 7, 0.000, 0.000, '2018-12-17 05:54:25', '2018-12-18 03:21:39'),
	(322, 1, 108, 9, 0.000, 0.000, '2018-12-17 05:54:25', '2018-12-18 03:21:39'),
	(323, 1, 108, 8, 0.000, 0.000, '2018-12-17 05:54:25', '2018-12-18 03:21:39'),
	(324, 1, 108, 7, 0.000, 0.000, '2018-12-17 05:54:25', '2018-12-18 03:21:39'),
	(325, 1, 109, 9, 0.000, 0.000, '2018-12-17 05:54:25', '2018-12-18 03:21:39'),
	(326, 1, 109, 8, 0.000, 0.000, '2018-12-17 05:54:25', '2018-12-18 03:21:39'),
	(327, 1, 109, 7, 0.000, 0.000, '2018-12-17 05:54:25', '2018-12-18 03:21:39'),
	(328, 1, 110, 9, 0.000, 0.000, '2018-12-17 05:54:25', '2018-12-18 03:21:39'),
	(329, 1, 110, 8, 0.000, 0.000, '2018-12-17 05:54:25', '2018-12-18 03:21:39'),
	(330, 1, 110, 7, 0.000, 0.000, '2018-12-17 05:54:26', '2018-12-18 03:21:39'),
	(331, 1, 111, 9, 0.000, 0.000, '2018-12-17 05:54:26', '2018-12-18 03:21:39'),
	(332, 1, 111, 8, 0.000, 0.000, '2018-12-17 05:54:26', '2018-12-18 03:21:40'),
	(333, 1, 111, 7, 0.000, 0.000, '2018-12-17 05:54:26', '2018-12-18 03:21:40'),
	(334, 1, 112, 9, 0.000, 0.000, '2018-12-17 05:54:26', '2018-12-18 03:21:40'),
	(335, 1, 112, 8, 0.000, 0.000, '2018-12-17 05:54:26', '2018-12-18 03:21:40'),
	(336, 1, 112, 7, 0.000, 0.000, '2018-12-17 05:54:26', '2018-12-18 03:21:40'),
	(337, 1, 113, 9, 0.000, 0.000, '2018-12-17 05:54:26', '2018-12-18 03:21:40'),
	(338, 1, 113, 8, 0.000, 0.000, '2018-12-17 05:54:26', '2018-12-18 03:21:40'),
	(339, 1, 113, 7, 0.000, 0.000, '2018-12-17 05:54:26', '2018-12-18 03:21:40'),
	(340, 1, 114, 9, 0.000, 0.000, '2018-12-17 05:54:26', '2018-12-18 03:21:40'),
	(341, 1, 114, 8, 0.000, 0.000, '2018-12-17 05:54:26', '2018-12-18 03:21:40'),
	(342, 1, 114, 7, 0.000, 0.000, '2018-12-17 05:54:26', '2018-12-18 03:21:40'),
	(343, 1, 115, 9, 0.000, 0.000, '2018-12-17 05:54:27', '2018-12-18 03:21:40'),
	(344, 1, 115, 8, 0.000, 0.000, '2018-12-17 05:54:27', '2018-12-18 03:21:40'),
	(345, 1, 115, 7, 0.000, 0.000, '2018-12-17 05:54:27', '2018-12-18 03:21:41'),
	(346, 1, 116, 9, 0.000, 0.000, '2018-12-17 05:54:27', '2018-12-18 03:21:41'),
	(347, 1, 116, 8, 0.000, 0.000, '2018-12-17 05:54:27', '2018-12-18 03:21:41'),
	(348, 1, 116, 7, 0.000, 0.000, '2018-12-17 05:54:27', '2018-12-18 03:21:41'),
	(349, 1, 117, 9, 0.000, 0.000, '2018-12-17 05:54:27', '2018-12-18 03:21:41'),
	(350, 1, 117, 8, 0.000, 0.000, '2018-12-17 05:54:27', '2018-12-18 03:21:41'),
	(351, 1, 117, 7, 0.000, 0.000, '2018-12-17 05:54:27', '2018-12-18 03:21:41'),
	(352, 1, 118, 9, 0.000, 0.000, '2018-12-17 05:54:27', '2018-12-18 03:21:41'),
	(353, 1, 118, 8, 0.000, 0.000, '2018-12-17 05:54:27', '2018-12-18 03:21:41'),
	(354, 1, 118, 7, 0.000, 0.000, '2018-12-17 05:54:27', '2018-12-18 03:21:41'),
	(355, 1, 119, 9, 0.000, 0.000, '2018-12-17 05:54:27', '2018-12-18 03:21:41'),
	(356, 1, 119, 8, 0.000, 0.000, '2018-12-17 05:54:27', '2018-12-18 03:21:41'),
	(357, 1, 119, 7, 0.000, 0.000, '2018-12-17 05:54:28', '2018-12-18 03:21:42'),
	(358, 1, 120, 9, 0.000, 0.000, '2018-12-17 05:54:28', '2018-12-18 03:21:42'),
	(359, 1, 120, 8, 0.000, 0.000, '2018-12-17 05:54:28', '2018-12-18 03:21:42'),
	(360, 1, 120, 7, 0.000, 0.000, '2018-12-17 05:54:28', '2018-12-18 03:21:42'),
	(361, 1, 121, 9, 0.000, 0.000, '2018-12-17 05:54:28', '2018-12-18 03:21:42'),
	(362, 1, 121, 8, 0.000, 0.000, '2018-12-17 05:54:28', '2018-12-18 03:21:42'),
	(363, 1, 121, 7, 0.000, 0.000, '2018-12-17 05:54:28', '2018-12-18 03:21:42'),
	(364, 1, 122, 9, 0.000, 0.000, '2018-12-17 05:54:28', '2018-12-18 03:21:42'),
	(365, 1, 122, 8, 0.000, 0.000, '2018-12-17 05:54:28', '2018-12-18 03:21:42'),
	(366, 1, 122, 7, 0.000, 0.000, '2018-12-17 05:54:28', '2018-12-18 03:21:42'),
	(367, 1, 123, 9, 0.000, 0.000, '2018-12-17 05:54:28', '2018-12-18 03:21:42'),
	(368, 1, 123, 8, 0.000, 0.000, '2018-12-17 05:54:28', '2018-12-18 03:21:43'),
	(369, 1, 123, 7, 0.000, 0.000, '2018-12-17 05:54:28', '2018-12-18 03:21:43'),
	(370, 1, 124, 9, 0.000, 0.000, '2018-12-17 05:54:29', '2018-12-18 03:21:43'),
	(371, 1, 124, 8, 0.000, 0.000, '2018-12-17 05:54:29', '2018-12-18 03:21:43'),
	(372, 1, 124, 7, 0.000, 0.000, '2018-12-17 05:54:29', '2018-12-18 03:21:43'),
	(373, 1, 125, 9, 0.000, 0.000, '2018-12-17 05:54:29', '2018-12-18 03:21:43'),
	(374, 1, 125, 8, 0.000, 0.000, '2018-12-17 05:54:29', '2018-12-18 03:21:43'),
	(375, 1, 125, 7, 0.000, 0.000, '2018-12-17 05:54:29', '2018-12-18 03:21:43'),
	(376, 1, 126, 9, 0.000, 0.000, '2018-12-17 05:54:29', '2018-12-18 03:21:43'),
	(377, 1, 126, 8, 0.000, 0.000, '2018-12-17 05:54:29', '2018-12-18 03:21:43'),
	(378, 1, 126, 7, 0.000, 0.000, '2018-12-17 05:54:29', '2018-12-18 03:21:43'),
	(379, 1, 127, 9, 0.000, 0.000, '2018-12-17 05:54:29', '2018-12-18 03:21:43'),
	(380, 1, 127, 8, 0.000, 0.000, '2018-12-17 05:54:29', '2018-12-18 03:21:43'),
	(381, 1, 127, 7, 0.000, 0.000, '2018-12-17 05:54:29', '2018-12-18 03:21:43'),
	(382, 1, 128, 9, 0.000, 0.000, '2018-12-17 05:54:29', '2018-12-18 03:21:44'),
	(383, 1, 128, 8, 0.000, 0.000, '2018-12-17 05:54:30', '2018-12-18 03:21:44'),
	(384, 1, 128, 7, 0.000, 0.000, '2018-12-17 05:54:30', '2018-12-18 03:21:44'),
	(385, 1, 129, 9, 0.000, 0.000, '2018-12-17 05:54:30', '2018-12-18 03:21:44'),
	(386, 1, 129, 8, 0.000, 0.000, '2018-12-17 05:54:30', '2018-12-18 03:21:44'),
	(387, 1, 129, 7, 0.000, 0.000, '2018-12-17 05:54:30', '2018-12-18 03:21:44'),
	(388, 1, 130, 9, 0.000, 0.000, '2018-12-17 05:54:30', '2018-12-18 03:21:44'),
	(389, 1, 130, 8, 0.000, 0.000, '2018-12-17 05:54:30', '2018-12-18 03:21:44'),
	(390, 1, 130, 7, 0.000, 0.000, '2018-12-17 05:54:30', '2018-12-18 03:21:44'),
	(391, 1, 131, 9, 0.000, 0.000, '2018-12-17 06:01:07', '2018-12-18 03:21:44'),
	(392, 1, 131, 8, 0.000, 0.000, '2018-12-17 06:01:07', '2018-12-18 03:21:44'),
	(393, 1, 131, 7, 0.000, 0.000, '2018-12-17 06:01:07', '2018-12-18 03:21:44'),
	(394, 1, 132, 9, 0.000, 0.000, '2018-12-17 06:01:07', '2018-12-18 03:21:44'),
	(395, 1, 132, 8, 0.000, 0.000, '2018-12-17 06:01:07', '2018-12-18 03:21:45'),
	(396, 1, 132, 7, 0.000, 0.000, '2018-12-17 06:01:07', '2018-12-18 03:21:45'),
	(397, 1, 133, 9, 0.000, 0.000, '2018-12-17 06:01:07', '2018-12-18 03:21:45'),
	(398, 1, 133, 8, 0.000, 0.000, '2018-12-17 06:01:07', '2018-12-18 03:21:45'),
	(399, 1, 133, 7, 0.000, 0.000, '2018-12-17 06:01:07', '2018-12-18 03:21:45'),
	(400, 1, 134, 9, 0.000, 0.000, '2018-12-17 06:01:08', '2018-12-18 03:21:45'),
	(401, 1, 134, 8, 0.000, 0.000, '2018-12-17 06:01:08', '2018-12-18 03:21:45'),
	(402, 1, 134, 7, 0.000, 0.000, '2018-12-17 06:01:08', '2018-12-18 03:21:45'),
	(403, 1, 135, 9, 0.000, 0.000, '2018-12-17 06:01:08', '2018-12-18 03:21:45'),
	(404, 1, 135, 8, 0.000, 0.000, '2018-12-17 06:01:08', '2018-12-18 03:21:45'),
	(405, 1, 135, 7, 0.000, 0.000, '2018-12-17 06:01:08', '2018-12-18 03:21:45'),
	(406, 1, 1, 10, 93.483, 91.984, '2018-12-18 04:48:51', '2018-12-18 10:34:28'),
	(407, 1, 2, 10, 94.930, 95.000, '2018-12-18 04:48:51', '2018-12-18 10:33:06'),
	(408, 1, 14, 10, 90.548, 88.000, '2018-12-18 04:48:51', '2018-12-18 10:33:06'),
	(409, 1, 1, 16, 18.521, 0.000, '2018-12-18 05:08:13', '2018-12-18 05:58:20'),
	(410, 1, 2, 16, 0.000, 0.000, '2018-12-18 05:08:14', '2018-12-18 05:58:21'),
	(411, 1, 14, 16, 0.000, 0.000, '2018-12-18 05:08:14', '2018-12-18 05:58:21'),
	(412, 1, 1, 6, 7.038, 0.000, '2018-12-18 05:58:20', '2018-12-18 05:58:20'),
	(413, 1, 2, 6, 0.000, 0.000, '2018-12-18 05:58:21', '2018-12-18 05:58:21'),
	(414, 1, 14, 6, 0.000, 0.000, '2018-12-18 05:58:21', '2018-12-18 05:58:21'),
	(415, 1, 1, 12, 91.401, 92.536, '2018-12-18 06:00:26', '2018-12-18 06:00:26'),
	(416, 1, 2, 12, 0.000, 0.000, '2018-12-18 06:00:26', '2018-12-18 06:00:26'),
	(417, 1, 14, 12, 0.000, 0.000, '2018-12-18 06:00:26', '2018-12-18 06:00:26'),
	(418, 1, 15, 12, 0.000, 0.000, '2018-12-18 06:00:27', '2018-12-18 06:00:27'),
	(419, 1, 15, 10, 0.000, 0.000, '2018-12-18 06:09:18', '2018-12-18 10:34:27'),
	(420, 1, 16, 10, 0.000, 0.000, '2018-12-18 06:09:19', '2018-12-18 10:34:27'),
	(421, 1, 17, 10, 0.000, 0.000, '2018-12-18 06:09:19', '2018-12-18 10:34:27'),
	(422, 1, 18, 10, 0.000, 0.000, '2018-12-18 06:09:19', '2018-12-18 10:34:27'),
	(423, 1, 1, 11, 90.925, 92.040, '2018-12-18 06:30:32', '2018-12-18 06:30:32'),
	(424, 1, 2, 11, 0.000, 0.000, '2018-12-18 06:30:33', '2018-12-18 06:30:33'),
	(425, 1, 14, 11, 0.000, 0.000, '2018-12-18 06:30:33', '2018-12-18 06:30:33'),
	(426, 1, 15, 11, 0.000, 0.000, '2018-12-18 06:30:33', '2018-12-18 06:30:33'),
	(427, 1, 1, 5, 33.419, 41.417, '2018-12-18 14:09:59', '2019-03-04 09:21:31'),
	(428, 1, 1, 3, 23.059, 30.234, '2019-01-10 23:50:37', '2019-01-10 23:53:14'),
	(429, 1, 1, 1, 19.831, 28.118, '2019-01-11 00:21:58', '2019-03-04 09:21:47'),
	(430, 1, 1, 20, 8.910, 0.000, '2019-02-12 17:18:41', '2019-02-12 17:21:59'),
	(431, 1, 1, 0, 28.741, 28.118, '2019-02-12 17:18:41', '2019-02-12 17:18:41'),
	(432, 1, 2, 20, 0.000, 0.000, '2019-02-12 17:18:41', '2019-02-12 17:21:59'),
	(433, 1, 2, 0, 0.000, 0.000, '2019-02-12 17:18:41', '2019-02-12 17:18:41'),
	(434, 1, 14, 20, 0.000, 0.000, '2019-02-12 17:18:41', '2019-02-12 17:22:00'),
	(435, 1, 14, 0, 0.000, 0.000, '2019-02-12 17:18:41', '2019-02-12 17:18:41'),
	(436, 1, 15, 20, 0.000, 0.000, '2019-02-12 17:18:41', '2019-02-12 17:22:00'),
	(437, 1, 15, 0, 0.000, 0.000, '2019-02-12 17:18:41', '2019-02-12 17:18:41'),
	(438, 1, 2, 1, 0.000, 0.000, '2019-03-04 09:09:43', '2019-03-04 09:12:31');
/*!40000 ALTER TABLE `ev_nilai_akhir_peserta` ENABLE KEYS */;

-- Dumping structure for table eval.ev_nilai_peserta
CREATE TABLE IF NOT EXISTS `ev_nilai_peserta` (
  `id` int(11) NOT NULL AUTO_INCREMENT,
  `pendidikan_id` int(11) NOT NULL,
  `pendidikan_peserta_id` int(11) NOT NULL,
  `bidang_studi_id` int(11) NOT NULL,
  `bagan_pendidikan_id` int(11) NOT NULL,
  `elemen_penilaian_id` int(11) NOT NULL,
  `tim_id` int(11) NOT NULL,
  `nilai` decimal(5,3) NOT NULL DEFAULT '0.000',
  `nna` decimal(5,3) NOT NULL DEFAULT '0.000',
  `date_created` datetime NOT NULL,
  `date_modified` datetime NOT NULL,
  `title` text,
  `content` text,
  `penilai_id` int(11) NOT NULL DEFAULT '0',
  PRIMARY KEY (`id`)
) ENGINE=InnoDB AUTO_INCREMENT=368 DEFAULT CHARSET=latin1;

-- Dumping data for table eval.ev_nilai_peserta: ~254 rows (approximately)
/*!40000 ALTER TABLE `ev_nilai_peserta` DISABLE KEYS */;
INSERT INTO `ev_nilai_peserta` (`id`, `pendidikan_id`, `pendidikan_peserta_id`, `bidang_studi_id`, `bagan_pendidikan_id`, `elemen_penilaian_id`, `tim_id`, `nilai`, `nna`, `date_created`, `date_modified`, `title`, `content`, `penilai_id`) VALUES
	(1, 1, 1, 8, 1, 9, 1, 0.000, 94.234, '2018-11-25 04:45:53', '2018-12-18 10:34:27', '', '', 13),
	(2, 1, 1, 8, 1, 10, 1, 0.000, 88.234, '2018-11-25 04:45:53', '2018-12-18 10:34:27', '', '', 13),
	(3, 1, 1, 8, 1, 11, 1, 0.000, 91.234, '2018-11-25 04:45:53', '2018-12-18 10:34:27', '', '', 13),
	(4, 1, 1, 8, 1, 12, 1, 92.345, 0.000, '2018-11-25 04:45:53', '2018-12-18 10:34:27', '', '', 13),
	(5, 1, 1, 8, 1, 13, 1, 93.778, 0.000, '2018-11-25 04:45:53', '2018-12-18 10:34:28', '', '', 13),
	(6, 1, 2, 8, 1, 9, 1, 0.000, 95.000, '2018-11-25 04:45:53', '2018-12-18 10:33:06', '', '', 72),
	(7, 1, 2, 8, 1, 10, 1, 0.000, 95.000, '2018-11-25 04:45:53', '2018-12-18 10:33:06', '', '', 72),
	(8, 1, 2, 8, 1, 11, 1, 0.000, 95.000, '2018-11-25 04:45:53', '2018-12-18 10:33:06', '', '', 72),
	(9, 1, 2, 8, 1, 12, 1, 95.000, 0.000, '2018-11-25 04:45:53', '2018-12-18 10:33:06', '', '', 72),
	(10, 1, 2, 8, 1, 13, 1, 94.765, 0.000, '2018-11-25 04:45:53', '2018-12-18 10:33:06', '', '', 72),
	(11, 1, 14, 8, 1, 9, 1, 0.000, 88.000, '2018-11-25 04:45:53', '2018-12-18 10:33:06', '', '', 72),
	(12, 1, 14, 8, 1, 10, 1, 0.000, 88.000, '2018-11-25 04:45:53', '2018-12-18 10:33:06', '', '', 72),
	(13, 1, 14, 8, 1, 11, 1, 0.000, 88.000, '2018-11-25 04:45:53', '2018-12-18 10:33:06', '', '', 72),
	(14, 1, 14, 8, 1, 12, 1, 90.240, 0.000, '2018-11-25 04:45:53', '2018-12-18 10:33:06', '', '', 72),
	(15, 1, 14, 8, 1, 13, 1, 95.000, 0.000, '2018-11-25 04:45:54', '2018-12-18 10:33:06', '', '', 72),
	(20, 1, 1, 11, 1, 18, 2, 90.000, 0.000, '2018-11-25 12:59:34', '2018-12-03 09:29:12', NULL, NULL, 72),
	(21, 1, 1, 11, 1, 19, 2, 85.880, 0.000, '2018-11-25 12:59:34', '2018-12-03 09:29:12', NULL, NULL, 72),
	(22, 1, 1, 11, 1, 20, 2, 93.230, 0.000, '2018-11-25 12:59:34', '2018-12-03 09:29:12', NULL, NULL, 72),
	(23, 1, 1, 11, 1, 21, 2, 94.223, 0.000, '2018-11-25 12:59:34', '2018-12-03 09:29:12', NULL, NULL, 72),
	(24, 1, 1, 11, 1, 16, 2, 90.344, 0.000, '2018-11-25 13:31:44', '2018-12-18 06:30:32', NULL, NULL, 72),
	(25, 1, 1, 11, 1, 17, 2, 91.797, 0.000, '2018-11-29 04:10:04', '2018-12-18 06:30:32', NULL, NULL, 72),
	(26, 1, 1, 11, 1, 93, 2, 0.000, 92.450, '2018-11-29 04:10:04', '2018-12-18 06:30:32', NULL, '', 72),
	(27, 1, 1, 11, 1, 94, 2, 0.000, 94.678, '2018-11-29 04:10:04', '2018-12-18 06:30:32', NULL, '', 72),
	(28, 1, 1, 11, 1, 95, 2, 0.000, 89.754, '2018-11-29 04:10:04', '2018-12-18 06:30:32', NULL, '', 72),
	(29, 1, 2, 11, 1, 16, 2, 0.000, 0.000, '2018-11-29 04:10:04', '2018-12-18 06:30:32', NULL, NULL, 72),
	(30, 1, 2, 11, 1, 17, 2, 0.000, 0.000, '2018-11-29 04:10:04', '2018-12-18 06:30:32', NULL, NULL, 72),
	(31, 1, 2, 11, 1, 93, 2, 0.000, 0.000, '2018-11-29 04:10:04', '2018-12-18 06:30:32', NULL, '', 72),
	(32, 1, 2, 11, 1, 94, 2, 0.000, 0.000, '2018-11-29 04:10:04', '2018-12-18 06:30:32', NULL, '', 72),
	(33, 1, 2, 11, 1, 95, 2, 0.000, 0.000, '2018-11-29 04:10:04', '2018-12-18 06:30:32', NULL, '', 72),
	(34, 1, 14, 11, 1, 16, 2, 0.000, 0.000, '2018-11-29 04:10:04', '2018-12-18 06:30:33', NULL, NULL, 72),
	(35, 1, 14, 11, 1, 17, 2, 0.000, 0.000, '2018-11-29 04:10:04', '2018-12-18 06:30:33', NULL, NULL, 72),
	(36, 1, 14, 11, 1, 93, 2, 0.000, 0.000, '2018-11-29 04:10:04', '2018-12-18 06:30:33', NULL, '', 72),
	(37, 1, 14, 11, 1, 94, 2, 0.000, 0.000, '2018-11-29 04:10:04', '2018-12-18 06:30:33', NULL, '', 72),
	(38, 1, 14, 11, 1, 95, 2, 0.000, 0.000, '2018-11-29 04:10:04', '2018-12-18 06:30:33', NULL, '', 72),
	(39, 1, 15, 11, 1, 16, 2, 0.000, 0.000, '2018-11-29 04:10:04', '2018-12-18 06:30:33', NULL, NULL, 72),
	(40, 1, 15, 11, 1, 17, 2, 0.000, 0.000, '2018-11-29 04:10:04', '2018-12-18 06:30:33', NULL, NULL, 72),
	(41, 1, 15, 11, 1, 93, 2, 0.000, 0.000, '2018-11-29 04:10:04', '2018-12-18 06:30:33', NULL, '', 72),
	(42, 1, 15, 11, 1, 94, 2, 0.000, 0.000, '2018-11-29 04:10:04', '2018-12-18 06:30:33', NULL, '', 72),
	(43, 1, 15, 11, 1, 95, 2, 0.000, 0.000, '2018-11-29 04:10:04', '2018-12-18 06:30:33', NULL, '', 72),
	(44, 1, 1, 11, 1, 22, 2, 91.111, 0.000, '2018-11-29 04:49:24', '2018-12-03 08:57:31', NULL, NULL, 72),
	(45, 1, 1, 11, 1, 23, 2, 92.222, 0.000, '2018-11-29 04:49:24', '2018-12-03 08:57:31', NULL, NULL, 72),
	(46, 1, 1, 11, 1, 24, 2, 91.123, 0.000, '2018-11-29 04:49:24', '2018-12-03 08:57:31', NULL, NULL, 72),
	(47, 1, 1, 11, 1, 25, 2, 90.230, 0.000, '2018-11-29 04:49:24', '2018-12-03 08:57:31', NULL, NULL, 72),
	(48, 1, 1, 11, 1, 26, 2, 94.300, 0.000, '2018-11-29 04:49:24', '2018-12-03 08:57:31', NULL, NULL, 72),
	(49, 1, 1, 14, 1, 53, 3, 0.000, 86.234, '2018-11-29 06:17:40', '2018-12-03 15:53:46', NULL, '', 72),
	(50, 1, 1, 14, 1, 54, 3, 0.000, 93.234, '2018-11-29 06:17:40', '2018-12-03 15:53:46', NULL, '', 72),
	(51, 1, 1, 14, 1, 55, 3, 0.000, 90.223, '2018-11-29 06:17:40', '2018-12-03 15:53:46', NULL, '', 72),
	(52, 1, 1, 14, 1, 56, 3, 0.000, 93.456, '2018-11-29 06:17:40', '2018-12-03 15:53:46', NULL, '', 72),
	(53, 1, 1, 14, 1, 57, 3, 92.774, 0.000, '2018-11-29 06:17:40', '2018-12-03 15:54:43', NULL, NULL, 72),
	(54, 1, 1, 14, 1, 59, 3, 89.995, 0.000, '2018-11-29 06:17:40', '2018-12-03 15:53:47', NULL, '', 72),
	(55, 1, 1, 14, 1, 58, 3, 94.543, 0.000, '2018-11-29 06:17:40', '2018-12-03 15:53:47', NULL, '', 72),
	(56, 1, 2, 14, 1, 53, 3, 0.000, 0.000, '2018-11-29 06:17:40', '2018-12-03 15:53:47', NULL, '', 72),
	(57, 1, 2, 14, 1, 54, 3, 0.000, 0.000, '2018-11-29 06:17:41', '2018-12-03 15:53:47', NULL, '', 72),
	(58, 1, 2, 14, 1, 55, 3, 0.000, 0.000, '2018-11-29 06:17:41', '2018-12-03 15:53:47', NULL, '', 72),
	(59, 1, 2, 14, 1, 56, 3, 0.000, 0.000, '2018-11-29 06:17:41', '2018-12-03 15:53:47', NULL, '', 72),
	(60, 1, 2, 14, 1, 57, 3, 0.000, 0.000, '2018-11-29 06:17:41', '2018-12-03 15:53:47', NULL, NULL, 72),
	(61, 1, 2, 14, 1, 59, 3, 0.000, 0.000, '2018-11-29 06:17:41', '2018-12-03 15:53:47', NULL, '', 72),
	(62, 1, 2, 14, 1, 58, 3, 0.000, 0.000, '2018-11-29 06:17:41', '2018-12-03 15:53:47', NULL, '', 72),
	(63, 1, 14, 14, 1, 53, 3, 0.000, 0.000, '2018-11-29 06:17:41', '2018-12-03 15:53:47', NULL, '', 72),
	(64, 1, 14, 14, 1, 54, 3, 0.000, 0.000, '2018-11-29 06:17:41', '2018-12-03 15:53:47', NULL, '', 72),
	(65, 1, 14, 14, 1, 55, 3, 0.000, 0.000, '2018-11-29 06:17:41', '2018-12-03 15:53:47', NULL, '', 72),
	(66, 1, 14, 14, 1, 56, 3, 0.000, 0.000, '2018-11-29 06:17:41', '2018-12-03 15:53:47', NULL, '', 72),
	(67, 1, 14, 14, 1, 57, 3, 0.000, 0.000, '2018-11-29 06:17:41', '2018-12-03 15:53:47', NULL, NULL, 72),
	(68, 1, 14, 14, 1, 59, 3, 0.000, 0.000, '2018-11-29 06:17:41', '2018-12-03 15:53:47', NULL, '', 72),
	(69, 1, 14, 14, 1, 58, 3, 0.000, 0.000, '2018-11-29 06:17:41', '2018-12-03 15:53:47', NULL, '', 72),
	(70, 1, 1, 8, 1, 8, 1, 93.205, 91.234, '2018-12-03 05:29:13', '2018-12-18 10:34:28', NULL, NULL, 13),
	(71, 1, 2, 8, 1, 8, 1, 94.859, 95.000, '2018-12-03 05:29:14', '2018-12-18 10:33:06', NULL, NULL, 72),
	(72, 1, 14, 8, 1, 8, 1, 93.096, 88.000, '2018-12-03 05:29:14', '2018-12-18 10:33:06', NULL, NULL, 72),
	(73, 1, 1, 11, 1, 14, 2, 90.925, 92.040, '2018-12-03 07:37:01', '2018-12-18 06:30:32', NULL, NULL, 72),
	(74, 1, 2, 11, 1, 14, 2, 0.000, 0.000, '2018-12-03 07:37:01', '2018-12-18 06:30:32', NULL, NULL, 72),
	(75, 1, 14, 11, 1, 14, 2, 0.000, 0.000, '2018-12-03 07:37:01', '2018-12-18 06:30:33', NULL, NULL, 72),
	(76, 1, 15, 11, 1, 14, 2, 0.000, 0.000, '2018-12-03 07:37:01', '2018-12-18 06:30:33', NULL, NULL, 72),
	(77, 1, 1, 14, 1, 68, 3, 92.345, 0.000, '2018-12-03 11:10:05', '2018-12-03 15:54:32', NULL, NULL, 72),
	(78, 1, 1, 14, 1, 69, 3, 90.000, 0.000, '2018-12-03 11:10:05', '2018-12-03 15:54:32', NULL, NULL, 72),
	(79, 1, 1, 14, 1, 70, 3, 90.000, 0.000, '2018-12-03 11:10:05', '2018-12-03 15:54:32', NULL, NULL, 72),
	(80, 1, 1, 14, 1, 71, 3, 90.000, 0.000, '2018-12-03 11:10:05', '2018-12-03 15:54:32', NULL, NULL, 72),
	(81, 1, 1, 14, 1, 72, 3, 90.000, 0.000, '2018-12-03 11:10:05', '2018-12-03 15:54:32', NULL, NULL, 72),
	(82, 1, 1, 14, 1, 73, 3, 90.000, 0.000, '2018-12-03 11:10:05', '2018-12-03 15:54:32', NULL, NULL, 72),
	(83, 1, 1, 14, 1, 74, 3, 92.435, 0.000, '2018-12-03 11:10:05', '2018-12-03 15:54:32', NULL, NULL, 72),
	(84, 1, 1, 14, 1, 75, 3, 93.111, 0.000, '2018-12-03 11:10:05', '2018-12-03 15:54:32', NULL, NULL, 72),
	(85, 1, 1, 14, 1, 76, 3, 89.234, 0.000, '2018-12-03 11:10:05', '2018-12-03 15:54:32', NULL, NULL, 72),
	(86, 1, 1, 14, 1, 77, 3, 94.456, 0.000, '2018-12-03 11:10:05', '2018-12-03 15:54:32', NULL, NULL, 72),
	(87, 1, 1, 14, 1, 92, 3, 95.000, 0.000, '2018-12-03 11:10:05', '2018-12-03 15:54:32', NULL, NULL, 72),
	(88, 1, 1, 14, 1, 91, 3, 90.123, 0.000, '2018-12-03 11:10:05', '2018-12-03 15:54:32', NULL, NULL, 72),
	(89, 1, 1, 14, 1, 90, 3, 93.453, 0.000, '2018-12-03 11:10:05', '2018-12-03 15:54:32', NULL, NULL, 72),
	(90, 1, 1, 14, 1, 89, 3, 94.000, 0.000, '2018-12-03 11:10:05', '2018-12-03 15:54:33', NULL, NULL, 72),
	(91, 1, 1, 14, 1, 88, 3, 94.000, 0.000, '2018-12-03 11:10:05', '2018-12-03 15:54:33', NULL, NULL, 72),
	(92, 1, 1, 14, 1, 87, 3, 94.000, 0.000, '2018-12-03 11:10:05', '2018-12-03 15:54:33', NULL, NULL, 72),
	(93, 1, 1, 14, 1, 78, 3, 92.345, 0.000, '2018-12-03 11:10:05', '2018-12-03 15:54:33', NULL, NULL, 72),
	(94, 1, 1, 14, 1, 79, 3, 94.234, 0.000, '2018-12-03 11:10:05', '2018-12-03 15:54:33', NULL, NULL, 72),
	(95, 1, 1, 14, 1, 80, 3, 90.123, 0.000, '2018-12-03 11:10:05', '2018-12-03 15:54:33', NULL, NULL, 72),
	(96, 1, 1, 14, 1, 81, 3, 92.000, 0.000, '2018-12-03 11:10:05', '2018-12-03 15:54:33', NULL, NULL, 72),
	(97, 1, 1, 14, 1, 82, 3, 92.000, 0.000, '2018-12-03 11:10:05', '2018-12-03 15:54:33', NULL, NULL, 72),
	(98, 1, 1, 14, 1, 83, 3, 92.000, 0.000, '2018-12-03 11:10:05', '2018-12-03 15:54:33', NULL, NULL, 72),
	(99, 1, 1, 14, 1, 85, 3, 93.000, 0.000, '2018-12-03 11:10:05', '2018-12-03 15:54:33', NULL, NULL, 72),
	(100, 1, 1, 14, 1, 84, 3, 93.000, 0.000, '2018-12-03 11:10:05', '2018-12-03 15:54:33', NULL, NULL, 72),
	(101, 1, 1, 14, 1, 86, 3, 93.000, 0.000, '2018-12-03 11:10:05', '2018-12-03 15:54:33', NULL, NULL, 72),
	(102, 1, 1, 14, 1, 60, 3, 90.235, 0.000, '2018-12-03 11:32:25', '2018-12-03 15:54:42', NULL, NULL, 72),
	(103, 1, 1, 14, 1, 61, 3, 91.896, 0.000, '2018-12-03 11:32:26', '2018-12-03 15:54:42', NULL, NULL, 72),
	(104, 1, 1, 14, 1, 67, 3, 95.000, 0.000, '2018-12-03 11:32:26', '2018-12-03 15:54:42', NULL, NULL, 72),
	(105, 1, 1, 14, 1, 66, 3, 92.121, 0.000, '2018-12-03 11:32:26', '2018-12-03 15:54:42', NULL, NULL, 72),
	(106, 1, 1, 14, 1, 65, 3, 94.000, 0.000, '2018-12-03 11:32:26', '2018-12-03 15:54:42', NULL, NULL, 72),
	(107, 1, 1, 14, 1, 62, 3, 91.990, 0.000, '2018-12-03 11:32:26', '2018-12-03 15:54:43', NULL, NULL, 72),
	(108, 1, 1, 14, 1, 63, 3, 92.000, 0.000, '2018-12-03 11:32:26', '2018-12-03 15:54:43', NULL, NULL, 72),
	(109, 1, 1, 14, 1, 64, 3, 93.000, 0.000, '2018-12-03 11:32:26', '2018-12-03 15:54:43', NULL, NULL, 72),
	(110, 1, 1, 14, 1, 39, 3, 76.258, 90.997, '2018-12-03 15:53:47', '2018-12-03 15:53:47', NULL, NULL, 72),
	(111, 1, 2, 14, 1, 39, 3, 0.000, 0.000, '2018-12-03 15:53:47', '2018-12-03 15:53:47', NULL, NULL, 72),
	(112, 1, 14, 14, 1, 39, 3, 0.000, 0.000, '2018-12-03 15:53:47', '2018-12-03 15:53:47', NULL, NULL, 72),
	(113, 1, 1, 14, 1, 29, 2, 90.345, 0.000, '2018-12-05 03:31:30', '0000-00-00 00:00:00', NULL, NULL, 72),
	(114, 1, 1, 14, 1, 32, 2, 93.000, 0.000, '2018-12-05 03:31:30', '0000-00-00 00:00:00', NULL, NULL, 72),
	(115, 1, 1, 14, 1, 31, 2, 92.000, 0.000, '2018-12-05 03:31:30', '0000-00-00 00:00:00', NULL, NULL, 72),
	(116, 1, 1, 14, 1, 30, 2, 92.000, 0.000, '2018-12-05 03:31:30', '0000-00-00 00:00:00', NULL, NULL, 72),
	(117, 1, 1, 14, 1, 27, 2, 91.373, 0.000, '2018-12-05 03:31:30', '2018-12-18 06:00:26', NULL, NULL, 72),
	(118, 1, 1, 14, 1, 37, 2, 90.560, 0.000, '2018-12-05 03:31:49', '0000-00-00 00:00:00', NULL, NULL, 72),
	(119, 1, 1, 14, 1, 36, 2, 93.678, 0.000, '2018-12-05 03:31:49', '0000-00-00 00:00:00', NULL, NULL, 72),
	(120, 1, 1, 14, 1, 35, 2, 91.000, 0.000, '2018-12-05 03:31:49', '0000-00-00 00:00:00', NULL, NULL, 72),
	(121, 1, 1, 14, 1, 33, 2, 88.980, 0.000, '2018-12-05 03:31:49', '0000-00-00 00:00:00', NULL, NULL, 72),
	(122, 1, 1, 14, 1, 34, 2, 93.000, 0.000, '2018-12-05 03:31:49', '0000-00-00 00:00:00', NULL, NULL, 72),
	(123, 1, 1, 14, 1, 28, 2, 91.444, 0.000, '2018-12-05 03:31:49', '2018-12-18 06:00:26', NULL, NULL, 72),
	(124, 1, 1, 14, 1, 98, 2, 0.000, 93.340, '2018-12-05 03:32:02', '2018-12-18 06:00:26', NULL, NULL, 72),
	(125, 1, 1, 14, 1, 97, 2, 0.000, 93.000, '2018-12-05 03:32:02', '2018-12-18 06:00:26', NULL, NULL, 72),
	(126, 1, 1, 14, 1, 96, 2, 0.000, 91.000, '2018-12-05 03:32:02', '2018-12-18 06:00:26', NULL, NULL, 72),
	(127, 1, 1, 14, 1, 15, 2, 91.401, 92.536, '2018-12-05 03:32:02', '2018-12-18 06:00:26', NULL, NULL, 72),
	(128, 1, 2, 14, 1, 27, 2, 0.000, 0.000, '2018-12-05 03:32:02', '2018-12-18 06:00:26', NULL, NULL, 72),
	(129, 1, 2, 14, 1, 98, 2, 0.000, 0.000, '2018-12-05 03:32:02', '2018-12-18 06:00:26', NULL, NULL, 72),
	(130, 1, 2, 14, 1, 97, 2, 0.000, 0.000, '2018-12-05 03:32:02', '2018-12-18 06:00:26', NULL, NULL, 72),
	(131, 1, 2, 14, 1, 96, 2, 0.000, 0.000, '2018-12-05 03:32:02', '2018-12-18 06:00:26', NULL, NULL, 72),
	(132, 1, 2, 14, 1, 28, 2, 0.000, 0.000, '2018-12-05 03:32:02', '2018-12-18 06:00:26', NULL, NULL, 72),
	(133, 1, 2, 14, 1, 15, 2, 0.000, 0.000, '2018-12-05 03:32:02', '2018-12-18 06:00:26', NULL, NULL, 72),
	(134, 1, 14, 14, 1, 27, 2, 0.000, 0.000, '2018-12-05 03:32:02', '2018-12-18 06:00:26', NULL, NULL, 72),
	(135, 1, 14, 14, 1, 98, 2, 0.000, 0.000, '2018-12-05 03:32:02', '2018-12-18 06:00:26', NULL, NULL, 72),
	(136, 1, 14, 14, 1, 97, 2, 0.000, 0.000, '2018-12-05 03:32:02', '2018-12-18 06:00:26', NULL, NULL, 72),
	(137, 1, 14, 14, 1, 96, 2, 0.000, 0.000, '2018-12-05 03:32:02', '2018-12-18 06:00:26', NULL, NULL, 72),
	(138, 1, 14, 14, 1, 28, 2, 0.000, 0.000, '2018-12-05 03:32:02', '2018-12-18 06:00:26', NULL, NULL, 72),
	(139, 1, 14, 14, 1, 15, 2, 0.000, 0.000, '2018-12-05 03:32:02', '2018-12-18 06:00:26', NULL, NULL, 72),
	(140, 1, 15, 14, 1, 27, 2, 0.000, 0.000, '2018-12-05 03:32:02', '2018-12-18 06:00:27', NULL, NULL, 72),
	(141, 1, 15, 14, 1, 98, 2, 0.000, 0.000, '2018-12-05 03:32:02', '2018-12-18 06:00:27', NULL, NULL, 72),
	(142, 1, 15, 14, 1, 97, 2, 0.000, 0.000, '2018-12-05 03:32:02', '2018-12-18 06:00:27', NULL, NULL, 72),
	(143, 1, 15, 14, 1, 96, 2, 0.000, 0.000, '2018-12-05 03:32:03', '2018-12-18 06:00:27', NULL, NULL, 72),
	(144, 1, 15, 14, 1, 28, 2, 0.000, 0.000, '2018-12-05 03:32:03', '2018-12-18 06:00:27', NULL, NULL, 72),
	(145, 1, 15, 14, 1, 15, 2, 0.000, 0.000, '2018-12-05 03:32:03', '2018-12-18 06:00:27', NULL, NULL, 72),
	(146, 1, 15, 8, 1, 9, 4, 0.000, 0.000, '2018-12-10 10:24:07', '2018-12-18 10:34:26', NULL, NULL, 13),
	(147, 1, 15, 8, 1, 10, 4, 0.000, 0.000, '2018-12-10 10:24:07', '2018-12-18 10:34:26', NULL, NULL, 13),
	(148, 1, 15, 8, 1, 11, 4, 0.000, 0.000, '2018-12-10 10:24:07', '2018-12-18 10:34:26', NULL, NULL, 13),
	(149, 1, 15, 8, 1, 12, 4, 0.000, 0.000, '2018-12-10 10:24:07', '2018-12-18 10:34:26', NULL, NULL, 13),
	(150, 1, 15, 8, 1, 13, 4, 0.000, 0.000, '2018-12-10 10:24:07', '2018-12-18 10:34:27', NULL, NULL, 13),
	(151, 1, 15, 8, 1, 8, 4, 0.000, 0.000, '2018-12-10 10:24:07', '2018-12-18 10:34:27', NULL, NULL, 13),
	(152, 1, 16, 8, 1, 9, 4, 0.000, 0.000, '2018-12-10 10:24:07', '2018-12-18 10:34:27', NULL, NULL, 13),
	(153, 1, 16, 8, 1, 10, 4, 0.000, 0.000, '2018-12-10 10:24:07', '2018-12-18 10:34:27', NULL, NULL, 13),
	(154, 1, 16, 8, 1, 11, 4, 0.000, 0.000, '2018-12-10 10:24:07', '2018-12-18 10:34:27', NULL, NULL, 13),
	(155, 1, 16, 8, 1, 12, 4, 0.000, 0.000, '2018-12-10 10:24:07', '2018-12-18 10:34:27', NULL, NULL, 13),
	(156, 1, 16, 8, 1, 13, 4, 0.000, 0.000, '2018-12-10 10:24:07', '2018-12-18 10:34:27', NULL, NULL, 13),
	(157, 1, 16, 8, 1, 8, 4, 0.000, 0.000, '2018-12-10 10:24:07', '2018-12-18 10:34:27', NULL, NULL, 13),
	(158, 1, 17, 8, 1, 9, 4, 0.000, 0.000, '2018-12-10 10:24:07', '2018-12-18 10:34:27', NULL, NULL, 13),
	(159, 1, 17, 8, 1, 10, 4, 0.000, 0.000, '2018-12-10 10:24:07', '2018-12-18 10:34:27', NULL, NULL, 13),
	(160, 1, 17, 8, 1, 11, 4, 0.000, 0.000, '2018-12-10 10:24:07', '2018-12-18 10:34:27', NULL, NULL, 13),
	(161, 1, 17, 8, 1, 12, 4, 0.000, 0.000, '2018-12-10 10:24:07', '2018-12-18 10:34:27', NULL, NULL, 13),
	(162, 1, 17, 8, 1, 13, 4, 0.000, 0.000, '2018-12-10 10:24:07', '2018-12-18 10:34:27', NULL, NULL, 13),
	(163, 1, 17, 8, 1, 8, 4, 0.000, 0.000, '2018-12-10 10:24:08', '2018-12-18 10:34:27', NULL, NULL, 13),
	(164, 1, 18, 8, 1, 9, 4, 0.000, 0.000, '2018-12-10 10:24:08', '2018-12-18 10:34:27', NULL, NULL, 13),
	(165, 1, 18, 8, 1, 10, 4, 0.000, 0.000, '2018-12-10 10:24:08', '2018-12-18 10:34:27', NULL, NULL, 13),
	(166, 1, 18, 8, 1, 11, 4, 0.000, 0.000, '2018-12-10 10:24:08', '2018-12-18 10:34:27', NULL, NULL, 13),
	(167, 1, 18, 8, 1, 12, 4, 0.000, 0.000, '2018-12-10 10:24:08', '2018-12-18 10:34:27', NULL, NULL, 13),
	(168, 1, 18, 8, 1, 13, 4, 0.000, 0.000, '2018-12-10 10:24:08', '2018-12-18 10:34:27', NULL, NULL, 13),
	(169, 1, 18, 8, 1, 8, 4, 0.000, 0.000, '2018-12-10 10:24:08', '2018-12-18 10:34:27', NULL, NULL, 13),
	(170, 1, 1, 14, 1, 9, 1, 0.000, 94.322, '2018-12-17 00:24:09', '2018-12-18 10:32:41', NULL, NULL, 72),
	(171, 1, 1, 14, 1, 10, 1, 0.000, 93.455, '2018-12-17 00:24:09', '2018-12-18 10:32:41', NULL, NULL, 72),
	(172, 1, 1, 14, 1, 11, 1, 0.000, 91.000, '2018-12-17 00:24:09', '2018-12-18 10:32:41', NULL, NULL, 72),
	(173, 1, 1, 14, 1, 12, 1, 92.366, 0.000, '2018-12-17 00:24:10', '2018-12-18 10:32:41', NULL, NULL, 72),
	(174, 1, 1, 14, 1, 13, 1, 94.689, 0.000, '2018-12-17 00:24:10', '2018-12-18 10:32:41', NULL, NULL, 72),
	(175, 1, 1, 14, 1, 8, 1, 93.760, 92.733, '2018-12-17 00:24:10', '2018-12-18 10:32:41', NULL, NULL, 72),
	(176, 1, 2, 14, 1, 9, 1, 0.000, 95.000, '2018-12-17 00:24:10', '2018-12-18 10:32:41', NULL, NULL, 72),
	(177, 1, 2, 14, 1, 10, 1, 0.000, 95.000, '2018-12-17 00:24:10', '2018-12-18 10:32:41', NULL, NULL, 72),
	(178, 1, 2, 14, 1, 11, 1, 0.000, 95.000, '2018-12-17 00:24:10', '2018-12-18 10:32:41', NULL, NULL, 72),
	(179, 1, 2, 14, 1, 12, 1, 95.000, 0.000, '2018-12-17 00:24:10', '2018-12-18 10:32:41', NULL, NULL, 72),
	(180, 1, 2, 14, 1, 13, 1, 95.000, 0.000, '2018-12-17 00:24:10', '2018-12-18 10:32:41', NULL, NULL, 72),
	(181, 1, 2, 14, 1, 8, 1, 95.000, 95.000, '2018-12-17 00:24:10', '2018-12-18 10:32:41', NULL, NULL, 72),
	(182, 1, 14, 14, 1, 9, 1, 0.000, 88.000, '2018-12-17 00:24:10', '2018-12-18 10:32:42', NULL, NULL, 72),
	(183, 1, 14, 14, 1, 10, 1, 0.000, 88.000, '2018-12-17 00:24:10', '2018-12-18 10:32:42', NULL, NULL, 72),
	(184, 1, 14, 14, 1, 11, 1, 0.000, 88.000, '2018-12-17 00:24:10', '2018-12-18 10:32:42', NULL, NULL, 72),
	(185, 1, 14, 14, 1, 12, 1, 88.000, 0.000, '2018-12-17 00:24:10', '2018-12-18 10:32:42', NULL, NULL, 72),
	(186, 1, 14, 14, 1, 13, 1, 88.000, 0.000, '2018-12-17 00:24:10', '2018-12-18 10:32:42', NULL, NULL, 72),
	(187, 1, 14, 14, 1, 8, 1, 88.000, 88.000, '2018-12-17 00:24:10', '2018-12-18 10:32:42', NULL, NULL, 72),
	(188, 1, 1, 21, 1, 112, 3, 0.000, 92.345, '2018-12-17 13:01:50', '2018-12-18 05:58:20', NULL, NULL, 72),
	(189, 1, 1, 21, 1, 113, 3, 0.000, 94.344, '2018-12-17 13:01:50', '2018-12-18 05:58:20', NULL, NULL, 72),
	(190, 1, 1, 21, 1, 114, 3, 0.000, 92.345, '2018-12-17 13:01:50', '2018-12-18 05:58:20', NULL, NULL, 72),
	(191, 1, 1, 21, 1, 115, 3, 0.000, 90.000, '2018-12-17 13:01:50', '2018-12-18 05:58:20', NULL, NULL, 72),
	(192, 1, 1, 21, 1, 116, 3, 91.000, 0.000, '2018-12-17 13:01:50', '2018-12-18 05:58:20', NULL, NULL, 72),
	(193, 1, 1, 21, 1, 117, 3, 92.455, 0.000, '2018-12-17 13:01:50', '2018-12-18 05:58:20', NULL, NULL, 72),
	(194, 1, 1, 21, 1, 118, 3, 93.222, 0.000, '2018-12-17 13:01:50', '2018-12-18 05:58:20', NULL, NULL, 72),
	(195, 1, 1, 21, 1, 119, 3, 94.245, 0.000, '2018-12-17 13:01:51', '2018-12-18 05:58:20', NULL, NULL, 72),
	(196, 1, 2, 21, 1, 112, 3, 0.000, 0.000, '2018-12-17 13:01:51', '2018-12-18 05:58:20', NULL, NULL, 72),
	(197, 1, 2, 21, 1, 113, 3, 0.000, 0.000, '2018-12-17 13:01:51', '2018-12-18 05:58:20', NULL, NULL, 72),
	(198, 1, 2, 21, 1, 114, 3, 0.000, 0.000, '2018-12-17 13:01:51', '2018-12-18 05:58:20', NULL, NULL, 72),
	(199, 1, 2, 21, 1, 115, 3, 0.000, 0.000, '2018-12-17 13:01:51', '2018-12-18 05:58:20', NULL, NULL, 72),
	(200, 1, 2, 21, 1, 116, 3, 0.000, 0.000, '2018-12-17 13:01:51', '2018-12-18 05:58:21', NULL, NULL, 72),
	(201, 1, 2, 21, 1, 117, 3, 0.000, 0.000, '2018-12-17 13:01:51', '2018-12-18 05:58:21', NULL, NULL, 72),
	(202, 1, 2, 21, 1, 118, 3, 0.000, 0.000, '2018-12-17 13:01:51', '2018-12-18 05:58:21', NULL, NULL, 72),
	(203, 1, 2, 21, 1, 119, 3, 0.000, 0.000, '2018-12-17 13:01:51', '2018-12-18 05:58:21', NULL, NULL, 72),
	(204, 1, 14, 21, 1, 112, 3, 0.000, 0.000, '2018-12-17 13:01:51', '2018-12-18 05:58:21', NULL, NULL, 72),
	(205, 1, 14, 21, 1, 113, 3, 0.000, 0.000, '2018-12-17 13:01:51', '2018-12-18 05:58:21', NULL, NULL, 72),
	(206, 1, 14, 21, 1, 114, 3, 0.000, 0.000, '2018-12-17 13:01:51', '2018-12-18 05:58:21', NULL, NULL, 72),
	(207, 1, 14, 21, 1, 115, 3, 0.000, 0.000, '2018-12-17 13:01:51', '2018-12-18 05:58:21', NULL, NULL, 72),
	(208, 1, 14, 21, 1, 116, 3, 0.000, 0.000, '2018-12-17 13:01:51', '2018-12-18 05:58:21', NULL, NULL, 72),
	(209, 1, 14, 21, 1, 117, 3, 0.000, 0.000, '2018-12-17 13:01:51', '2018-12-18 05:58:21', NULL, NULL, 72),
	(210, 1, 14, 21, 1, 118, 3, 0.000, 0.000, '2018-12-17 13:01:51', '2018-12-18 05:58:21', NULL, NULL, 72),
	(211, 1, 14, 21, 1, 119, 3, 0.000, 0.000, '2018-12-17 13:01:51', '2018-12-18 05:58:21', NULL, NULL, 72),
	(225, 1, 1, 21, 1, 107, 3, 92.607, 92.041, '2018-12-18 03:38:24', '2018-12-18 05:58:20', NULL, NULL, 72),
	(226, 1, 1, 21, 1, 41, 3, 18.521, 0.000, '2018-12-18 03:38:24', '2018-12-18 05:58:20', NULL, NULL, 72),
	(227, 1, 2, 21, 1, 107, 3, 0.000, 0.000, '2018-12-18 03:38:25', '2018-12-18 05:58:21', NULL, NULL, 72),
	(228, 1, 2, 21, 1, 41, 3, 0.000, 0.000, '2018-12-18 03:38:25', '2018-12-18 05:58:21', NULL, NULL, 72),
	(229, 1, 14, 21, 1, 107, 3, 0.000, 0.000, '2018-12-18 03:38:25', '2018-12-18 05:58:21', NULL, NULL, 72),
	(230, 1, 14, 21, 1, 41, 3, 0.000, 0.000, '2018-12-18 03:38:25', '2018-12-18 05:58:21', NULL, NULL, 72),
	(231, 1, 1, 23, 1, 167, 2, 0.000, 0.000, '2019-02-12 16:52:14', '0000-00-00 00:00:00', NULL, NULL, 13),
	(232, 1, 1, 23, 1, 144, 2, 0.000, 0.000, '2019-02-12 16:52:14', '2019-02-12 16:52:14', NULL, NULL, 13),
	(233, 1, 1, 23, 1, 166, 2, 0.000, 0.000, '2019-02-12 16:52:14', '0000-00-00 00:00:00', NULL, NULL, 13),
	(234, 1, 1, 23, 1, 165, 2, 0.000, 0.000, '2019-02-12 16:52:14', '0000-00-00 00:00:00', NULL, NULL, 13),
	(235, 1, 1, 23, 1, 164, 2, 0.000, 0.000, '2019-02-12 16:52:14', '0000-00-00 00:00:00', NULL, NULL, 13),
	(236, 1, 1, 23, 1, 143, 2, 0.000, 0.000, '2019-02-12 16:52:14', '2019-02-12 16:52:14', NULL, NULL, 13),
	(237, 1, 1, 23, 1, 163, 2, 0.000, 0.000, '2019-02-12 16:52:14', '0000-00-00 00:00:00', NULL, NULL, 13),
	(238, 1, 1, 23, 1, 162, 2, 0.000, 0.000, '2019-02-12 16:52:14', '0000-00-00 00:00:00', NULL, NULL, 13),
	(239, 1, 1, 23, 1, 161, 2, 0.000, 0.000, '2019-02-12 16:52:15', '0000-00-00 00:00:00', NULL, NULL, 13),
	(240, 1, 1, 23, 1, 142, 2, 0.000, 0.000, '2019-02-12 16:52:15', '2019-02-12 16:52:15', NULL, NULL, 13),
	(241, 1, 1, 23, 1, 160, 2, 0.000, 0.000, '2019-02-12 16:52:15', '0000-00-00 00:00:00', NULL, NULL, 13),
	(242, 1, 1, 23, 1, 159, 2, 0.000, 0.000, '2019-02-12 16:52:15', '0000-00-00 00:00:00', NULL, NULL, 13),
	(243, 1, 1, 23, 1, 158, 2, 0.000, 0.000, '2019-02-12 16:52:15', '0000-00-00 00:00:00', NULL, NULL, 13),
	(244, 1, 1, 23, 1, 141, 2, 0.000, 0.000, '2019-02-12 16:52:15', '2019-02-12 16:52:15', NULL, NULL, 13),
	(245, 1, 1, 23, 1, 157, 2, 0.000, 0.000, '2019-02-12 16:52:15', '0000-00-00 00:00:00', NULL, NULL, 13),
	(246, 1, 1, 23, 1, 156, 2, 0.000, 0.000, '2019-02-12 16:52:15', '0000-00-00 00:00:00', NULL, NULL, 13),
	(247, 1, 1, 23, 1, 155, 2, 0.000, 0.000, '2019-02-12 16:52:15', '0000-00-00 00:00:00', NULL, NULL, 13),
	(248, 1, 1, 23, 1, 140, 2, 0.000, 0.000, '2019-02-12 16:52:15', '2019-02-12 16:52:15', NULL, NULL, 13),
	(249, 1, 1, 23, 1, 154, 2, 0.000, 0.000, '2019-02-12 16:52:15', '0000-00-00 00:00:00', NULL, NULL, 13),
	(250, 1, 1, 23, 1, 153, 2, 0.000, 0.000, '2019-02-12 16:52:15', '0000-00-00 00:00:00', NULL, NULL, 13),
	(251, 1, 1, 23, 1, 152, 2, 0.000, 0.000, '2019-02-12 16:52:16', '0000-00-00 00:00:00', NULL, NULL, 13),
	(252, 1, 1, 23, 1, 151, 2, 0.000, 0.000, '2019-02-12 16:52:16', '0000-00-00 00:00:00', NULL, NULL, 13),
	(253, 1, 1, 23, 1, 139, 2, 0.000, 0.000, '2019-02-12 16:52:16', '2019-02-12 16:52:16', NULL, NULL, 13),
	(254, 1, 1, 23, 1, 150, 2, 90.000, 0.000, '2019-02-12 16:52:16', '0000-00-00 00:00:00', NULL, NULL, 13),
	(255, 1, 1, 23, 1, 149, 2, 90.000, 0.000, '2019-02-12 16:52:16', '0000-00-00 00:00:00', NULL, NULL, 13),
	(256, 1, 1, 23, 1, 148, 2, 90.000, 0.000, '2019-02-12 16:52:16', '0000-00-00 00:00:00', NULL, NULL, 13),
	(257, 1, 1, 23, 1, 147, 2, 88.000, 0.000, '2019-02-12 16:52:16', '0000-00-00 00:00:00', NULL, NULL, 13),
	(258, 1, 1, 23, 1, 146, 2, 88.000, 0.000, '2019-02-12 16:52:16', '0000-00-00 00:00:00', NULL, NULL, 13),
	(259, 1, 1, 23, 1, 145, 2, 88.000, 0.000, '2019-02-12 16:52:16', '0000-00-00 00:00:00', NULL, NULL, 13),
	(260, 1, 1, 23, 1, 138, 2, 89.100, 0.000, '2019-02-12 16:52:16', '2019-02-12 16:52:16', NULL, NULL, 13),
	(261, 1, 1, 23, 1, 144, 2, 0.000, 0.000, '2019-02-12 16:53:49', '0000-00-00 00:00:00', NULL, NULL, 13),
	(262, 1, 1, 23, 1, 143, 2, 0.000, 0.000, '2019-02-12 16:53:49', '0000-00-00 00:00:00', NULL, NULL, 13),
	(263, 1, 1, 23, 1, 142, 2, 0.000, 0.000, '2019-02-12 16:53:49', '0000-00-00 00:00:00', NULL, NULL, 13),
	(264, 1, 1, 23, 1, 141, 2, 0.000, 0.000, '2019-02-12 16:53:49', '0000-00-00 00:00:00', NULL, NULL, 13),
	(265, 1, 1, 23, 1, 140, 2, 0.000, 0.000, '2019-02-12 16:53:49', '0000-00-00 00:00:00', NULL, NULL, 13),
	(266, 1, 1, 23, 1, 139, 2, 0.000, 0.000, '2019-02-12 16:53:49', '0000-00-00 00:00:00', NULL, NULL, 13),
	(267, 1, 1, 23, 1, 138, 2, 89.100, 0.000, '2019-02-12 16:53:49', '0000-00-00 00:00:00', NULL, NULL, 13),
	(268, 1, 1, 23, 1, 304, 2, 8.910, 0.000, '2019-02-12 16:53:49', '2019-02-12 16:53:49', NULL, NULL, 13),
	(281, 1, 1, 23, 1, 304, 2, 8.910, 0.000, '2019-02-12 17:18:40', '0000-00-00 00:00:00', NULL, NULL, 13),
	(282, 1, 1, 23, 1, 132, 2, 8.910, 0.000, '2019-02-12 17:18:40', '2019-02-12 17:18:40', NULL, NULL, 13),
	(283, 1, 2, 23, 1, 304, 2, 0.000, 0.000, '2019-02-12 17:18:41', '0000-00-00 00:00:00', NULL, NULL, 13),
	(284, 1, 2, 23, 1, 132, 2, 0.000, 0.000, '2019-02-12 17:18:41', '2019-02-12 17:18:41', NULL, NULL, 13),
	(285, 1, 14, 23, 1, 304, 2, 0.000, 0.000, '2019-02-12 17:18:41', '0000-00-00 00:00:00', NULL, NULL, 13),
	(286, 1, 14, 23, 1, 132, 2, 0.000, 0.000, '2019-02-12 17:18:41', '2019-02-12 17:18:41', NULL, NULL, 13),
	(287, 1, 15, 23, 1, 304, 2, 0.000, 0.000, '2019-02-12 17:18:41', '0000-00-00 00:00:00', NULL, NULL, 13),
	(288, 1, 15, 23, 1, 132, 2, 0.000, 0.000, '2019-02-12 17:18:41', '2019-02-12 17:18:41', NULL, NULL, 13),
	(291, 1, 1, 23, 1, 304, 2, 8.910, 0.000, '2019-02-12 17:21:58', '0000-00-00 00:00:00', NULL, NULL, 13),
	(292, 1, 1, 23, 1, 132, 2, 8.910, 0.000, '2019-02-12 17:21:59', '2019-02-12 17:21:59', NULL, NULL, 13),
	(293, 1, 2, 23, 1, 304, 2, 0.000, 0.000, '2019-02-12 17:21:59', '0000-00-00 00:00:00', NULL, NULL, 13),
	(294, 1, 2, 23, 1, 132, 2, 0.000, 0.000, '2019-02-12 17:21:59', '2019-02-12 17:21:59', NULL, NULL, 13),
	(295, 1, 14, 23, 1, 304, 2, 0.000, 0.000, '2019-02-12 17:21:59', '0000-00-00 00:00:00', NULL, NULL, 13),
	(296, 1, 14, 23, 1, 132, 2, 0.000, 0.000, '2019-02-12 17:21:59', '2019-02-12 17:21:59', NULL, NULL, 13),
	(297, 1, 15, 23, 1, 304, 2, 0.000, 0.000, '2019-02-12 17:22:00', '0000-00-00 00:00:00', NULL, NULL, 13),
	(298, 1, 15, 23, 1, 132, 2, 0.000, 0.000, '2019-02-12 17:22:00', '2019-02-12 17:22:00', NULL, NULL, 13),
	(299, 1, 1, 23, 1, 167, 2, 0.000, 0.000, '2019-03-04 08:58:51', '0000-00-00 00:00:00', NULL, NULL, 72),
	(300, 1, 1, 23, 1, 144, 2, 0.000, 0.000, '2019-03-04 08:58:51', '2019-03-04 09:01:35', NULL, NULL, 72),
	(301, 1, 1, 23, 1, 166, 2, 0.000, 0.000, '2019-03-04 08:58:52', '0000-00-00 00:00:00', NULL, NULL, 72),
	(302, 1, 1, 23, 1, 165, 2, 0.000, 0.000, '2019-03-04 08:58:52', '0000-00-00 00:00:00', NULL, NULL, 72),
	(303, 1, 1, 23, 1, 164, 2, 0.000, 0.000, '2019-03-04 08:58:52', '0000-00-00 00:00:00', NULL, NULL, 72),
	(304, 1, 1, 23, 1, 143, 2, 0.000, 0.000, '2019-03-04 08:58:52', '2019-03-04 09:01:35', NULL, NULL, 72),
	(305, 1, 1, 23, 1, 163, 2, 0.000, 0.000, '2019-03-04 08:58:52', '0000-00-00 00:00:00', NULL, NULL, 72),
	(306, 1, 1, 23, 1, 162, 2, 0.000, 0.000, '2019-03-04 08:58:52', '0000-00-00 00:00:00', NULL, NULL, 72),
	(307, 1, 1, 23, 1, 161, 2, 0.000, 0.000, '2019-03-04 08:58:52', '0000-00-00 00:00:00', NULL, NULL, 72),
	(308, 1, 1, 23, 1, 142, 2, 0.000, 0.000, '2019-03-04 08:58:52', '2019-03-04 09:01:35', NULL, NULL, 72),
	(309, 1, 1, 23, 1, 160, 2, 0.000, 0.000, '2019-03-04 08:58:52', '0000-00-00 00:00:00', NULL, NULL, 72),
	(310, 1, 1, 23, 1, 159, 2, 0.000, 0.000, '2019-03-04 08:58:52', '0000-00-00 00:00:00', NULL, NULL, 72),
	(311, 1, 1, 23, 1, 158, 2, 0.000, 0.000, '2019-03-04 08:58:53', '0000-00-00 00:00:00', NULL, NULL, 72),
	(312, 1, 1, 23, 1, 141, 2, 0.000, 0.000, '2019-03-04 08:58:53', '2019-03-04 09:01:35', NULL, NULL, 72),
	(313, 1, 1, 23, 1, 157, 2, 0.000, 0.000, '2019-03-04 08:58:53', '0000-00-00 00:00:00', NULL, NULL, 72),
	(314, 1, 1, 23, 1, 156, 2, 0.000, 0.000, '2019-03-04 08:58:53', '0000-00-00 00:00:00', NULL, NULL, 72),
	(315, 1, 1, 23, 1, 155, 2, 0.000, 0.000, '2019-03-04 08:58:53', '0000-00-00 00:00:00', NULL, NULL, 72),
	(316, 1, 1, 23, 1, 140, 2, 0.000, 0.000, '2019-03-04 08:58:54', '2019-03-04 09:01:35', NULL, NULL, 72),
	(317, 1, 1, 23, 1, 154, 2, 0.000, 0.000, '2019-03-04 08:58:54', '0000-00-00 00:00:00', NULL, NULL, 72),
	(318, 1, 1, 23, 1, 153, 2, 0.000, 0.000, '2019-03-04 08:58:54', '0000-00-00 00:00:00', NULL, NULL, 72),
	(319, 1, 1, 23, 1, 152, 2, 0.000, 0.000, '2019-03-04 08:58:54', '0000-00-00 00:00:00', NULL, NULL, 72),
	(320, 1, 1, 23, 1, 151, 2, 0.000, 0.000, '2019-03-04 08:58:54', '0000-00-00 00:00:00', NULL, NULL, 72),
	(321, 1, 1, 23, 1, 139, 2, 0.000, 0.000, '2019-03-04 08:58:54', '2019-03-04 09:01:35', NULL, NULL, 72),
	(322, 1, 1, 23, 1, 150, 2, 95.000, 0.000, '2019-03-04 08:58:54', '0000-00-00 00:00:00', NULL, NULL, 72),
	(323, 1, 1, 23, 1, 149, 2, 95.000, 0.000, '2019-03-04 08:58:54', '0000-00-00 00:00:00', NULL, NULL, 72),
	(324, 1, 1, 23, 1, 148, 2, 95.000, 0.000, '2019-03-04 08:58:54', '0000-00-00 00:00:00', NULL, NULL, 72),
	(325, 1, 1, 23, 1, 147, 2, 95.000, 0.000, '2019-03-04 08:58:54', '0000-00-00 00:00:00', NULL, NULL, 72),
	(326, 1, 1, 23, 1, 146, 2, 95.000, 0.000, '2019-03-04 08:58:54', '0000-00-00 00:00:00', NULL, NULL, 72),
	(327, 1, 1, 23, 1, 145, 2, 95.000, 0.000, '2019-03-04 08:58:54', '0000-00-00 00:00:00', NULL, NULL, 72),
	(328, 1, 1, 23, 1, 138, 2, 95.000, 0.000, '2019-03-04 08:58:54', '2019-03-04 09:01:35', NULL, NULL, 72),
	(329, 1, 1, 23, 1, 144, 2, 0.000, 0.000, '2019-03-04 08:59:06', '0000-00-00 00:00:00', NULL, NULL, 72),
	(330, 1, 1, 23, 1, 143, 2, 0.000, 0.000, '2019-03-04 08:59:06', '0000-00-00 00:00:00', NULL, NULL, 72),
	(331, 1, 1, 23, 1, 142, 2, 0.000, 0.000, '2019-03-04 08:59:06', '0000-00-00 00:00:00', NULL, NULL, 72),
	(332, 1, 1, 23, 1, 141, 2, 0.000, 0.000, '2019-03-04 08:59:07', '0000-00-00 00:00:00', NULL, NULL, 72),
	(333, 1, 1, 23, 1, 140, 2, 0.000, 0.000, '2019-03-04 08:59:07', '0000-00-00 00:00:00', NULL, NULL, 72),
	(334, 1, 1, 23, 1, 139, 2, 0.000, 0.000, '2019-03-04 08:59:07', '0000-00-00 00:00:00', NULL, NULL, 72),
	(335, 1, 1, 23, 1, 138, 2, 95.000, 0.000, '2019-03-04 08:59:07', '0000-00-00 00:00:00', NULL, NULL, 72),
	(336, 1, 1, 23, 1, 304, 2, 9.500, 0.000, '2019-03-04 08:59:07', '2019-03-04 08:59:07', NULL, NULL, 72),
	(337, 1, 1, 23, 1, 167, 2, 0.000, 0.000, '2019-03-04 09:01:08', '0000-00-00 00:00:00', NULL, NULL, 72),
	(338, 1, 1, 23, 1, 144, 2, 0.000, 0.000, '2019-03-04 09:01:08', '2019-03-04 09:01:08', NULL, NULL, 72),
	(339, 1, 1, 23, 1, 166, 2, 0.000, 0.000, '2019-03-04 09:01:08', '0000-00-00 00:00:00', NULL, NULL, 72),
	(340, 1, 1, 23, 1, 165, 2, 0.000, 0.000, '2019-03-04 09:01:08', '0000-00-00 00:00:00', NULL, NULL, 72),
	(341, 1, 1, 23, 1, 164, 2, 0.000, 0.000, '2019-03-04 09:01:08', '0000-00-00 00:00:00', NULL, NULL, 72),
	(342, 1, 1, 23, 1, 143, 2, 0.000, 0.000, '2019-03-04 09:01:08', '2019-03-04 09:01:08', NULL, NULL, 72),
	(343, 1, 1, 23, 1, 163, 2, 0.000, 0.000, '2019-03-04 09:01:08', '0000-00-00 00:00:00', NULL, NULL, 72),
	(344, 1, 1, 23, 1, 162, 2, 0.000, 0.000, '2019-03-04 09:01:08', '0000-00-00 00:00:00', NULL, NULL, 72),
	(345, 1, 1, 23, 1, 161, 2, 0.000, 0.000, '2019-03-04 09:01:08', '0000-00-00 00:00:00', NULL, NULL, 72),
	(346, 1, 1, 23, 1, 142, 2, 0.000, 0.000, '2019-03-04 09:01:08', '2019-03-04 09:01:08', NULL, NULL, 72),
	(347, 1, 1, 23, 1, 160, 2, 0.000, 0.000, '2019-03-04 09:01:08', '0000-00-00 00:00:00', NULL, NULL, 72),
	(348, 1, 1, 23, 1, 159, 2, 0.000, 0.000, '2019-03-04 09:01:08', '0000-00-00 00:00:00', NULL, NULL, 72),
	(349, 1, 1, 23, 1, 158, 2, 0.000, 0.000, '2019-03-04 09:01:08', '0000-00-00 00:00:00', NULL, NULL, 72),
	(350, 1, 1, 23, 1, 141, 2, 0.000, 0.000, '2019-03-04 09:01:08', '2019-03-04 09:01:08', NULL, NULL, 72),
	(351, 1, 1, 23, 1, 157, 2, 0.000, 0.000, '2019-03-04 09:01:09', '0000-00-00 00:00:00', NULL, NULL, 72),
	(352, 1, 1, 23, 1, 156, 2, 0.000, 0.000, '2019-03-04 09:01:09', '0000-00-00 00:00:00', NULL, NULL, 72),
	(353, 1, 1, 23, 1, 155, 2, 0.000, 0.000, '2019-03-04 09:01:09', '0000-00-00 00:00:00', NULL, NULL, 72),
	(354, 1, 1, 23, 1, 140, 2, 0.000, 0.000, '2019-03-04 09:01:09', '2019-03-04 09:01:09', NULL, NULL, 72),
	(355, 1, 1, 23, 1, 154, 2, 0.000, 0.000, '2019-03-04 09:01:09', '0000-00-00 00:00:00', NULL, NULL, 72),
	(356, 1, 1, 23, 1, 153, 2, 0.000, 0.000, '2019-03-04 09:01:09', '0000-00-00 00:00:00', NULL, NULL, 72),
	(357, 1, 1, 23, 1, 152, 2, 0.000, 0.000, '2019-03-04 09:01:09', '0000-00-00 00:00:00', NULL, NULL, 72),
	(358, 1, 1, 23, 1, 151, 2, 0.000, 0.000, '2019-03-04 09:01:10', '0000-00-00 00:00:00', NULL, NULL, 72),
	(359, 1, 1, 23, 1, 139, 2, 0.000, 0.000, '2019-03-04 09:01:10', '2019-03-04 09:01:10', NULL, NULL, 72),
	(360, 1, 1, 23, 1, 150, 2, 95.000, 0.000, '2019-03-04 09:01:10', '0000-00-00 00:00:00', NULL, NULL, 72),
	(361, 1, 1, 23, 1, 149, 2, 95.000, 0.000, '2019-03-04 09:01:10', '0000-00-00 00:00:00', NULL, NULL, 72),
	(362, 1, 1, 23, 1, 148, 2, 95.000, 0.000, '2019-03-04 09:01:10', '0000-00-00 00:00:00', NULL, NULL, 72),
	(363, 1, 1, 23, 1, 147, 2, 95.000, 0.000, '2019-03-04 09:01:10', '0000-00-00 00:00:00', NULL, NULL, 72),
	(364, 1, 1, 23, 1, 146, 2, 95.000, 0.000, '2019-03-04 09:01:10', '0000-00-00 00:00:00', NULL, NULL, 72),
	(365, 1, 1, 23, 1, 145, 2, 95.000, 0.000, '2019-03-04 09:01:10', '0000-00-00 00:00:00', NULL, NULL, 72),
	(366, 1, 1, 23, 1, 138, 2, 95.000, 0.000, '2019-03-04 09:01:10', '2019-03-04 09:01:10', NULL, NULL, 72),
	(367, 1, 1, 23, 1, 304, 2, 9.500, 0.000, '2019-03-04 09:01:35', '2019-03-04 09:01:35', NULL, NULL, 72);
/*!40000 ALTER TABLE `ev_nilai_peserta` ENABLE KEYS */;

-- Dumping structure for table eval.ev_notifikasi
CREATE TABLE IF NOT EXISTS `ev_notifikasi` (
  `id` int(11) NOT NULL AUTO_INCREMENT,
  `jadwal_id` int(11) NOT NULL,
  `penilai_id` int(11) NOT NULL,
  `pendidikan` varchar(200) NOT NULL,
  `bidang_studi` varchar(200) NOT NULL,
  `url` varchar(255) NOT NULL,
  `date_created` datetime NOT NULL,
  `date_read` datetime NOT NULL,
  `status` int(11) NOT NULL,
  PRIMARY KEY (`id`)
) ENGINE=InnoDB AUTO_INCREMENT=21 DEFAULT CHARSET=latin1;

-- Dumping data for table eval.ev_notifikasi: ~19 rows (approximately)
/*!40000 ALTER TABLE `ev_notifikasi` DISABLE KEYS */;
INSERT INTO `ev_notifikasi` (`id`, `jadwal_id`, `penilai_id`, `pendidikan`, `bidang_studi`, `url`, `date_created`, `date_read`, `status`) VALUES
	(1, 1, 72, 'PPRA 59', 'Politik', 'pendidikan_jadwal/pendidikan_jadwal_detail_form/1', '2018-11-24 09:01:11', '2019-02-12 09:04:37', 1),
	(2, 2, 72, 'PPRA 59', 'Geografi', 'pendidikan_jadwal/pendidikan_jadwal_detail_form/2', '2018-11-24 17:23:10', '2019-02-08 09:38:26', 1),
	(3, 3, 72, 'PPRA 59', 'Ekonomi', 'pendidikan_jadwal/pendidikan_jadwal_detail_form/3', '2018-11-25 13:48:40', '2019-02-02 10:46:04', 1),
	(4, 2, 72, 'PPRA 59', 'Geografi', 'pendidikan_jadwal/pendidikan_jadwal_detail_form/2', '2018-12-03 04:57:07', '2019-02-08 09:38:26', 1),
	(5, 1, 72, 'PPRA 59', 'Politik', 'pendidikan_jadwal/pendidikan_jadwal_detail_form/1', '2018-12-03 06:09:16', '2019-02-12 09:04:37', 1),
	(6, 3, 72, 'PPRA 59', 'Ekonomi', 'pendidikan_jadwal/pendidikan_jadwal_detail_form/3', '2018-12-03 09:57:38', '2019-02-02 10:46:04', 1),
	(7, 4, 72, 'PPRA 59', 'Ekonomi', 'pendidikan_jadwal/pendidikan_jadwal_detail_form/4', '2018-12-05 03:30:25', '2019-02-12 09:04:46', 1),
	(8, 5, 13, 'PPRA 59', 'Ekonomi', 'pendidikan_jadwal/pendidikan_jadwal_detail_form/5', '2018-12-10 04:42:52', '2018-12-18 10:34:28', 1),
	(9, 5, 13, 'PPRA 59', 'Geografi', 'pendidikan_jadwal/pendidikan_jadwal_detail_form/5', '2018-12-10 10:23:48', '2018-12-18 10:34:28', 1),
	(10, 6, 72, 'PPRA 59', 'Ekonomi', 'pendidikan_jadwal/pendidikan_jadwal_detail_form/6', '2018-12-17 00:23:14', '2019-01-11 13:06:43', 1),
	(11, 2, 72, 'PPRA 59', 'Geografi', 'pendidikan_jadwal/pendidikan_jadwal_detail_form/2', '2018-12-17 05:21:36', '2019-02-08 09:38:26', 1),
	(12, 7, 72, 'PPRA 59', 'Studi Strategis Dalam Negeri (SSDN)', 'pendidikan_jadwal/pendidikan_jadwal_detail_form/7', '2018-12-17 12:45:23', '2019-02-12 09:04:51', 1),
	(13, 7, 72, 'PPRA 59', 'Studi Strategis Dalam Negeri (SSDN)', 'pendidikan_jadwal/pendidikan_jadwal_detail_form/7', '2018-12-17 12:58:40', '2019-02-12 09:04:51', 1),
	(14, 4, 72, 'PPRA 59', 'Ekonomi', 'pendidikan_jadwal/pendidikan_jadwal_detail_form/4', '2018-12-18 06:00:19', '2019-02-12 09:04:46', 1),
	(15, 5, 13, 'PPRA 59', 'Geografi', 'pendidikan_jadwal/pendidikan_jadwal_detail_form/5', '2018-12-18 06:09:00', '2018-12-18 10:34:28', 1),
	(16, 1, 72, 'PPRA 59', 'Politik', 'pendidikan_jadwal/pendidikan_jadwal_detail_form/1', '2018-12-18 06:30:25', '2019-02-12 09:04:37', 1),
	(17, 8, 72, 'PPRA 59', 'Taskap', 'pendidikan_jadwal/pendidikan_jadwal_detail_form/8', '2019-01-11 09:41:56', '2019-03-04 09:01:36', 1),
	(18, 8, 72, 'PPRA 59', 'Taskap', 'pendidikan_jadwal/pendidikan_jadwal_detail_form/8', '2019-02-12 16:50:52', '2019-03-04 09:01:36', 1),
	(19, 8, 13, 'PPRA 59', 'Taskap', 'pendidikan_jadwal/pendidikan_jadwal_detail_form/8', '2019-02-12 16:50:53', '2019-03-04 09:01:36', 1),
	(20, 9, 13, 'PPRA 59', 'Taskap', 'pendidikan_jadwal/pendidikan_jadwal_detail_form/9', '2019-03-04 08:21:03', '2019-03-04 08:21:29', 1);
/*!40000 ALTER TABLE `ev_notifikasi` ENABLE KEYS */;

-- Dumping structure for table eval.ev_pangkat
CREATE TABLE IF NOT EXISTS `ev_pangkat` (
  `id` int(11) NOT NULL AUTO_INCREMENT,
  `name` varchar(255) NOT NULL,
  `golongan` varchar(255) DEFAULT NULL,
  `is_show` tinyint(1) DEFAULT '0',
  PRIMARY KEY (`id`)
) ENGINE=InnoDB AUTO_INCREMENT=59 DEFAULT CHARSET=utf8;

-- Dumping data for table eval.ev_pangkat: ~54 rows (approximately)
/*!40000 ALTER TABLE `ev_pangkat` DISABLE KEYS */;
INSERT INTO `ev_pangkat` (`id`, `name`, `golongan`, `is_show`) VALUES
	(1, 'Juru Muda', 'I/a', 0),
	(2, 'Juru Muda Tingkat I', 'I/b', 0),
	(3, 'Jurusam', '1/c', 0),
	(4, 'Juru Tingkat I', 'I/d', 0),
	(5, 'Pengatur Muda', 'II/a', 0),
	(6, 'Pengatur Muda Tingkat I', 'II/b', 0),
	(7, 'Pengatur', 'II/c', 0),
	(8, 'Pengatur Tingkat I', 'II/d', 0),
	(9, 'Penata Muda', 'III/a', 0),
	(10, 'Penata Muda Tingkat I', 'III/b', 0),
	(11, 'Penata', 'III/c', 0),
	(12, 'Penata Tingkat I', 'III/d', 0),
	(13, 'Pembina', 'IV/a', 0),
	(14, 'Pembina Tingkat I', 'IV/b', 0),
	(15, 'Pembina Utama Muda', 'IV/c', 0),
	(16, 'Pembina Utama Madya', 'IV/d', 0),
	(17, 'Mayjen TNI', '', 0),
	(18, 'Laksda TNI', '', 1),
	(19, 'Marsda TNI', '', 1),
	(20, 'Brigjen Pol', '', 0),
	(21, 'Irjen Pol', '', 0),
	(23, 'Kolonel Arh', '', 0),
	(24, 'Kolonel Inf', '', 0),
	(25, 'Kolonel Laut', 'P', 0),
	(26, 'Kolonel PNB', '', 0),
	(27, 'Kombes Pol', '', 0),
	(28, 'Kolonel Kav', '', 0),
	(29, 'Kolonel Laut', 'T', 0),
	(30, 'Kolonel Tek', '', 0),
	(31, 'Letkol AD', '', 0),
	(32, 'Brigjen TNI', '', 0),
	(33, 'Laksma TNI', '', 0),
	(34, 'Kolonel AL', '', 0),
	(35, 'Kolonel Czi', '', 0),
	(36, 'Captain', '', 0),
	(37, 'Letkol', '', 0),
	(38, 'Brigjen', '', 0),
	(39, 'Civilian', '', 0),
	(40, 'Kolonel', '', 0),
	(41, 'Assistant Superintendent', '', 0),
	(43, 'Mayjen Mar (Purn)', '', 0),
	(44, 'Marsma TNI', '', 0),
	(45, 'Mayjen TNI (Purn)', '', 1),
	(46, 'Laksda TNI (Purn)', '', 1),
	(47, 'Brigjen TNI (Purn)', '', 0),
	(50, 'Kolonel Laut', 'S', 0),
	(51, 'Kolonel Lek', '', 0),
	(52, 'Kolonel Arm', '', 0),
	(53, 'Kolonel Ctp', '', 0),
	(54, 'Kolonel Laut', 'E', 0),
	(55, 'Kolonel Adm', '', 0),
	(56, 'Kolonel Marinir', '', 0),
	(57, 'Kolonel Kes', '', 0),
	(58, 'Pembina Utama', 'IV/e', 0);
/*!40000 ALTER TABLE `ev_pangkat` ENABLE KEYS */;

-- Dumping structure for table eval.ev_pendidikan
CREATE TABLE IF NOT EXISTS `ev_pendidikan` (
  `id` int(11) NOT NULL AUTO_INCREMENT,
  `jenis_pendidikan_id` int(11) NOT NULL,
  `bagan_pendidikan_id` int(11) NOT NULL,
  `name` varchar(255) NOT NULL,
  `date_start` date NOT NULL,
  `date_end` date NOT NULL,
  `date_created` datetime NOT NULL,
  PRIMARY KEY (`id`)
) ENGINE=InnoDB AUTO_INCREMENT=2 DEFAULT CHARSET=latin1;

-- Dumping data for table eval.ev_pendidikan: ~1 rows (approximately)
/*!40000 ALTER TABLE `ev_pendidikan` DISABLE KEYS */;
INSERT INTO `ev_pendidikan` (`id`, `jenis_pendidikan_id`, `bagan_pendidikan_id`, `name`, `date_start`, `date_end`, `date_created`) VALUES
	(1, 1, 1, 'PPRA 59', '2018-11-01', '2018-11-30', '2018-11-21 13:25:57');
/*!40000 ALTER TABLE `ev_pendidikan` ENABLE KEYS */;

-- Dumping structure for table eval.ev_pendidikan_penilai
CREATE TABLE IF NOT EXISTS `ev_pendidikan_penilai` (
  `id` int(11) NOT NULL AUTO_INCREMENT,
  `pendidikan_id` int(11) NOT NULL,
  `penilai_id` int(11) NOT NULL,
  `jabatan` varchar(255) NOT NULL,
  PRIMARY KEY (`id`)
) ENGINE=InnoDB AUTO_INCREMENT=4 DEFAULT CHARSET=latin1;

-- Dumping data for table eval.ev_pendidikan_penilai: ~3 rows (approximately)
/*!40000 ALTER TABLE `ev_pendidikan_penilai` DISABLE KEYS */;
INSERT INTO `ev_pendidikan_penilai` (`id`, `pendidikan_id`, `penilai_id`, `jabatan`) VALUES
	(1, 1, 72, ''),
	(2, 1, 13, ''),
	(3, 1, 39, '');
/*!40000 ALTER TABLE `ev_pendidikan_penilai` ENABLE KEYS */;

-- Dumping structure for table eval.ev_pendidikan_peserta
CREATE TABLE IF NOT EXISTS `ev_pendidikan_peserta` (
  `id` int(11) NOT NULL AUTO_INCREMENT,
  `pendidikan_id` int(11) NOT NULL,
  `gelar_depan` varchar(20) NOT NULL,
  `gelar_belakang` varchar(20) NOT NULL,
  `nama_lengkap` varchar(200) NOT NULL,
  `nip` varchar(30) NOT NULL,
  `jabatan` varchar(500) NOT NULL,
  `pangkat` varchar(100) NOT NULL,
  `instansi_negara` varchar(100) NOT NULL,
  `status` tinyint(1) NOT NULL COMMENT '0=lokal, 1=asing',
  `orders` int(11) NOT NULL DEFAULT '0',
  `tutor_penilai_id` int(11) NOT NULL DEFAULT '0' COMMENT 'penilai_id untuk tutor',
  `date_created` datetime NOT NULL,
  `date_modified` datetime NOT NULL,
  PRIMARY KEY (`id`)
) ENGINE=InnoDB AUTO_INCREMENT=136 DEFAULT CHARSET=latin1;

-- Dumping data for table eval.ev_pendidikan_peserta: ~135 rows (approximately)
/*!40000 ALTER TABLE `ev_pendidikan_peserta` DISABLE KEYS */;
INSERT INTO `ev_pendidikan_peserta` (`id`, `pendidikan_id`, `gelar_depan`, `gelar_belakang`, `nama_lengkap`, `nip`, `jabatan`, `pangkat`, `instansi_negara`, `status`, `orders`, `tutor_penilai_id`, `date_created`, `date_modified`) VALUES
	(1, 1, 'Drs.', 'MS.IS, MH', 'ABDUL RAHMAN SABARA', '19630428 199301 1 001', 'KETUA KOMISI ETIKA, HUKUM, DAN KEPATUHAN PB.PERKEMI', 'PEMBINA TK.I', 'INSPEKTORAT KABUPATEN TANGERANG', 0, 0, 47, '2018-11-21 13:26:48', '0000-00-00 00:00:00'),
	(2, 1, 'Prof. Dr. Ir.', 'SH. MH.', 'ABRAR SALENG', '19630419 198903 1 003', 'KETUA DEWAN PROFESOR UNIVERSITAS HASANUDDIN', 'PEMBINA UTAMA ', 'FAKULTAS HUKUM UNIVERSITAS HASANUDDIN', 0, 4, 0, '2018-11-21 13:26:49', '0000-00-00 00:00:00'),
	(3, 1, 'Dr', 'S.Sos, M.Si.', 'BERNHARD EDUARD RONDONUWU', '19701206 199003 1 001', 'KEPALA BIRO ADMINISTRASI UMUM DAN KEUANGAN INSTITUT PEMERINTAHAN DALAM NEGERI', 'PEMBINA UTAMA MADYA', 'INSTITUT PEMERINTAHAN DALAM NEGERI', 0, 24, 0, '2018-11-21 13:26:49', '0000-00-00 00:00:00'),
	(4, 1, '', 'S.H.', 'BERTO IZAAK DOKO', '', 'DPP. KNPI', 'WAKIL KETUA UMUM', 'DPP KOMINTE NASIONAL PEMUDA INDONESIA', 0, 25, 0, '2018-11-21 13:26:49', '0000-00-00 00:00:00'),
	(5, 1, '', '', 'BUDI SULISTYO', '9841/P', 'ASLOG PANGARMABAR', 'KOLONEL', 'KOARMABAR TNI AL', 0, 26, 0, '2018-11-21 13:26:49', '0000-00-00 00:00:00'),
	(6, 1, '', '', 'Cahyo Rahadian Muzhar, S.H., LL.M.', '', 'Kemenkum &  HAM RI', '', '', 0, 27, 0, '2018-11-21 13:26:49', '0000-00-00 00:00:00'),
	(7, 1, '', '', 'DEDI SOLIHIN', '32418', 'PABAN III/ BIDDAGRI SINTEL TNI', 'KOLONEL', 'MABES TNI/ STAF INTEL TNI', 0, 28, 0, '2018-11-21 13:26:49', '0000-00-00 00:00:00'),
	(8, 1, '', '', 'DENNY HERMAN', '32788', 'DIRBINTER PUSTERAD', 'KOLONEL', 'SDIRBINTER PUSTERAD', 0, 29, 0, '2018-11-21 13:26:49', '0000-00-00 00:00:00'),
	(9, 1, '', 'S.E.', 'DIDIK JOKO SUKMONO', '9284/P', 'SAHLI E-TEKNO', 'KOLONEL LAUT (T)', 'KOARMABAR', 0, 30, 0, '2018-11-21 13:26:49', '0000-00-00 00:00:00'),
	(10, 1, 'Dr.', 'SE, MM', 'ATONG SOEKIRMAN', '197003131989121003', 'ASISTEN DEPUTI PENGEMBANGAN INDUSTRI', 'PEMBINA TK.I', 'KEMENTERIAN KOORDINATOR BIDANG PEREKONOMIAN RI', 0, 20, 0, '2018-11-21 13:26:49', '0000-00-00 00:00:00'),
	(11, 1, '', '', 'Bachtiar Ruslim, B.B.A., S.E.', '', 'DPP. Korps   Menwa Indonesia', '', '', 0, 21, 0, '2018-11-21 13:26:49', '0000-00-00 00:00:00'),
	(12, 1, '', 'S.I.P., M.Si.', 'BAMBANG SOMANTRI', '514521', 'PABAN VII/RB SRENUM TNI', 'KOLONEL PNB', 'SRENUM TNI', 0, 22, 0, '2018-11-21 13:26:49', '0000-00-00 00:00:00'),
	(13, 1, '', '', 'Benjamin Saut Parulian Simanjuntak, S.K.M., M.M.', '', 'BPJS Kesehatan', '', '', 0, 23, 0, '2018-11-21 13:26:49', '0000-00-00 00:00:00'),
	(14, 1, '', 'S.PD., M.SI.', 'ABUBAKAR HI. ABDULLAH', '197305242002121002', 'SEKRETARIS DPRD PROVINSI MALUKU UTARA', 'PEMBINA TK. I', 'SEKRETARIAT DPRD PROVINSI MALUKU UTARA', 0, 3, 0, '2018-11-21 13:26:49', '0000-00-00 00:00:00'),
	(15, 1, '', 'SIP, MBA', 'ACEP SOMANTRI', '19671210 199503 1 001', 'KEPALA BIRO KERJA SAMA LUAR NEGERI', 'PEMBINA TINGKAT I', 'SEKRETARIAT JENDERAL', 0, 5, 0, '2018-11-21 13:26:49', '0000-00-00 00:00:00'),
	(16, 1, '', '', 'Adi Haryono, B.S., M.H.', '', 'Kadin Pusat', '', '', 0, 6, 0, '2018-11-21 13:26:49', '0000-00-00 00:00:00'),
	(17, 1, 'Dr. Drs', 'M.Si.', 'AGUS FATONI, DR. DRS. M.SI.', '197206061992031012', 'KEMEN DAGRI RI', 'PEMBINA UTAMA MUDA', 'BIRO ADMINISTRASI PIMPINAN SEKRETARIAT JENDERAL', 0, 7, 0, '2018-11-21 13:26:49', '0000-00-00 00:00:00'),
	(18, 1, '', 'S.I.P., M.Si.', 'AGUS FIRMAN Y', '1900009270868', 'DANREM 011/LW', 'KOLONEL', 'KOREM 011/LILAWANGSA', 0, 8, 0, '2018-11-21 13:26:49', '0000-00-00 00:00:00'),
	(19, 1, 'Drs', 'M.Hum.', 'AGUS SADONO', '66080392', 'POLRI', 'KOMBES POL', 'BARESKRIM POLRI', 0, 9, 0, '2018-11-21 13:26:49', '0000-00-00 00:00:00'),
	(20, 1, '', '', 'Agustinus Pasalli, S.E., M.M.', '', 'Kemen Kes RI', '', '', 0, 10, 0, '2018-11-21 13:26:49', '0000-00-00 00:00:00'),
	(21, 1, '', 'S.I.P., M.Si.', 'AMAN RIYADI', '196602231990011001', 'DIREKTUR TEKNOLOGI INFORMASI DAN KERJASAMA', 'PEMBINA UTAMA MUDA', 'DIREKTORAT JENDERAL PEMASYARAKATAN / KEMENTERIAN HUKUM DAN HAM RI', 0, 11, 0, '2018-11-21 13:26:50', '0000-00-00 00:00:00'),
	(22, 1, '', 'S.I.K., S.H., M.Si.', 'ANDRIES HERMANTO', '68030512', 'KABAGPROT DIVHUBINTER POLRI', 'KOMBES POL', 'DIVISI HUBUNGAN INTERNASIONAL POLRI', 0, 13, 0, '2018-11-21 13:26:50', '0000-00-00 00:00:00'),
	(23, 1, 'DR. (C) H.', 'S.I.P., M.H.', 'ANTON PERMANA', '', 'KETUA PD PROV. KEPRI', '', 'DPP.FKPPI', 0, 14, 0, '2018-11-21 13:26:50', '0000-00-00 00:00:00'),
	(24, 1, 'drg', 'MKM', 'ARIANTI ANAYA', '196409241994032001', 'DIREKTUR ', 'PEMBINA UTAMA MADYA', 'DIREKTORAT PENILAIAN ALAT KESEHATAN DAN PKRT', 0, 15, 0, '2018-11-21 13:26:50', '0000-00-00 00:00:00'),
	(25, 1, '', '', 'ARIANTYO CONDROWIBOWO', '10096/P', 'ASOPS PANGARMATIM', 'KOLONEL', 'KOARMATIM', 0, 16, 0, '2018-11-21 13:26:50', '0000-00-00 00:00:00'),
	(26, 1, '', ' S.E.', 'ARSYAD ABDULLAH', '9801/P', 'TNI AL', 'LAKSMA ', 'MABES AL', 0, 17, 0, '2018-11-21 13:26:50', '0000-00-00 00:00:00'),
	(27, 1, 'Dr. ', 'M.A.', 'ARUNDATI SHINTA', '1.60/D.Y/UP45', 'DOSEN', 'LEKTOR KEPALA', 'UNIVERSITAS PROKLAMASI 45 YOGYAKARTA', 0, 18, 0, '2018-11-21 13:26:50', '0000-00-00 00:00:00'),
	(28, 1, '', ' S.H., M.Kn.', 'DJULIANTO SANUSI', '0904160806001943', 'KEPALA BIDANG PELATIHAN', '-', 'KOSGORO', 0, 31, 0, '2018-11-21 13:26:50', '0000-00-00 00:00:00'),
	(29, 1, 'Prof. Dr. ', 'S.Pt., M.Sc.', 'DOMINGGUS MALLE', '197009271994031002', 'GURU BESAR', 'PROFESOR', 'UNIVERSITAS PATTIMURA', 0, 32, 0, '2018-11-21 13:26:50', '0000-00-00 00:00:00'),
	(30, 1, '', 'S.E., M.Si.', 'DONI PRIMANTO JOEWONO', '11357', 'KEPALA PERWAKILAN', 'DIREKTUR EKSEKUTIF', 'BANK INDONESIA', 0, 33, 0, '2018-11-21 13:26:50', '0000-00-00 00:00:00'),
	(31, 1, '', 'ATD, MEng.Sc.', 'EDDY GUNAWAN', '19630208 198303', 'DIREKTUR SARANA PERHUBUNGAN DARAT', 'PEMBINA UTAMA MUDA', 'DIREKTORAT JENDERAL PERHUBUNGAN DARAT', 0, 34, 0, '2018-11-21 13:26:50', '0000-00-00 00:00:00'),
	(32, 1, '', 'S.E.', 'EDY SUTRISNO', '1910035400269', 'DIRBINSISMET', 'KOLONEL', 'PUSTERAD', 0, 35, 0, '2018-11-21 13:26:50', '0000-00-00 00:00:00'),
	(33, 1, 'Dr. Ir.', 'M.T.', 'EKA DJUNARSJAH', '19670727 199403 1 006', 'LEKTOR KEPALA', 'PEMBINA TINGKAT I', 'INSTITUT TEKNOLOGI BANDUNG', 0, 36, 0, '2018-11-21 13:26:50', '0000-00-00 00:00:00'),
	(34, 1, '', '', 'Ema Rachmawati, Dra. M.Hum.', '', 'Provinsi Jawa Tengah', '', '', 0, 37, 0, '2018-11-21 13:26:50', '0000-00-00 00:00:00'),
	(35, 1, '', 'SE', 'ENDANG TARYO', '9898/P', 'ASPERS KORMAR', 'KOLONEL', 'TNI - AL (MARINIR)', 0, 38, 0, '2018-11-21 13:26:50', '0000-00-00 00:00:00'),
	(36, 1, '', '', 'Endang Try Setyasih, Dra. Hj. M.M.', '', 'Kemen Dagri RI', '', '', 0, 39, 0, '2018-11-21 13:26:50', '0000-00-00 00:00:00'),
	(37, 1, '', 'S.I.P., M.Tr (HAN)', 'ENGKUS KUSWARA', '514554', 'PABAN I RENSPERSAU', 'KOLONEL', 'SPERSAU', 0, 40, 0, '2018-11-21 13:26:50', '0000-00-00 00:00:00'),
	(38, 1, '', '', 'Erwin Susanto, S.E.', '', 'Kemen Kes RI', '', '', 0, 41, 0, '2018-11-21 13:26:50', '0000-00-00 00:00:00'),
	(39, 1, '', 'ST, MM', 'F.Y. NEVY DWI SOESANTO', '9860/P', 'TNI AL', 'KOLONEL', 'STAF PERSONEL', 0, 42, 0, '2018-11-21 13:26:50', '0000-00-00 00:00:00'),
	(40, 1, '', 'S.S.T.M.K., S.H., M.', 'FADJAR ABDILLAH', '67120444', 'ANJAK MADYA BIDANG JAKSTRA SRENA MABES POLRI', 'KOMBES POL', 'SRENA MABES POLRI', 0, 43, 0, '2018-11-21 13:26:51', '0000-00-00 00:00:00'),
	(41, 1, '', 'S.IP', 'FAJAR BUDIMAN', '31545', '  INSPEKTUR  KODAM', 'KOLONEL', 'TNI AD / KODAM ISKANDAR MUDA', 0, 44, 0, '2018-11-21 13:26:51', '0000-00-00 00:00:00'),
	(42, 1, '', '', 'Fidiansjah, Dr. dr. Sp.KJ., MPH.', '', 'Kemen Kes RI', '', '', 0, 45, 0, '2018-11-21 13:26:51', '0000-00-00 00:00:00'),
	(43, 1, '', '', 'FRITZ GERALD MT. PASARIBU', '1920032750770', 'PABAN IV/BIDLUGRI SINTEL TNI', 'KOLONEL INF', 'SINTEL TNI', 0, 46, 0, '2018-11-21 13:26:51', '0000-00-00 00:00:00'),
	(44, 1, 'Drs', '', 'MOH. GAGAH SUSENO', '66040396', 'DIREKTUR ENERGI DAN KEPENDUDUKAN BADAN INTELIJEN NEGARA', 'KOMISARIS BESAR POLISI', 'BADAN INTELIJEN NEGARA', 0, 88, 0, '2018-11-21 13:26:51', '0000-00-00 00:00:00'),
	(45, 1, '', 'S.H., S.I.K., M.M.', 'GAGAS NUGRAHA', '67050428', 'ANALIS KEBIJAKAN MADYA BIDAN PIDNARKOBA BARESKRIM POLRI', 'KOMBESPOL', 'BARESKRIM POLRI', 0, 47, 0, '2018-11-21 13:26:51', '0000-00-00 00:00:00'),
	(46, 1, '', '', 'Hantor Situmorang, S.Pd., M.Si.', '', 'Kemenkum   &  HAM RI', '', '', 0, 48, 0, '2018-11-21 13:26:51', '0000-00-00 00:00:00'),
	(47, 1, '', 'Drs. M.M., M.TR (HAN', 'HARIS SARJANA', '32419', 'WADANPUSSENARHANUD KODIKLATAD', 'KOLONEL ARH', 'PUSSENARHANUD KODIKLATAD', 0, 49, 0, '2018-11-21 13:26:51', '0000-00-00 00:00:00'),
	(48, 1, '', 'S.Sos.', 'HEDDEZUL', '514583', 'PABAN II / PUAN POTDIRGA', 'KOLONEL PNB', 'MABES TNI AU SPOTDIRGA', 0, 51, 0, '2018-11-21 13:26:51', '0000-00-00 00:00:00'),
	(49, 1, '', '', 'Hemi Pamuraharjo, S.H., D.E.S.S.', '', 'Kemen Hub RI', '', '', 0, 52, 0, '2018-11-21 13:26:51', '0000-00-00 00:00:00'),
	(50, 1, 'Drs.', '', 'HENY SULISTIYA ARIANTA', '67010345', 'DIR PAMOBVIT', 'KOMBES POL', 'POLDA MALUKU', 0, 53, 0, '2018-11-21 13:26:51', '0000-00-00 00:00:00'),
	(51, 1, '', 'Ir. D.E.A.', 'HERI SUDARMAJI', '196609071994031001', 'INSPEKTUR V INSPEKTORAT JENDRAL KEMENTRIAN PERHUBUNGAN', 'PEMBINA UTAMA MUDA ', 'KEMENTERIAN PERHUBUNGAN', 0, 54, 0, '2018-11-21 13:26:51', '0000-00-00 00:00:00'),
	(52, 1, 'IR.', ' M.M.', 'HERRY JOHANES', '6471050607700001', 'WAKIL KETUA BIDANG EKONOMI', '-', 'IKATAN SARJANA KATOLIK INDONESIA', 0, 55, 0, '2018-11-21 13:26:51', '0000-00-00 00:00:00'),
	(53, 1, '', '', 'HERRY PURNOMO', '65050551', 'DIREKTUR PAMOBVIT', 'KOMISARIS BESAR POLISI', 'DIREKTORAT PENGAMANAN OBJEK VITAL  POLDA ACEH', 0, 56, 0, '2018-11-21 13:26:51', '0000-00-00 00:00:00'),
	(54, 1, '', 'SE, MM', 'HERY MARGONO', '122715', 'VICE PRESIDENT PENGENDALIAN PENGADAAN', '-', 'SKKMIGAS', 0, 57, 0, '2018-11-21 13:26:52', '0000-00-00 00:00:00'),
	(55, 1, '', '', 'HESLY PAAT', '513141', 'PABAN I SPOTDIRGA', 'KOLONEL', 'SPOTDIRGA MABES AU', 0, 58, 0, '2018-11-21 13:26:52', '0000-00-00 00:00:00'),
	(56, 1, '', '', 'I WAYAN ARIWIJAYA', '9322/P', 'DANKODIKMAR', 'KOLONEL MARINIR', 'KODIKMAR KODIKLATAL', 1, 0, 0, '2018-11-21 13:26:52', '0000-00-00 00:00:00'),
	(57, 1, 'dr.', 'M.Kes.', 'I WAYAN SUDANA', '196504091995091001', 'DIREKTUR UTAMA RSUP SANGLAH', 'PEMBINA UTAMA MUDA', 'RSUP SANGLAH DENPASAR BALI', 0, 60, 0, '2018-11-21 13:26:52', '0000-00-00 00:00:00'),
	(58, 1, '', '', 'IR. IBNU PRAKOSO ', '', 'WAKIL SEKRETARIS JENDRAL ', '', 'DPP PNI MARHAENISME', 0, 65, 0, '2018-11-21 13:26:52', '0000-00-00 00:00:00'),
	(59, 1, '', '', 'Ida Bagus Nyoman Wiswantanu, S.H., M.H', '', 'Kejaksaan Agung RI', '', '', 0, 61, 0, '2018-11-21 13:26:52', '0000-00-00 00:00:00'),
	(60, 1, '', 'S.E., M.Si.', 'IMAM MUSANI', '9794/P', 'WADAN LANTAMAL IV/TANJUNG PINANG', 'KOLONEL', 'LANTAMAL IV/TANJUNG PINANG', 0, 62, 0, '2018-11-21 13:26:52', '0000-00-00 00:00:00'),
	(61, 1, '', '', 'IMAM SAMPURNO S', '1900003720369', 'PABAN VI/ MININTEL SPAMAD', 'KOLONEL', 'SPAMAD', 0, 63, 0, '2018-11-21 13:26:52', '0000-00-00 00:00:00'),
	(62, 1, 'Drs. ', 'M.H.', 'IMRAN YUNUS', '65090732', 'KABAG BANOPS BIRO KORWAS PPNS BARESKRIM POLRI', 'KOMBES POL', 'BARESKRIM POLRI', 0, 64, 0, '2018-11-21 13:26:52', '0000-00-00 00:00:00'),
	(63, 1, '', '', 'ISWAHYUDI', '66120395', 'POLRI', 'KOMBES POL', 'SRENA POLRI', 0, 66, 0, '2018-11-21 13:26:52', '0000-00-00 00:00:00'),
	(64, 1, '', '', 'Iwan Kurniawan, Bc.I.P., S.H., M.Si.', '', 'Kemen Kum dan HAM RI', '', '', 0, 67, 0, '2018-11-21 13:26:52', '0000-00-00 00:00:00'),
	(65, 1, '-', '-', 'IZAK PANGEMANAN', '1900026180369', 'PABAN BID INSTRA POK EKONOMI SAHLI KASAD', 'KOLONEL', 'SAHLI KASAD', 0, 68, 0, '2018-11-21 13:26:52', '0000-00-00 00:00:00'),
	(66, 1, '', '', 'Jarot Widyoko, Ir. S.Pi', '', 'Kemen PU dan PR RI', '', '', 0, 69, 0, '2018-11-21 13:26:52', '0000-00-00 00:00:00'),
	(67, 1, '', '', 'Jimmy, S.T., M.M.', '', 'DPP. PDI P', '', '', 0, 70, 0, '2018-11-21 13:26:52', '0000-00-00 00:00:00'),
	(68, 1, '', '', 'JONI PARDEDE, S.SOS., M.M.', '1910032270569', 'KOMANDAN KOREM 073/MAKUTARAMA', 'KOLONEL', 'KOREM 073/MAKUTARAMA', 0, 71, 0, '2018-11-21 13:26:52', '0000-00-00 00:00:00'),
	(69, 1, '', '', 'JULEXI TAMBAYONG', '512467', 'KAS KOOPSAU II', 'MARSMA TNI', 'LANUD ABD SALEH', 0, 73, 0, '2018-11-21 13:26:52', '0000-00-00 00:00:00'),
	(70, 1, '-', 'S.Sos.', 'JULIUS JOLLY SUAWA', '1900020300768', 'WADAN PUSSENARMED', 'KOLONEL ARM', 'PUSSENARMED', 0, 74, 0, '2018-11-21 13:26:53', '0000-00-00 00:00:00'),
	(71, 1, 'Drs.', 'S.H., M.H.', 'JUNI', '65060649', 'ANJAK DITTIPID NARKOBA BARESKRIM', 'KOMBES POL', 'DITTIPID NARKOBA BARESKRIM', 0, 75, 0, '2018-11-21 13:26:53', '0000-00-00 00:00:00'),
	(72, 1, '', ' S.H., M.H.', 'KRISNANDI', '65100728', 'ANJAK MADYA DITTIPID NARKOBA', 'KOMBES POL', 'DIREKTORAT NARKOBA  BARESKRIM', 0, 79, 0, '2018-11-21 13:26:53', '0000-00-00 00:00:00'),
	(73, 1, 'DRS.', 'M.M.', 'KRISTONO', '66120399', 'KAROOPS POLDA SULUT', 'KOMBES POL', 'POLDA SULUT', 0, 80, 0, '2018-11-21 13:26:53', '0000-00-00 00:00:00'),
	(74, 1, '', 'S.Sos., M.Si.', 'LALU NIQMAN ZAHIR.', '196801051988031001', 'KEPALA BIRO ORGANISASI, KEANGGOTAAN DAN KEPEGAWAIAN', 'PEMBINA UTAMA MUDA', 'SEKRETARIAT JENDERAL DEWAN PERWAKILAN DAERAH REPUBLIK INDONESIA', 0, 81, 0, '2018-11-21 13:26:53', '0000-00-00 00:00:00'),
	(75, 1, '', 'S.I.P.', 'LILIK SUDARYANI', '1900009011167', 'PABAN V/SAHLUR SPERSAD', 'KOLONEL ', 'SPERSAD', 0, 82, 0, '2018-11-21 13:26:53', '0000-00-00 00:00:00'),
	(76, 1, 'Dr. iur. ', 'S.H., M.Hum.', 'LIONA NANANG SUPRIATNA', '', 'DPP. ISKA', '-', 'ISKA', 0, 83, 0, '2018-11-21 13:26:53', '0000-00-00 00:00:00'),
	(77, 1, 'Drs.', 'M.Si.', 'M. INDRA GAUTAMA', '67100290', 'KABAG TIK KORLANTAS', 'KOMBES POL', 'KORLANTAS POLRI', 0, 84, 0, '2018-11-21 13:26:53', '0000-00-00 00:00:00'),
	(78, 1, '', '', 'Maman Sudarisman, Drs. D.E.A.', '', 'BMKG RI', '', '', 0, 85, 0, '2018-11-21 13:26:53', '0000-00-00 00:00:00'),
	(79, 1, 'Drs.', '', 'MASHURI ', '66040389', 'POLRI', 'KOMBES POL', 'DIVISI TEKNOLOGI INFORMASI DAN KOMUNIKASI POLRI', 0, 86, 0, '2018-11-21 13:26:53', '0000-00-00 00:00:00'),
	(80, 1, '', 'S.H., M.H', 'MIN USIHEN', '196903091994032001', 'KEPALA PUSAT PERENCANAAN HUKUM NASIONAL', 'PEMBINA UTAMA MUDA', 'BADAN PEMBINAAN HUKUM NASIONAL', 0, 87, 0, '2018-11-21 13:26:53', '0000-00-00 00:00:00'),
	(81, 1, '', '', 'Mohamad Arief Irwanto, Drs. M.Si.', '', 'Provinsi Jawa Tengah', '', '', 0, 89, 0, '2018-11-21 13:26:53', '0000-00-00 00:00:00'),
	(82, 1, 'Dr.', 'M.Si.', 'MUHAMMAD YUNUS', '196510101990031026', 'WAKIL REKTOR', 'PEMBINA UTAMA MUDA', 'KEMENRISTEK DIKTI', 0, 91, 0, '2018-11-21 13:26:53', '0000-00-00 00:00:00'),
	(83, 1, '', 'S.E., M.M.', 'NEFRA FIRDAUS', '1920028970969', 'KOMANDAN KOREM 012/TEUKU UMAR', 'KOLONEL INF', 'KODAM ISKANDAR MUDA ', 0, 92, 0, '2018-11-21 13:26:53', '0000-00-00 00:00:00'),
	(84, 1, '', 'S.Si., M.Si.', 'NELLY FLORIDA RIAMA', '196910161998032001', 'KEPALA PUSAT METEOROLOGI MARITIM', 'PEMBINA TINGKAT I', 'KEDEPUTIAN BIDANG METEOROLOGI', 0, 93, 0, '2018-11-21 13:26:53', '0000-00-00 00:00:00'),
	(85, 1, '', '', 'Nurhanuddin, Drs. M.M.', '', 'LPP. RRI', '', '', 0, 94, 0, '2018-11-21 13:26:54', '0000-00-00 00:00:00'),
	(86, 1, '', '', 'Nuri Andrianis Djatmika', '', 'TNI AL', '', '', 0, 95, 0, '2018-11-21 13:26:54', '0000-00-00 00:00:00'),
	(87, 1, '-', 'M.Si (Han)', 'OKA PRAWIRA, M.SI (HAN).', '513178', 'DIREKTUR PENDIDIKAN SESKOAU', 'KOLONEL PENERBANG', 'SESKOAU', 0, 96, 0, '2018-11-21 13:26:54', '0000-00-00 00:00:00'),
	(88, 1, '', '', 'OLOT DWI CAHYONO', '513134', 'PAMEN SAHLI BID DOKJEMEN AIR POWER', 'KOLONEL PNB', 'MABES AU', 0, 97, 0, '2018-11-21 13:26:54', '0000-00-00 00:00:00'),
	(89, 1, '', 'S.FIL', 'PASTOR SILVIANUS MUSMULYADI MONGKO', '5310123107820003', 'DPP. KWI', '', 'KONFERENSI WALIGEREJA INDONESIA', 0, 98, 0, '2018-11-21 13:26:54', '0000-00-00 00:00:00'),
	(90, 1, '', 'S.T., M.Sc., M.Sc', 'PENNY RADJENDRA', '514551', 'KASUBDIT KERMADIKMAT DITKERSIN DITJEN STRAHAN', 'KOLONEL ', 'DITKERSIN DITJEN STRAHAN ', 0, 99, 0, '2018-11-21 13:26:54', '0000-00-00 00:00:00'),
	(91, 1, '', '', 'PIEK BUDYAKTO', '1910036230570', 'PABAN VI / BINSIS SLOGAD', 'KOLONEL', 'MABESAD', 0, 100, 0, '2018-11-21 13:26:54', '0000-00-00 00:00:00'),
	(92, 1, '', 'SH', 'R. IMAN RAHARJANTO', '65080791', 'KAPRODI S1 HUKUM KEPOLISIAN STIK PTIK', 'KOMISARIS BESAR POLISI', 'STIK/PTIK', 0, 101, 0, '2018-11-21 13:26:54', '0000-00-00 00:00:00'),
	(93, 1, '', '', 'R. M. Arief Moelia Edie, Dr. M.Si.', '', 'Kemen Dagri RI', '', '', 0, 102, 0, '2018-11-21 13:26:54', '0000-00-00 00:00:00'),
	(94, 1, 'Dr.', 'S.I.P., M.M., M.Tr (', 'RACHMAT SETIAWIBAWA', '1900023450168', 'DIRBINLEM AKMIL', 'KOLONEL CZI', 'AKADEMI MILITER', 0, 103, 0, '2018-11-21 13:26:54', '0000-00-00 00:00:00'),
	(95, 1, 'DRS', '', 'RATNA PRISTIANA MULYA', '67070535', 'KASUBDIT 3 DITPOLITIK BAINTELKAM POLRI', 'KOMBES POL', 'MABES POLRI', 0, 104, 0, '2018-11-21 13:26:54', '0000-00-00 00:00:00'),
	(96, 1, '', 'S.E.', 'RIFKI', '32578', 'INSPEKTUR UTAMA OPERASI', 'KOLONEL', 'ITJENAD', 0, 105, 0, '2018-11-21 13:26:54', '0000-00-00 00:00:00'),
	(97, 1, '', 'S.H.', 'RIVAI KUSUMANEGARA', '02.10626', 'WAKIL SEKRETARIS JENDERAL DPN PERADI', '-', 'DEWAN PIMPINAN NASIONAL PERHIMPUNAN ADVOKAT INDONESIA (DPN PERADI)', 0, 107, 0, '2018-11-21 13:26:54', '0000-00-00 00:00:00'),
	(98, 1, '', 'SE', 'ROBERT EDWIN JUSUF', '-', 'WAKETUM DPP. PSMTI', '-', 'DPP PAGUYUBAN MARGA TIONGHOA INDONESIA', 0, 108, 0, '2018-11-21 13:26:54', '0000-00-00 00:00:00'),
	(99, 1, '', 'S.H., S.I.K', 'ROBINSON D.P. SIREGAR', '67070534', 'DIRPOLAIR', 'KOMBES POL', 'DITPOLAIR POLDA SUMATERA SELATAN', 0, 109, 0, '2018-11-21 13:26:54', '0000-00-00 00:00:00'),
	(100, 1, 'Dr. Dra', 'M.Pd', 'ROCHAYATI BASRA', '196710312001122001', 'KEPALA PUSAT STANDARISASI DAN SERTIFIKASI', 'PEMBINA UTAMA MUDA', 'BADAN PENGEMBANGAN SUMBER DAYA MANUSIA', 0, 110, 0, '2018-11-21 13:26:54', '0000-00-00 00:00:00'),
	(101, 1, '', 'S.H.,MH.', 'RUDI PRABOWO AJI, S.H., M.H.', '196112081986031002', 'KEJAKSAAN AGUNG RI', 'JAKSA UTAMA MUDA', 'KEJAKSAAN RI', 0, 111, 0, '2018-11-21 13:26:54', '0000-00-00 00:00:00'),
	(102, 1, '', '', 'Ruhban Ruzziyatno, Ir. M.T.', '', 'Kemen PU dan PR RI', '', '', 0, 112, 0, '2018-11-21 13:26:54', '0000-00-00 00:00:00'),
	(103, 1, '', 'S.E.', 'SEMRI BIJA', '514523', 'KEPALA DEPARTEMEN AERONAUTIKA AAU', 'KOLONEL', 'AKADEMI ANGKATAN UDARA ', 0, 114, 0, '2018-11-21 13:26:55', '0000-00-00 00:00:00'),
	(104, 1, '', 'S.H.', 'SUHARJO', '65060740', 'ANALIS UTAMA TK. II ROANALIS BAINTELKAM POLRI', 'KOMBES POL', 'BAINTELKAM POLRI', 0, 116, 0, '2018-11-21 13:26:55', '0000-00-00 00:00:00'),
	(105, 1, 'Dr.', 'M.Si.', 'SUKO PRAYITNO ADI', '196303151985031001', 'BMKG RI', 'PEMBINA UTAMA MUDA', 'INSPEKTORAT', 0, 117, 0, '2018-11-21 13:26:55', '0000-00-00 00:00:00'),
	(106, 1, 'DR.', 'M.Si', 'SUMANTI MAKU', '197008151992031009', 'ASSISTEN EKONOMI PEMBANGUNAN', 'PEMBINA UTAMA MUDA', 'SETDA KABUPATEN GORONTALO', 0, 118, 0, '2018-11-21 13:26:55', '0000-00-00 00:00:00'),
	(107, 1, '', 'S.I.P.,M.M', 'SUPRIONO', '1910038540367', 'PABAN I/REN SOPSAD', 'KOLONEL', 'SOPSAD MABESAD', 0, 119, 0, '2018-11-21 13:26:55', '0000-00-00 00:00:00'),
	(108, 1, '', 'S.Sos.', 'SYAHDATUL KAHFI', '0216', 'DPP. PDI P', 'DPP PDIP', 'PDI PERJUANGAN', 0, 120, 0, '2018-11-21 13:26:55', '0000-00-00 00:00:00'),
	(109, 1, '', 'S.AP.', 'TAHYODI', '514531', 'PABAN IV/DUKOPSLAT', 'KOLONEL PENERBANG', 'SOPS MABES AU', 0, 122, 0, '2018-11-21 13:26:55', '0000-00-00 00:00:00'),
	(110, 1, 'Dr.', 'SH., MH', 'TANTI ADRIANI MANURUNG', '19660306 198903 2 002', 'KOORDINATOR PADA JAKSA AGUNG MUDA BIDANG INTELIJEN', 'JAKSA UTAMA MUDA', 'KEJAKSAAN AGUNG RI', 0, 123, 0, '2018-11-21 13:26:55', '0000-00-00 00:00:00'),
	(111, 1, '', 'S.Sos., M.I.Kom', 'TANTRI RELATAMI', '', 'DEWAN PENGAWAS', '-', 'RRI', 0, 124, 0, '2018-11-21 13:26:55', '0000-00-00 00:00:00'),
	(112, 1, '', '', 'Taufik Kartiko, Ir. M.Si.', '', 'BNPB RI', '', '', 0, 125, 0, '2018-11-21 13:26:55', '0000-00-00 00:00:00'),
	(113, 1, '', 'S.Sos., M.M., M.Tr (', 'TJATURPUTRA GUNADI GENAH', '32576', 'DIRBINDIK SESKOAD', 'KOLONEL', 'SESKOAD', 0, 126, 0, '2018-11-21 13:26:55', '0000-00-00 00:00:00'),
	(114, 1, '', 'S.H.', 'TRIO SANTOSO', '67110490', 'KARO SDM POLDA SUMBAR', 'KOMBES POL', 'POLDA SUMBAR', 0, 127, 0, '2018-11-21 13:26:55', '0000-00-00 00:00:00'),
	(115, 1, 'Drs.', '', 'WAGIYO RAHARJO', '65100757', 'DIRINTEL POLDA PAPUA', 'KOMBES POL.', 'POLDA PAPUA', 0, 128, 0, '2018-11-21 13:26:55', '0000-00-00 00:00:00'),
	(116, 1, '', 'M.Han', 'WURJANTO', '9318 / P', 'DANKOLATMAR', 'KOLONEL MARINIR', 'KORMAR', 0, 129, 0, '2018-11-21 13:26:55', '0000-00-00 00:00:00'),
	(117, 1, '', '', 'YANUAR ADIL', '32390', 'WDN PUSSENKAV', 'KOLONEL', 'PUSSENKAV', 0, 130, 0, '2018-11-21 13:26:56', '0000-00-00 00:00:00'),
	(118, 1, '', 'S.E., M.M.', 'YEHESKIEL KATIANDAGHO', '9798/P', 'PABAN II PUAN POT MAR SPOTMAR KASAL', 'KOLONEL LAUT (P)', 'SPOTMAR KASAL', 0, 131, 0, '2018-11-21 13:26:56', '0000-00-00 00:00:00'),
	(119, 1, '', 'M.tr (Han)', 'YOOS SURYONO HADI', '9598/P', 'DIRJIAN STRAOPS SESKOAL', 'KOLONEL', 'SEKOAL/DITJIANSTRAOPS', 0, 132, 0, '2018-11-21 13:26:56', '0000-00-00 00:00:00'),
	(120, 1, '', 'S.T.', 'YUDI CAHYADI', '9866/P', 'TNI AL', 'KOLONEL', 'SPERSAL MABESAL', 0, 133, 0, '2018-11-21 13:26:56', '0000-00-00 00:00:00'),
	(121, 1, '', 'S.Sos., M.M.', 'YUNIANTO', '1910035650670', 'PABAN II/PUANTER STERAD', 'KOLONEL', 'MABES AD', 0, 134, 0, '2018-11-21 13:26:56', '0000-00-00 00:00:00'),
	(122, 1, 'Dr.', '', 'YUSUF MAWADI ', '67030593', 'KABAG OPSNALMED', 'KOMBES POL', 'PUSDOKKES POLRI', 0, 135, 0, '2018-11-21 13:26:56', '0000-00-00 00:00:00'),
	(123, 1, '', '', 'RUJITO D.ASMORO, GDIPL IN DS, M.A., R.C.D.S.', '', 'ALOKASI LEMHANNAS', '', '', 0, 113, 0, '2018-11-21 13:26:56', '0000-00-00 00:00:00'),
	(124, 1, '', '', 'Andi Wijaya', '', 'TNI AU', '', '', 0, 12, 0, '2018-11-21 13:26:56', '0000-00-00 00:00:00'),
	(125, 1, '', 'S.Ip., S.H.', 'I MADE SUSILA A', '514563', 'PABAN I / RENSTRA AU', 'KOLONEL PNB', 'SRENA AU', 0, 59, 0, '2018-11-21 13:26:56', '0000-00-00 00:00:00'),
	(126, 1, '', 'S.I.P., M.Si (Han).', 'ASRIL SAMANI', '514525', 'ASISTEN OPERASI KAS KOOPS AU II', 'KOLONEL PNB', 'KOOPS AU II MAKASSAR', 0, 19, 0, '2018-11-21 13:26:56', '0000-00-00 00:00:00'),
	(127, 1, '-Brig Gen', 'afwc,psc', 'KABIR AHMED', '-FATEMA AKHTER KHATUN', 'COMMANDER', '-BRIG GEN', 'ANGKATAN DARAT BANGLADESH', 0, 78, 0, '2018-11-21 13:26:56', '0000-00-00 00:00:00'),
	(128, 1, '-', '', 'HASAN FARRAJ A. ALJEBRI', '-', 'INSTRUCTOR OFFICER', 'COLONEL STAFF', 'FACULTY OF COMMAND AND STAFF COLLEGE (CSC) (SAF) SAUDI ARMED FORCES', 0, 50, 0, '2018-11-21 13:26:56', '0000-00-00 00:00:00'),
	(129, 1, '-', '', 'SYED ZAIGHUM ABBAS NAQVI', 'PA 34758', 'ASSISTANT MILITARY SECRETARY ', 'COLONEL', 'MS BRANCH', 0, 121, 0, '2018-11-21 13:26:56', '0000-00-00 00:00:00'),
	(130, 1, '-', '', 'SISOMPHONE UTHEN', '-', 'KOMMADAM', '-LETKOL', 'NAMSUANG', 0, 115, 0, '2018-11-21 13:26:56', '0000-00-00 00:00:00'),
	(131, 1, '-', '', 'JUSTIN ROOCKE', '-', '', '-', '', 0, 77, 0, '2018-11-21 13:26:56', '0000-00-00 00:00:00'),
	(132, 1, '', '', 'JUKI CHEW FONG', '1701', 'DEPUTI POLICE COMANDER', 'SP', 'POLISI', 0, 72, 0, '2018-11-21 13:26:56', '0000-00-00 00:00:00'),
	(133, 1, '-', 'MA Strategic Studies', 'JUSTIN MATTHEW THURSTON ROOCKE', '185800', 'PESERTA', 'BRIGJEN', 'INTERNATIONAL POLICY DIVISION', 0, 76, 0, '2018-11-21 13:26:56', '0000-00-00 00:00:00'),
	(134, 1, '-', 'SE., SH., MKn', 'RITA AMALIA', '-', 'BENDAHARA UMUM DPP LBPH KOSGORO', '-', 'DPP LBPH KOSGORO', 0, 106, 0, '2018-11-21 13:26:56', '0000-00-00 00:00:00'),
	(135, 1, '', 'SH, M.AP', 'MUHAMMAD SUMITRO', '1968 0708 1993 031001', 'KAPUS JIBANG SISKAR', 'IV C', 'ARSIP NASIONAL RI', 0, 90, 0, '2018-11-21 13:26:56', '0000-00-00 00:00:00');
/*!40000 ALTER TABLE `ev_pendidikan_peserta` ENABLE KEYS */;

-- Dumping structure for table eval.ev_penilai
CREATE TABLE IF NOT EXISTS `ev_penilai` (
  `id` int(11) NOT NULL AUTO_INCREMENT,
  `gelar_depan` varchar(20) DEFAULT NULL,
  `gelar_belakang` varchar(20) DEFAULT NULL,
  `nama_lengkap` varchar(200) DEFAULT NULL,
  `telp` varchar(20) DEFAULT NULL,
  `ruangan` varchar(20) DEFAULT NULL,
  `pangkat_id` int(11) DEFAULT NULL,
  `jabatan_id` int(11) DEFAULT NULL,
  `bidang_id` int(11) DEFAULT NULL,
  `jenis_penilai_id` int(11) DEFAULT NULL,
  `photo` varchar(200) NOT NULL DEFAULT 'default.jpg',
  `date_created` datetime NOT NULL,
  `date_modified` datetime NOT NULL,
  PRIMARY KEY (`id`)
) ENGINE=InnoDB AUTO_INCREMENT=76 DEFAULT CHARSET=utf8;

-- Dumping data for table eval.ev_penilai: ~73 rows (approximately)
/*!40000 ALTER TABLE `ev_penilai` DISABLE KEYS */;
INSERT INTO `ev_penilai` (`id`, `gelar_depan`, `gelar_belakang`, `nama_lengkap`, `telp`, `ruangan`, `pangkat_id`, `jabatan_id`, `bidang_id`, `jenis_penilai_id`, `photo`, `date_created`, `date_modified`) VALUES
	(1, NULL, NULL, 'Dedy Yulianto', '2494', 'R. 117', 18, 0, 1, 1, 'default.jpg', '0000-00-00 00:00:00', '0000-00-00 00:00:00'),
	(2, 'Dr. H.', 'M.Si', 'Darmakusuma', '24979', 'R.2030', 17, 1, 2, 3, 'default.jpg', '0000-00-00 00:00:00', '0000-00-00 00:00:00'),
	(3, NULL, NULL, 'Dicky Yunianto', '2405', 'R. 220', 18, 0, 3, 1, 'default.jpg', '0000-00-00 00:00:00', '0000-00-00 00:00:00'),
	(4, NULL, 'S.Sos', 'Danu Nawawi', '2152', 'R. 217', 17, 1, 21, 1, 'default.jpg', '0000-00-00 00:00:00', '0000-00-00 00:00:00'),
	(5, 'Drs. ', 'M.Sc., Mapp., Sc', 'Sukendra Martha', '2257', 'R. 213', 0, 1, 3, 1, 'default.jpg', '0000-00-00 00:00:00', '0000-00-00 00:00:00'),
	(6, 'Prof. Dr. ', NULL, 'Jana Tjahjana Anggadiredja', '2495', 'R. 205', 0, 0, 7, 1, 'default.jpg', '0000-00-00 00:00:00', '0000-00-00 00:00:00'),
	(7, NULL, 'S.H., M.H.', 'Kisnu Haryo', '2485', 'R. 130', 16, 1, 4, 1, 'default.jpg', '0000-00-00 00:00:00', '0000-00-00 00:00:00'),
	(8, NULL, 'M.Sc.', 'Bambang Hartawan', '2248', 'R. 201', 17, 1, 20, 1, 'default.jpg', '0000-00-00 00:00:00', '0000-00-00 00:00:00'),
	(9, 'Prof. Dr. H. ', 'S.E., M.S., DEA.', 'Didin S. Damanhuri', '2486', 'R. 204', 0, 1, 16, 1, 'default.jpg', '0000-00-00 00:00:00', '0000-00-00 00:00:00'),
	(10, 'Prof. Dr. ', ', MA.', 'Njaju Jenny M.T Hardjanto', '2258', 'R. 211', 0, 0, 17, 1, 'default.jpg', '0000-00-00 00:00:00', '0000-00-00 00:00:00'),
	(11, NULL, 'S.E., M.M.', 'FX. Agus Susilo', '2484', 'R. 129', 18, 1, 14, 1, 'default.jpg', '0000-00-00 00:00:00', '0000-00-00 00:00:00'),
	(12, NULL, NULL, 'Syahiding', '2491', 'R. 120', 17, 0, 19, 1, 'default.jpg', '0000-00-00 00:00:00', '0000-00-00 00:00:00'),
	(13, NULL, NULL, 'Nukman Kosadi', '2300', 'R. 221', 17, 0, 5, 1, 'default.jpg', '0000-00-00 00:00:00', '0000-00-00 00:00:00'),
	(14, NULL, 'S.B., S.E.', 'Dwi Djatmiko', '2384', 'R. 112', 19, 1, 8, 1, 'default.jpg', '0000-00-00 00:00:00', '0000-00-00 00:00:00'),
	(15, 'Dr. H.', ', M.Si', 'M. Said Saile', '2166', 'R. 114', 21, 0, 13, 1, 'default.jpg', '0000-00-00 00:00:00', '0000-00-00 00:00:00'),
	(16, NULL, 'S.E.', 'Dedy Nita Komara', '2234', 'R. 115', 19, 1, 11, 1, 'default.jpg', '0000-00-00 00:00:00', '0000-00-00 00:00:00'),
	(17, 'drg. ', 'M.M.', 'Sri Wahyuni Pujiastuti', '2355', 'R. 124', 16, 1, 18, 1, 'default.jpg', '0000-00-00 00:00:00', '0000-00-00 00:00:00'),
	(18, NULL, NULL, 'Sunindyo', '2205', 'R. Astra Lantai 8', 17, 0, 1, 2, 'default.jpg', '0000-00-00 00:00:00', '0000-00-00 00:00:00'),
	(19, NULL, NULL, 'Sekan Tampubolon', '2164', 'R. 116', 17, 0, 3, 2, 'default.jpg', '0000-00-00 00:00:00', '0000-00-00 00:00:00'),
	(20, NULL, ', S.E.', 'Karsianto', '2492', 'R. 119', 17, 0, 4, 2, 'default.jpg', '0000-00-00 00:00:00', '0000-00-00 00:00:00'),
	(21, NULL, 'S.IP', 'I Made Sukadana', '2173', 'R. 125', 17, 1, 5, 2, 'default.jpg', '0000-00-00 00:00:00', '0000-00-00 00:00:00'),
	(22, NULL, ', S.E.', 'Karma Suta', '2247', 'R. 202', 18, 0, 6, 2, 'default.jpg', '0000-00-00 00:00:00', '0000-00-00 00:00:00'),
	(23, NULL, ', S.E.', 'Siwi Sukma Aji', '2254', 'R. 216', 18, 0, 7, 2, 'default.jpg', '0000-00-00 00:00:00', '0000-00-00 00:00:00'),
	(24, NULL, NULL, 'Untung Suropati', '2167', 'R. 111', 18, 0, 8, 2, 'default.jpg', '0000-00-00 00:00:00', '0000-00-00 00:00:00'),
	(25, 'Ir. ', 'M.Sc.', 'Beng Tardjani', '2493', 'R. 118', 19, 1, 9, 2, 'default.jpg', '0000-00-00 00:00:00', '0000-00-00 00:00:00'),
	(26, NULL, 'S.E.', 'Bonar H. Hutagaol', '2172', 'R. 123', 19, 1, 10, 2, 'default.jpg', '0000-00-00 00:00:00', '0000-00-00 00:00:00'),
	(27, NULL, NULL, 'Eddy Yuwono', '2486', 'R. 131', 19, 0, 11, 2, 'default.jpg', '0000-00-00 00:00:00', '0000-00-00 00:00:00'),
	(28, NULL, 'S.Sos., M.M.', 'Bambang Samoedro', '2165', 'R. 215', 19, 1, 12, 2, 'default.jpg', '0000-00-00 00:00:00', '0000-00-00 00:00:00'),
	(29, 'Drs. ', ', S.H.', 'Setyo Wasisto', '2230', 'R. 113', 20, 0, 13, 2, 'default.jpg', '0000-00-00 00:00:00', '0000-00-00 00:00:00'),
	(30, 'Drs. ', ', M.AP.', 'M. Wagner Damanik', '2490', 'R. 121', 21, 0, 14, 2, 'default.jpg', '0000-00-00 00:00:00', '0000-00-00 00:00:00'),
	(31, 'Prof. Dr. Ir. ', 'M.Si.', 'Bondan Tiara Sofyan', NULL, 'R. 128', 0, 1, 15, 2, 'default.jpg', '0000-00-00 00:00:00', '0000-00-00 00:00:00'),
	(32, 'Prof. Dr. ', ', S.U.', 'Miyasto', '2174', 'R. 214', 16, 0, 16, 2, 'default.jpg', '0000-00-00 00:00:00', '0000-00-00 00:00:00'),
	(33, 'Prof. Dr. ', ', S.U.', 'Sudaryono', '2117', 'R. 218', 16, 0, 17, 2, 'default.jpg', '0000-00-00 00:00:00', '0000-00-00 00:00:00'),
	(34, NULL, NULL, 'B. John D. Sembiring', NULL, NULL, 19, 1, 11, 1, 'default.jpg', '0000-00-00 00:00:00', '0000-00-00 00:00:00'),
	(35, NULL, NULL, 'Brigjen TNI Rusmali', NULL, NULL, 0, 1, 11, 1, 'default.jpg', '0000-00-00 00:00:00', '0000-00-00 00:00:00'),
	(36, NULL, NULL, 'Mayjen TNI (Purn) Hadi Suprapto, M.Sc., M.H.', NULL, NULL, 0, 1, 11, 1, 'default.jpg', '0000-00-00 00:00:00', '0000-00-00 00:00:00'),
	(37, NULL, NULL, 'Marsda TNI (Purn) Sumarman, S.E.', NULL, NULL, 0, 1, 11, 1, 'default.jpg', '0000-00-00 00:00:00', '0000-00-00 00:00:00'),
	(38, 'Drs.', 'S.H.', 'Daud Sihombing ', NULL, NULL, 20, 1, 11, 1, 'default.jpg', '0000-00-00 00:00:00', '0000-00-00 00:00:00'),
	(39, NULL, NULL, 'Marsma TNI Baskoro Alrianto, M.Sc', NULL, NULL, 0, 1, 11, 1, 'default.jpg', '0000-00-00 00:00:00', '0000-00-00 00:00:00'),
	(40, NULL, NULL, 'Laksma TNI E. Estu Prabowo, M.Sc', NULL, NULL, 33, 1, 11, 1, 'default.jpg', '0000-00-00 00:00:00', '0000-00-00 00:00:00'),
	(41, NULL, 'S.H., M.Sc', 'H. Ario Wijanarko', NULL, NULL, 42, 1, 11, 1, 'default.jpg', '0000-00-00 00:00:00', '0000-00-00 00:00:00'),
	(42, 'RA.', 'S.IP', 'A. R. Wetik', '1234', '', 47, 1, 11, 1, '0', '0000-00-00 00:00:00', '2018-11-21 12:33:03'),
	(43, NULL, 'S.H.', 'Eddy Oetomo', NULL, NULL, 43, 1, 12, 1, 'default.jpg', '0000-00-00 00:00:00', '0000-00-00 00:00:00'),
	(44, NULL, NULL, 'Juwondo', NULL, NULL, 32, 1, 12, 1, 'default.jpg', '0000-00-00 00:00:00', '0000-00-00 00:00:00'),
	(45, NULL, NULL, 'E. Imam Maksudi', NULL, NULL, 45, 1, 6, 1, 'default.jpg', '0000-00-00 00:00:00', '0000-00-00 00:00:00'),
	(47, NULL, 'S.H., S.Pi', 'Bambang Daryanto', NULL, NULL, 46, 1, 6, 1, 'default.jpg', '0000-00-00 00:00:00', '0000-00-00 00:00:00'),
	(48, NULL, NULL, 'Cucu Sumantri', NULL, NULL, 17, 1, 6, 1, 'default.jpg', '0000-00-00 00:00:00', '0000-00-00 00:00:00'),
	(49, 'Ir.', NULL, 'Sary Sutaat', NULL, NULL, 45, 1, 10, 1, 'default.jpg', '0000-00-00 00:00:00', '0000-00-00 00:00:00'),
	(51, NULL, 'M.Eng., Sc., M.M.', 'Agus Susarso', NULL, NULL, 47, 1, 10, 1, 'default.jpg', '0000-00-00 00:00:00', '0000-00-00 00:00:00'),
	(52, NULL, 'S. I. P.', 'Lumban Sianipar', NULL, NULL, 45, 1, 10, 1, 'default.jpg', '0000-00-00 00:00:00', '0000-00-00 00:00:00'),
	(53, 'Prof. Dr. Ir.', 'D.E.A', 'Dadan Uman Daihani', NULL, NULL, 16, 1, 10, 1, 'default.jpg', '0000-00-00 00:00:00', '0000-00-00 00:00:00'),
	(54, 'Dr.', 'S. I. P., M.Sc', 'I Putu Sastra Wingarta', NULL, NULL, 45, 1, 5, 1, 'default.jpg', '0000-00-00 00:00:00', '0000-00-00 00:00:00'),
	(55, NULL, NULL, 'S. H. M. Lerrick', NULL, NULL, 45, 1, 8, 1, 'default.jpg', '0000-00-00 00:00:00', '0000-00-00 00:00:00'),
	(56, NULL, NULL, 'Sumindiharso', NULL, NULL, 46, 1, 8, 1, 'default.jpg', '0000-00-00 00:00:00', '0000-00-00 00:00:00'),
	(57, 'Drs. ', 'M.Sc', 'Edijan Tandjung', NULL, NULL, 42, 1, 8, 1, 'default.jpg', '0000-00-00 00:00:00', '0000-00-00 00:00:00'),
	(58, 'Dr.', 'M.Si', 'Kausar A. S.', NULL, NULL, 42, 1, 8, 1, 'default.jpg', '0000-00-00 00:00:00', '0000-00-00 00:00:00'),
	(59, 'Dr.', 'S.I.P., M.Si, M.Sc', 'Semion Remon', NULL, NULL, 45, 1, 8, 1, 'default.jpg', '0000-00-00 00:00:00', '0000-00-00 00:00:00'),
	(60, 'Drs.', 'SH, M.Si, MH', 'H. Radjab Semendawai', NULL, NULL, 42, 1, 2, 1, 'default.jpg', '0000-00-00 00:00:00', '0000-00-00 00:00:00'),
	(61, NULL, 'S.E., M.M.', 'Hary Mulyono', NULL, '2407/R. 219', 17, 1, 2, 1, 'default.jpg', '0000-00-00 00:00:00', '0000-00-00 00:00:00'),
	(62, '', '', 'Albert Inkiriwang', '', '', 45, 1, 2, 1, 'default.jpg', '0000-00-00 00:00:00', '2018-11-01 22:13:47'),
	(63, NULL, 'S.A.P., M.Sc .', 'I Gusti Putu Buana', NULL, NULL, 43, 1, 6, 1, 'default.jpg', '0000-00-00 00:00:00', '0000-00-00 00:00:00'),
	(64, 'Dr. ', NULL, 'Avanti Fontana', NULL, NULL, 42, 1, 8, 1, 'default.jpg', '0000-00-00 00:00:00', '0000-00-00 00:00:00'),
	(65, 'Dr.', 'M.Sc', 'Djoharis Lubis', NULL, NULL, 42, 1, 2, 1, 'default.jpg', '0000-00-00 00:00:00', '0000-00-00 00:00:00'),
	(66, NULL, 'S. I. P.', 'Sebastianus Sumarsono', NULL, NULL, 0, 1, 12, 1, 'default.jpg', '0000-00-00 00:00:00', '0000-00-00 00:00:00'),
	(67, NULL, NULL, 'M. Nasir Majid', NULL, NULL, 45, 1, 10, 1, 'default.jpg', '0000-00-00 00:00:00', '0000-00-00 00:00:00'),
	(68, 'Drs.', 'S.H., M.M.', 'Harwiyanto', NULL, NULL, 21, 1, 2, 1, 'default.jpg', '0000-00-00 00:00:00', '0000-00-00 00:00:00'),
	(69, 'Dr.', 'M.A.', 'Rosita S. Noer', NULL, NULL, 42, 1, 10, 1, 'default.jpg', '0000-00-00 00:00:00', '0000-00-00 00:00:00'),
	(70, NULL, NULL, 'Wahab Mokodongan', NULL, NULL, 45, 1, 12, 1, 'default.jpg', '0000-00-00 00:00:00', '0000-00-00 00:00:00'),
	(71, NULL, NULL, 'Robert Mangindaan', NULL, NULL, 46, 1, 5, 1, 'default.jpg', '0000-00-00 00:00:00', '0000-00-00 00:00:00'),
	(72, NULL, NULL, 'Abdul Chasib', NULL, NULL, 45, 1, 5, 1, 'default.jpg', '0000-00-00 00:00:00', '0000-00-00 00:00:00'),
	(73, NULL, NULL, 'Hari Mulyono', NULL, NULL, 17, 1, 2, 1, 'default.jpg', '0000-00-00 00:00:00', '0000-00-00 00:00:00'),
	(74, 'Dr.', NULL, 'Anhar Gonggong', NULL, NULL, 42, 1, 17, 3, 'default.jpg', '0000-00-00 00:00:00', '0000-00-00 00:00:00'),
	(75, 'Dr.', NULL, 'Tony S.B. Hoesodo', NULL, NULL, 42, 1, 2, 1, 'default.jpg', '0000-00-00 00:00:00', '0000-00-00 00:00:00');
/*!40000 ALTER TABLE `ev_penilai` ENABLE KEYS */;

-- Dumping structure for table eval.ev_skema_penilaian
CREATE TABLE IF NOT EXISTS `ev_skema_penilaian` (
  `id` int(11) NOT NULL AUTO_INCREMENT,
  `pendidikan_id` int(11) NOT NULL,
  `bagan_pendidikan_id` int(11) NOT NULL,
  `name` varchar(255) NOT NULL,
  `elemen_penilaian_id` int(11) NOT NULL,
  `parent_id` int(11) NOT NULL,
  `bobot_nna` float(5,1) NOT NULL DEFAULT '0.0',
  `bobot_npa` float(5,1) NOT NULL DEFAULT '0.0',
  `is_raport` tinyint(1) NOT NULL DEFAULT '0',
  `is_other_raport` int(11) DEFAULT '0' COMMENT 'dimasukkan ke raport x',
  PRIMARY KEY (`id`)
) ENGINE=InnoDB AUTO_INCREMENT=21 DEFAULT CHARSET=latin1;

-- Dumping data for table eval.ev_skema_penilaian: ~20 rows (approximately)
/*!40000 ALTER TABLE `ev_skema_penilaian` DISABLE KEYS */;
INSERT INTO `ev_skema_penilaian` (`id`, `pendidikan_id`, `bagan_pendidikan_id`, `name`, `elemen_penilaian_id`, `parent_id`, `bobot_nna`, `bobot_npa`, `is_raport`, `is_other_raport`) VALUES
	(1, 1, 1, 'Nilai Akhir Blok 4', 0, 0, 100.0, 100.0, 1, 0),
	(2, 1, 1, 'Nilai Blok 4', 7, 1, 7.0, 14.0, 0, 0),
	(3, 1, 1, 'Nilai Akhir Blok 3', 0, 1, 93.0, 86.0, 1, 0),
	(4, 1, 1, 'Nilai Blok 3', 6, 3, 27.0, 31.0, 0, 0),
	(5, 1, 1, 'Nilai Akhir Blok 2', 0, 3, 73.0, 69.0, 1, 0),
	(6, 1, 1, 'Nilai Blok 2', 5, 5, 55.0, 69.0, 0, 0),
	(7, 1, 1, 'Nilai Akhir Blok 1', 0, 5, 45.0, 31.0, 1, 0),
	(8, 1, 1, 'Nilai Blok 1', 4, 7, 33.0, 57.0, 0, 0),
	(9, 1, 1, 'Off Campus', 1, 7, 67.0, 43.0, 0, 0),
	(10, 1, 1, 'KJJ', 8, 9, 100.0, 100.0, 0, 0),
	(11, 1, 1, 'ESAI BSI+STRA', 14, 8, 78.0, 58.0, 0, 0),
	(12, 1, 1, 'ESAI LINGSTRA', 15, 8, 22.0, 42.0, 0, 0),
	(13, 1, 1, 'DK', 38, 6, 27.0, 25.0, 0, 0),
	(14, 1, 1, 'DAK', 39, 6, 27.0, 17.0, 0, 0),
	(15, 1, 1, 'P.LABKUR', 40, 6, 7.0, 20.0, 0, 0),
	(16, 1, 1, 'SSDN', 41, 6, 39.0, 38.0, 0, 0),
	(17, 1, 1, 'OLAH SISMENNAS', 128, 4, 41.0, 52.0, 0, 0),
	(18, 1, 1, 'SSLN', 129, 4, 59.0, 48.0, 0, 0),
	(19, 1, 1, 'SEMINAR', 130, 2, 100.0, 100.0, 0, 0),
	(20, 1, 1, 'TASKAP', 3, 0, 100.0, 100.0, 0, 1);
/*!40000 ALTER TABLE `ev_skema_penilaian` ENABLE KEYS */;

-- Dumping structure for table eval.ev_tim
CREATE TABLE IF NOT EXISTS `ev_tim` (
  `id` int(11) NOT NULL AUTO_INCREMENT,
  `pendidikan_id` int(11) NOT NULL,
  `elemen_penilaian_id` int(11) NOT NULL,
  `jenis_tim_id` int(11) NOT NULL,
  `name` varchar(255) NOT NULL,
  `date_created` datetime NOT NULL,
  `date_modified` datetime NOT NULL,
  PRIMARY KEY (`id`)
) ENGINE=InnoDB AUTO_INCREMENT=6 DEFAULT CHARSET=latin1;

-- Dumping data for table eval.ev_tim: ~5 rows (approximately)
/*!40000 ALTER TABLE `ev_tim` DISABLE KEYS */;
INSERT INTO `ev_tim` (`id`, `pendidikan_id`, `elemen_penilaian_id`, `jenis_tim_id`, `name`, `date_created`, `date_modified`) VALUES
	(1, 1, 1, 1, 'Off Campus A', '2018-11-24 08:42:27', '0000-00-00 00:00:00'),
	(2, 1, 3, 1, 'Blok 1 A', '2018-11-24 08:42:52', '0000-00-00 00:00:00'),
	(3, 1, 4, 1, 'Blok 2 A', '2018-11-25 13:39:41', '0000-00-00 00:00:00'),
	(4, 1, 1, 1, 'Off Campus B', '2018-12-10 04:41:53', '0000-00-00 00:00:00'),
	(5, 1, 4, 1, 'Blok 2 B', '2018-12-17 12:44:53', '0000-00-00 00:00:00');
/*!40000 ALTER TABLE `ev_tim` ENABLE KEYS */;

-- Dumping structure for table eval.ev_tim_detail
CREATE TABLE IF NOT EXISTS `ev_tim_detail` (
  `id` int(11) NOT NULL AUTO_INCREMENT,
  `tim_id` int(11) NOT NULL,
  `pendidikan_peserta_id` int(11) NOT NULL,
  `keterangan` varchar(200) NOT NULL,
  `date_created` datetime NOT NULL,
  PRIMARY KEY (`id`)
) ENGINE=InnoDB AUTO_INCREMENT=15 DEFAULT CHARSET=latin1;

-- Dumping data for table eval.ev_tim_detail: ~14 rows (approximately)
/*!40000 ALTER TABLE `ev_tim_detail` DISABLE KEYS */;
INSERT INTO `ev_tim_detail` (`id`, `tim_id`, `pendidikan_peserta_id`, `keterangan`, `date_created`) VALUES
	(1, 2, 1, '', '2018-11-24 08:43:34'),
	(2, 2, 15, '', '2018-11-24 08:43:34'),
	(3, 2, 14, '', '2018-11-24 08:43:34'),
	(4, 2, 2, '', '2018-11-24 08:43:34'),
	(5, 1, 1, '', '2018-11-24 17:25:38'),
	(6, 1, 2, '', '2018-11-24 17:25:38'),
	(7, 1, 14, '', '2018-11-24 17:25:38'),
	(8, 3, 1, '', '2018-11-25 13:39:57'),
	(9, 3, 2, '', '2018-11-25 13:39:57'),
	(10, 3, 14, '', '2018-11-25 13:39:57'),
	(11, 4, 15, '', '2018-12-10 04:42:13'),
	(12, 4, 16, '', '2018-12-10 04:42:13'),
	(13, 4, 17, '', '2018-12-10 04:42:13'),
	(14, 4, 18, '', '2018-12-10 04:42:14');
/*!40000 ALTER TABLE `ev_tim_detail` ENABLE KEYS */;

-- Dumping structure for table eval.ev_tim_sementara
CREATE TABLE IF NOT EXISTS `ev_tim_sementara` (
  `id` int(11) NOT NULL AUTO_INCREMENT,
  `pendidikan_peserta_id` int(11) NOT NULL,
  `jadwal_id` int(11) NOT NULL,
  `jadwal_pengganti_id` int(11) NOT NULL,
  `remark` text NOT NULL,
  `date_created` datetime NOT NULL,
  PRIMARY KEY (`id`)
) ENGINE=InnoDB AUTO_INCREMENT=3 DEFAULT CHARSET=latin1;

-- Dumping data for table eval.ev_tim_sementara: ~2 rows (approximately)
/*!40000 ALTER TABLE `ev_tim_sementara` DISABLE KEYS */;
INSERT INTO `ev_tim_sementara` (`id`, `pendidikan_peserta_id`, `jadwal_id`, `jadwal_pengganti_id`, `remark`, `date_created`) VALUES
	(1, 1, 2, 5, 'Pindah jadwal', '2018-12-10 05:12:22'),
	(2, 2, 2, 5, 'test catatan', '2018-12-18 13:11:25');
/*!40000 ALTER TABLE `ev_tim_sementara` ENABLE KEYS */;

-- Dumping structure for table eval.ev_user
CREATE TABLE IF NOT EXISTS `ev_user` (
  `id` int(10) unsigned NOT NULL AUTO_INCREMENT,
  `username` varchar(225) NOT NULL,
  `password` varchar(225) NOT NULL,
  `realname` varchar(225) NOT NULL,
  `email` varchar(225) DEFAULT NULL,
  `photo` text,
  `id_usergroup` int(11) NOT NULL,
  `penilai_id` int(11) DEFAULT '0',
  `peserta_id` int(11) DEFAULT '0',
  PRIMARY KEY (`id`)
) ENGINE=InnoDB AUTO_INCREMENT=81 DEFAULT CHARSET=latin1;

-- Dumping data for table eval.ev_user: ~76 rows (approximately)
/*!40000 ALTER TABLE `ev_user` DISABLE KEYS */;
INSERT INTO `ev_user` (`id`, `username`, `password`, `realname`, `email`, `photo`, `id_usergroup`, `penilai_id`, `peserta_id`) VALUES
	(1, 'superadmin', '17c4520f6cfd1ab53d8745e84681eb49', 'Super Admin', 'hudarabbanii@gmail.com', '56edc2c076ca0-original.jpg', 1, 0, NULL),
	(2, 'p1', '5f4dcc3b5aa765d61d8327deb882cf99', 'Dedy Yulianto', '', '56edc2c076ca0-original.jpg', 3, 1, NULL),
	(3, 'p2', '5f4dcc3b5aa765d61d8327deb882cf99', 'Darmakusuma', '', '56edc2c076ca0-original.jpg', 3, 2, NULL),
	(4, 'p3', '5f4dcc3b5aa765d61d8327deb882cf99', 'Dicky Yunianto', '', '56edc2c076ca0-original.jpg', 3, 3, NULL),
	(5, 'p4', '5f4dcc3b5aa765d61d8327deb882cf99', 'Danu Nawawi', '', '56edc2c076ca0-original.jpg', 3, 4, NULL),
	(6, 'p5', '5f4dcc3b5aa765d61d8327deb882cf99', 'Sukendra Martha', '', '56edc2c076ca0-original.jpg', 3, 5, NULL),
	(7, 'p6', '5f4dcc3b5aa765d61d8327deb882cf99', 'Jana Tjahjana Anggadiredja', '', '56edc2c076ca0-original.jpg', 3, 6, NULL),
	(8, 'p7', '5f4dcc3b5aa765d61d8327deb882cf99', 'Kisnu Haryo', '', '56edc2c076ca0-original.jpg', 3, 7, NULL),
	(9, 'p8', '5f4dcc3b5aa765d61d8327deb882cf99', 'Bambang Hartawan', '', '56edc2c076ca0-original.jpg', 3, 8, NULL),
	(10, 'p9', '5f4dcc3b5aa765d61d8327deb882cf99', 'Didin S. Damanhuri', '', '56edc2c076ca0-original.jpg', 3, 9, NULL),
	(11, 'p10', '5f4dcc3b5aa765d61d8327deb882cf99', 'Njaju Jenny M.T Hardjanto', '', '56edc2c076ca0-original.jpg', 3, 10, NULL),
	(12, 'p11', '5f4dcc3b5aa765d61d8327deb882cf99', 'FX. Agus Susilo', '', '56edc2c076ca0-original.jpg', 3, 11, NULL),
	(13, 'p12', '5f4dcc3b5aa765d61d8327deb882cf99', 'Syahiding', '', '56edc2c076ca0-original.jpg', 3, 12, NULL),
	(14, 'p13', '5f4dcc3b5aa765d61d8327deb882cf99', 'Nukman Kosadi', '', '56edc2c076ca0-original.jpg', 3, 13, NULL),
	(15, 'p14', '5f4dcc3b5aa765d61d8327deb882cf99', 'Dwi Djatmiko', '', '56edc2c076ca0-original.jpg', 3, 14, NULL),
	(16, 'p15', '5f4dcc3b5aa765d61d8327deb882cf99', 'M. Said Saile', '', '56edc2c076ca0-original.jpg', 3, 15, NULL),
	(17, 'p16', '5f4dcc3b5aa765d61d8327deb882cf99', 'Dedy Nita Komara', '', '56edc2c076ca0-original.jpg', 3, 16, NULL),
	(18, 'p17', '5f4dcc3b5aa765d61d8327deb882cf99', 'Sri Wahyuni Pujiastuti', '', '56edc2c076ca0-original.jpg', 3, 17, NULL),
	(19, 'p18', '5f4dcc3b5aa765d61d8327deb882cf99', 'Sunindyo', '', '56edc2c076ca0-original.jpg', 3, 18, NULL),
	(20, 'p19', '5f4dcc3b5aa765d61d8327deb882cf99', 'Sekan Tampubolon', '', '56edc2c076ca0-original.jpg', 3, 19, NULL),
	(21, 'p20', '5f4dcc3b5aa765d61d8327deb882cf99', 'Karsianto', '', '56edc2c076ca0-original.jpg', 3, 20, NULL),
	(22, 'p21', '5f4dcc3b5aa765d61d8327deb882cf99', 'I Made Sukadana', '', '56edc2c076ca0-original.jpg', 3, 21, NULL),
	(23, 'p22', '5f4dcc3b5aa765d61d8327deb882cf99', 'Karma Suta', '', '56edc2c076ca0-original.jpg', 3, 22, NULL),
	(24, 'p23', '5f4dcc3b5aa765d61d8327deb882cf99', 'Siwi Sukma Aji', '', '56edc2c076ca0-original.jpg', 3, 23, NULL),
	(25, 'p24', '5f4dcc3b5aa765d61d8327deb882cf99', 'Untung Suropati', '', '56edc2c076ca0-original.jpg', 3, 24, NULL),
	(26, 'p25', '5f4dcc3b5aa765d61d8327deb882cf99', 'Beng Tardjani', '', '56edc2c076ca0-original.jpg', 3, 25, NULL),
	(27, 'p26', '5f4dcc3b5aa765d61d8327deb882cf99', 'Bonar H. Hutagaol', '', '56edc2c076ca0-original.jpg', 3, 26, NULL),
	(28, 'p27', '5f4dcc3b5aa765d61d8327deb882cf99', 'Eddy Yuwono', '', '56edc2c076ca0-original.jpg', 3, 27, NULL),
	(29, 'p28', '5f4dcc3b5aa765d61d8327deb882cf99', 'Bambang Samoedro', '', '56edc2c076ca0-original.jpg', 3, 28, NULL),
	(30, 'p29', '5f4dcc3b5aa765d61d8327deb882cf99', 'Setyo Wasisto', '', '56edc2c076ca0-original.jpg', 3, 29, NULL),
	(31, 'p30', '5f4dcc3b5aa765d61d8327deb882cf99', 'M. Wagner Damanik', '', '56edc2c076ca0-original.jpg', 3, 30, NULL),
	(32, 'p31', '5f4dcc3b5aa765d61d8327deb882cf99', 'Bondan Tiara Sofyan', '', '56edc2c076ca0-original.jpg', 3, 31, NULL),
	(33, 'p32', '5f4dcc3b5aa765d61d8327deb882cf99', 'Miyasto', '', '56edc2c076ca0-original.jpg', 3, 32, NULL),
	(34, 'p33', '5f4dcc3b5aa765d61d8327deb882cf99', 'Sudaryono', '', '56edc2c076ca0-original.jpg', 3, 33, NULL),
	(35, 'p34', '5f4dcc3b5aa765d61d8327deb882cf99', 'B. John D. Sembiring', '', '56edc2c076ca0-original.jpg', 3, 34, NULL),
	(36, 'p35', '5f4dcc3b5aa765d61d8327deb882cf99', 'Brigjen TNI Rusmali', '', '56edc2c076ca0-original.jpg', 3, 35, NULL),
	(37, 'p36', '5f4dcc3b5aa765d61d8327deb882cf99', 'Mayjen TNI (Purn) Hadi Suprapto, M.Sc., M.H.', '', '56edc2c076ca0-original.jpg', 3, 36, NULL),
	(38, 'p37', '5f4dcc3b5aa765d61d8327deb882cf99', 'Marsda TNI (Purn) Sumarman, S.E.', '', '56edc2c076ca0-original.jpg', 3, 37, NULL),
	(39, 'p38', '5f4dcc3b5aa765d61d8327deb882cf99', 'Daud Sihombing ', '', '56edc2c076ca0-original.jpg', 3, 38, NULL),
	(40, 'p39', '5f4dcc3b5aa765d61d8327deb882cf99', 'Marsma TNI Baskoro Alrianto, M.Sc', '', '56edc2c076ca0-original.jpg', 3, 39, NULL),
	(41, 'p40', '5f4dcc3b5aa765d61d8327deb882cf99', 'Laksma TNI E. Estu Prabowo, M.Sc', '', '56edc2c076ca0-original.jpg', 3, 40, NULL),
	(42, 'p41', '5f4dcc3b5aa765d61d8327deb882cf99', 'H. Ario Wijanarko', '', '56edc2c076ca0-original.jpg', 3, 41, NULL),
	(43, 'p42', '5f4dcc3b5aa765d61d8327deb882cf99', 'RA. A. R. Wetik, S.IP', '', '56edc2c076ca0-original.jpg', 3, 42, NULL),
	(44, 'p43', '5f4dcc3b5aa765d61d8327deb882cf99', 'Eddy Oetomo', '', '56edc2c076ca0-original.jpg', 3, 43, NULL),
	(45, 'p44', '5f4dcc3b5aa765d61d8327deb882cf99', 'Juwondo', '', '56edc2c076ca0-original.jpg', 3, 44, NULL),
	(46, 'p45', '5f4dcc3b5aa765d61d8327deb882cf99', 'E. Imam Maksudi', '', '56edc2c076ca0-original.jpg', 3, 45, NULL),
	(48, 'p47', '5f4dcc3b5aa765d61d8327deb882cf99', 'Bambang Daryanto', '', '56edc2c076ca0-original.jpg', 3, 47, NULL),
	(49, 'p48', '5f4dcc3b5aa765d61d8327deb882cf99', 'Cucu Sumantri', '', '56edc2c076ca0-original.jpg', 3, 48, NULL),
	(50, 'p49', '5f4dcc3b5aa765d61d8327deb882cf99', 'Sary Sutaat', '', '56edc2c076ca0-original.jpg', 3, 49, NULL),
	(52, 'p51', '5f4dcc3b5aa765d61d8327deb882cf99', 'Agus Susarso', '', '56edc2c076ca0-original.jpg', 3, 51, NULL),
	(53, 'p52', '5f4dcc3b5aa765d61d8327deb882cf99', 'Lumban Sianipar', '', '56edc2c076ca0-original.jpg', 3, 52, NULL),
	(54, 'p53', '5f4dcc3b5aa765d61d8327deb882cf99', 'Dadan Uman Daihani', '', '56edc2c076ca0-original.jpg', 3, 53, NULL),
	(55, 'p54', '5f4dcc3b5aa765d61d8327deb882cf99', 'I Putu Sastra Wingarta', '', '56edc2c076ca0-original.jpg', 3, 54, NULL),
	(56, 'p55', '5f4dcc3b5aa765d61d8327deb882cf99', 'S. H. M. Lerrick', '', '56edc2c076ca0-original.jpg', 3, 55, NULL),
	(57, 'p56', '5f4dcc3b5aa765d61d8327deb882cf99', 'Sumindiharso', '', '56edc2c076ca0-original.jpg', 3, 56, NULL),
	(58, 'p57', '5f4dcc3b5aa765d61d8327deb882cf99', 'Edijan Tandjung', '', '56edc2c076ca0-original.jpg', 3, 57, NULL),
	(59, 'p58', '5f4dcc3b5aa765d61d8327deb882cf99', 'Kausar A. S.', '', '56edc2c076ca0-original.jpg', 3, 58, NULL),
	(60, 'p59', '5f4dcc3b5aa765d61d8327deb882cf99', 'Semion Remon', '', '56edc2c076ca0-original.jpg', 3, 59, NULL),
	(61, 'p60', '5f4dcc3b5aa765d61d8327deb882cf99', 'H. Radjab Semendawai', '', '56edc2c076ca0-original.jpg', 3, 60, NULL),
	(62, 'p61', '5f4dcc3b5aa765d61d8327deb882cf99', 'Hary Mulyono', '', '56edc2c076ca0-original.jpg', 3, 61, NULL),
	(63, 'p62', '5f4dcc3b5aa765d61d8327deb882cf99', 'Albert Inkiriwang', '', '56edc2c076ca0-original.jpg', 3, 62, NULL),
	(64, 'p63', '5f4dcc3b5aa765d61d8327deb882cf99', 'I Gusti Putu Buana', '', '56edc2c076ca0-original.jpg', 3, 63, NULL),
	(65, 'p64', '5f4dcc3b5aa765d61d8327deb882cf99', 'Avanti Fontana', '', '56edc2c076ca0-original.jpg', 3, 64, NULL),
	(66, 'p65', '5f4dcc3b5aa765d61d8327deb882cf99', 'Djoharis Lubis', '', '56edc2c076ca0-original.jpg', 3, 65, NULL),
	(67, 'p66', '5f4dcc3b5aa765d61d8327deb882cf99', 'Sebastianus Sumarsono', '', '56edc2c076ca0-original.jpg', 3, 66, NULL),
	(68, 'p67', '5f4dcc3b5aa765d61d8327deb882cf99', 'M. Nasir Majid', '', '56edc2c076ca0-original.jpg', 3, 67, NULL),
	(69, 'p68', '5f4dcc3b5aa765d61d8327deb882cf99', 'Harwiyanto', '', '56edc2c076ca0-original.jpg', 3, 68, NULL),
	(70, 'p69', '5f4dcc3b5aa765d61d8327deb882cf99', 'Rosita S. Noer', '', '56edc2c076ca0-original.jpg', 3, 69, NULL),
	(71, 'p70', '5f4dcc3b5aa765d61d8327deb882cf99', 'Wahab Mokodongan', '', '56edc2c076ca0-original.jpg', 3, 70, NULL),
	(72, 'p71', '5f4dcc3b5aa765d61d8327deb882cf99', 'Robert Mangindaan', '', '56edc2c076ca0-original.jpg', 3, 71, NULL),
	(73, 'p72', '5f4dcc3b5aa765d61d8327deb882cf99', 'Abdul Chasib', '', '56edc2c076ca0-original.jpg', 3, 72, NULL),
	(74, 'p73', '5f4dcc3b5aa765d61d8327deb882cf99', 'Hari Mulyono', '', '56edc2c076ca0-original.jpg', 3, 73, NULL),
	(75, 'p74', '5f4dcc3b5aa765d61d8327deb882cf99', 'Anhar Gonggong', '', '56edc2c076ca0-original.jpg', 3, 74, NULL),
	(76, 'p75', '5f4dcc3b5aa765d61d8327deb882cf99', 'Tony S.B. Hoesodo', '', '56edc2c076ca0-original.jpg', 3, 75, NULL),
	(77, 'admin', '5f4dcc3b5aa765d61d8327deb882cf99', 'Admin', 'admin@default.com', NULL, 4, NULL, NULL),
	(80, 'p80', '$2y$10$HEWGtUKxjepomCfFTjs5jeD5H.x3faWMScigMp2nYgSF5hG.dDEU.', '', NULL, NULL, 3, 80, 0);
/*!40000 ALTER TABLE `ev_user` ENABLE KEYS */;

-- Dumping structure for table eval.ev_useraccess
CREATE TABLE IF NOT EXISTS `ev_useraccess` (
  `id` int(11) unsigned NOT NULL AUTO_INCREMENT,
  `id_usergroup` int(11) NOT NULL,
  `id_menu` int(11) NOT NULL,
  `act_create` int(11) NOT NULL,
  `act_read` int(11) NOT NULL,
  `act_update` int(11) NOT NULL,
  `act_delete` int(11) NOT NULL,
  PRIMARY KEY (`id`)
) ENGINE=InnoDB AUTO_INCREMENT=325 DEFAULT CHARSET=latin1;

-- Dumping data for table eval.ev_useraccess: ~209 rows (approximately)
/*!40000 ALTER TABLE `ev_useraccess` DISABLE KEYS */;
INSERT INTO `ev_useraccess` (`id`, `id_usergroup`, `id_menu`, `act_create`, `act_read`, `act_update`, `act_delete`) VALUES
	(1, 1, 1, 1, 1, 1, 1),
	(2, 1, 2, 1, 1, 1, 1),
	(3, 1, 3, 1, 1, 1, 1),
	(4, 1, 4, 1, 1, 1, 1),
	(5, 1, 5, 1, 1, 1, 1),
	(6, 1, 6, 1, 1, 1, 1),
	(7, 1, 7, 1, 1, 1, 1),
	(8, 1, 8, 1, 1, 1, 1),
	(9, 1, 9, 1, 1, 1, 1),
	(19, 1, 10, 1, 1, 1, 1),
	(86, 1, 21, 1, 1, 1, 1),
	(92, 1, 23, 1, 1, 1, 1),
	(128, 1, 40, 1, 1, 1, 1),
	(129, 1, 45, 1, 1, 1, 1),
	(130, 1, 44, 1, 1, 1, 1),
	(131, 1, 43, 1, 1, 1, 1),
	(132, 1, 42, 1, 1, 1, 1),
	(133, 1, 41, 1, 1, 1, 1),
	(134, 1, 46, 1, 1, 1, 1),
	(135, 1, 47, 1, 1, 1, 1),
	(136, 1, 48, 1, 1, 1, 1),
	(137, 1, 38, 0, 0, 0, 0),
	(138, 1, 39, 0, 0, 0, 0),
	(139, 1, 49, 1, 1, 1, 1),
	(140, 1, 50, 1, 1, 1, 1),
	(141, 1, 56, 1, 1, 1, 1),
	(142, 1, 55, 1, 1, 1, 1),
	(143, 1, 54, 1, 1, 1, 1),
	(144, 1, 53, 0, 0, 0, 0),
	(145, 1, 52, 1, 1, 1, 1),
	(146, 1, 51, 1, 1, 1, 1),
	(147, 1, 57, 1, 1, 1, 1),
	(148, 1, 58, 1, 1, 1, 1),
	(149, 1, 59, 1, 1, 1, 1),
	(150, 1, 60, 1, 1, 1, 1),
	(151, 1, 61, 1, 1, 1, 1),
	(152, 1, 62, 1, 1, 1, 1),
	(153, 1, 63, 1, 1, 1, 1),
	(154, 1, 64, 1, 1, 1, 1),
	(155, 1, 65, 1, 1, 1, 1),
	(156, 3, 49, 0, 1, 0, 0),
	(157, 3, 1, 1, 1, 1, 1),
	(158, 3, 40, 0, 0, 0, 0),
	(159, 3, 45, 0, 0, 0, 0),
	(160, 3, 44, 0, 0, 0, 0),
	(161, 3, 43, 0, 0, 0, 0),
	(162, 3, 42, 0, 0, 0, 0),
	(163, 3, 41, 0, 0, 0, 0),
	(164, 3, 46, 0, 0, 0, 0),
	(165, 3, 47, 0, 0, 0, 0),
	(166, 3, 59, 0, 0, 0, 0),
	(167, 3, 48, 0, 0, 0, 0),
	(168, 3, 57, 0, 0, 0, 0),
	(169, 3, 58, 0, 0, 0, 0),
	(170, 3, 50, 0, 1, 0, 0),
	(171, 3, 38, 0, 0, 0, 0),
	(172, 3, 39, 0, 0, 0, 0),
	(173, 3, 51, 0, 0, 0, 0),
	(174, 3, 52, 0, 0, 0, 0),
	(175, 3, 53, 0, 0, 0, 0),
	(176, 3, 54, 0, 0, 0, 0),
	(177, 3, 60, 0, 0, 0, 0),
	(178, 3, 61, 0, 0, 0, 0),
	(179, 3, 62, 0, 0, 0, 0),
	(180, 3, 63, 0, 0, 0, 0),
	(181, 3, 64, 0, 0, 0, 0),
	(182, 3, 65, 0, 0, 0, 0),
	(183, 3, 55, 1, 1, 1, 1),
	(184, 3, 56, 0, 0, 0, 0),
	(185, 3, 2, 1, 1, 1, 1),
	(186, 3, 21, 1, 1, 1, 1),
	(187, 3, 3, 0, 0, 0, 0),
	(188, 3, 9, 0, 0, 0, 0),
	(189, 3, 4, 0, 0, 0, 0),
	(190, 3, 6, 0, 0, 0, 0),
	(191, 3, 8, 0, 0, 0, 0),
	(192, 3, 5, 0, 0, 0, 0),
	(193, 3, 7, 0, 0, 0, 0),
	(194, 2, 49, 0, 0, 0, 0),
	(195, 2, 1, 1, 1, 1, 1),
	(196, 2, 40, 0, 0, 0, 0),
	(197, 2, 45, 0, 0, 0, 0),
	(198, 2, 44, 0, 0, 0, 0),
	(199, 2, 43, 0, 0, 0, 0),
	(200, 2, 42, 0, 0, 0, 0),
	(201, 2, 41, 0, 0, 0, 0),
	(202, 2, 46, 0, 0, 0, 0),
	(203, 2, 47, 0, 0, 0, 0),
	(204, 2, 59, 0, 0, 0, 0),
	(205, 2, 48, 0, 0, 0, 0),
	(206, 2, 57, 0, 0, 0, 0),
	(207, 2, 58, 0, 0, 0, 0),
	(208, 2, 50, 0, 0, 0, 0),
	(209, 2, 38, 0, 0, 0, 0),
	(210, 2, 39, 0, 0, 0, 0),
	(211, 2, 51, 0, 0, 0, 0),
	(212, 2, 52, 0, 0, 0, 0),
	(213, 2, 53, 0, 0, 0, 0),
	(214, 2, 54, 0, 0, 0, 0),
	(215, 2, 60, 0, 0, 0, 0),
	(216, 2, 61, 0, 0, 0, 0),
	(217, 2, 62, 0, 0, 0, 0),
	(218, 2, 63, 0, 0, 0, 0),
	(219, 2, 64, 0, 0, 0, 0),
	(220, 2, 65, 0, 0, 0, 0),
	(221, 2, 55, 0, 0, 0, 0),
	(222, 2, 56, 0, 0, 0, 0),
	(223, 2, 2, 1, 1, 1, 1),
	(224, 2, 21, 1, 1, 1, 1),
	(225, 2, 3, 0, 0, 0, 0),
	(226, 2, 9, 0, 0, 0, 0),
	(227, 2, 4, 0, 0, 0, 0),
	(228, 2, 6, 0, 0, 0, 0),
	(229, 2, 8, 0, 0, 0, 0),
	(230, 2, 5, 0, 0, 0, 0),
	(231, 2, 7, 0, 0, 0, 0),
	(232, 1, 67, 1, 1, 1, 1),
	(233, 1, 66, 1, 1, 1, 1),
	(234, 3, 67, 0, 0, 0, 0),
	(235, 3, 66, 0, 0, 0, 0),
	(236, 1, 68, 1, 1, 1, 1),
	(237, 1, 69, 1, 1, 1, 1),
	(238, 4, 1, 1, 1, 1, 1),
	(239, 4, 38, 0, 0, 0, 0),
	(240, 4, 40, 1, 1, 1, 1),
	(241, 4, 42, 1, 1, 1, 1),
	(242, 4, 43, 1, 1, 1, 1),
	(243, 4, 45, 1, 1, 1, 1),
	(244, 4, 44, 1, 1, 1, 1),
	(245, 4, 41, 1, 1, 1, 1),
	(246, 4, 46, 1, 1, 1, 1),
	(247, 4, 47, 1, 1, 1, 1),
	(248, 4, 59, 1, 1, 1, 1),
	(249, 4, 48, 1, 1, 1, 1),
	(250, 4, 57, 1, 1, 1, 1),
	(251, 4, 58, 1, 1, 1, 1),
	(252, 4, 50, 1, 1, 1, 1),
	(253, 4, 49, 1, 1, 1, 1),
	(254, 4, 51, 1, 1, 1, 1),
	(255, 4, 52, 1, 1, 1, 1),
	(256, 4, 53, 1, 1, 1, 1),
	(257, 4, 54, 1, 1, 1, 1),
	(258, 4, 60, 1, 1, 1, 1),
	(259, 4, 61, 1, 1, 1, 1),
	(260, 4, 62, 1, 1, 1, 1),
	(261, 4, 63, 1, 1, 1, 1),
	(262, 4, 64, 1, 1, 1, 1),
	(263, 4, 65, 1, 1, 1, 1),
	(264, 4, 55, 1, 1, 1, 1),
	(265, 4, 69, 1, 1, 1, 1),
	(266, 4, 68, 0, 0, 0, 0),
	(267, 4, 56, 1, 1, 1, 1),
	(268, 4, 66, 1, 1, 1, 1),
	(269, 4, 67, 1, 1, 1, 1),
	(270, 4, 39, 0, 0, 0, 0),
	(271, 4, 2, 1, 1, 1, 1),
	(272, 4, 21, 1, 1, 1, 1),
	(273, 4, 3, 0, 0, 0, 0),
	(274, 4, 4, 0, 0, 0, 0),
	(275, 4, 9, 0, 0, 0, 0),
	(276, 4, 6, 1, 1, 1, 1),
	(277, 4, 8, 1, 1, 1, 1),
	(278, 4, 5, 1, 1, 1, 1),
	(279, 4, 7, 1, 1, 1, 1),
	(280, 5, 1, 1, 1, 1, 1),
	(281, 5, 38, 0, 0, 0, 0),
	(282, 5, 40, 0, 0, 0, 0),
	(283, 5, 42, 0, 0, 0, 0),
	(284, 5, 43, 0, 0, 0, 0),
	(285, 5, 45, 0, 0, 0, 0),
	(286, 5, 44, 0, 0, 0, 0),
	(287, 5, 41, 0, 0, 0, 0),
	(288, 5, 46, 0, 0, 0, 0),
	(289, 5, 47, 0, 0, 0, 0),
	(290, 5, 59, 0, 0, 0, 0),
	(291, 5, 48, 0, 0, 0, 0),
	(292, 5, 57, 0, 0, 0, 0),
	(293, 5, 58, 0, 0, 0, 0),
	(294, 5, 50, 0, 0, 0, 0),
	(295, 5, 49, 0, 0, 0, 0),
	(296, 5, 51, 0, 0, 0, 0),
	(297, 5, 52, 0, 0, 0, 0),
	(298, 5, 53, 0, 0, 0, 0),
	(299, 5, 54, 0, 0, 0, 0),
	(300, 5, 60, 0, 0, 0, 0),
	(301, 5, 61, 0, 0, 0, 0),
	(302, 5, 62, 0, 0, 0, 0),
	(303, 5, 63, 0, 0, 0, 0),
	(304, 5, 64, 0, 0, 0, 0),
	(305, 5, 65, 0, 0, 0, 0),
	(306, 5, 55, 0, 0, 0, 0),
	(307, 5, 69, 0, 0, 0, 0),
	(308, 5, 68, 0, 0, 0, 0),
	(309, 5, 56, 0, 0, 0, 0),
	(310, 5, 66, 0, 0, 0, 0),
	(311, 5, 67, 0, 0, 0, 0),
	(312, 5, 39, 0, 0, 0, 0),
	(313, 5, 2, 0, 0, 0, 0),
	(314, 5, 21, 0, 0, 0, 0),
	(315, 5, 3, 0, 0, 0, 0),
	(316, 5, 4, 0, 0, 0, 0),
	(317, 5, 9, 0, 0, 0, 0),
	(318, 5, 6, 0, 0, 0, 0),
	(319, 5, 8, 0, 0, 0, 0),
	(320, 5, 5, 0, 0, 0, 0),
	(321, 5, 7, 0, 0, 0, 0),
	(322, 3, 69, 0, 0, 0, 0),
	(323, 3, 68, 0, 0, 0, 0),
	(324, 1, 70, 1, 1, 1, 1);
/*!40000 ALTER TABLE `ev_useraccess` ENABLE KEYS */;

-- Dumping structure for table eval.ev_usergroup
CREATE TABLE IF NOT EXISTS `ev_usergroup` (
  `id` int(10) unsigned NOT NULL AUTO_INCREMENT,
  `usergroup_name` varchar(225) NOT NULL,
  PRIMARY KEY (`id`)
) ENGINE=InnoDB AUTO_INCREMENT=6 DEFAULT CHARSET=latin1;

-- Dumping data for table eval.ev_usergroup: ~5 rows (approximately)
/*!40000 ALTER TABLE `ev_usergroup` DISABLE KEYS */;
INSERT INTO `ev_usergroup` (`id`, `usergroup_name`) VALUES
	(1, 'Super Admin'),
	(2, 'Peserta'),
	(3, 'Penilai'),
	(4, 'Admin'),
	(5, 'Eksekutif');
/*!40000 ALTER TABLE `ev_usergroup` ENABLE KEYS */;

-- Dumping structure for table eval.ev_user_log_history
CREATE TABLE IF NOT EXISTS `ev_user_log_history` (
  `id` int(11) NOT NULL AUTO_INCREMENT,
  `admin_id` int(11) NOT NULL,
  `type_id` int(11) NOT NULL,
  `log_description` text NOT NULL,
  `date_created` datetime NOT NULL,
  `read_flag` tinyint(1) NOT NULL,
  PRIMARY KEY (`id`)
) ENGINE=InnoDB AUTO_INCREMENT=915 DEFAULT CHARSET=latin1;

-- Dumping data for table eval.ev_user_log_history: ~864 rows (approximately)
/*!40000 ALTER TABLE `ev_user_log_history` DISABLE KEYS */;
INSERT INTO `ev_user_log_history` (`id`, `admin_id`, `type_id`, `log_description`, `date_created`, `read_flag`) VALUES
	(1, 1, 2, 'Insert Elemen Penilaian Kehadiran', '2018-11-22 04:53:11', 0),
	(2, 1, 2, 'Insert Elemen Penilaian Tingkat Keaktifan', '2018-11-22 04:53:21', 0),
	(3, 1, 2, 'Insert Elemen Penilaian Etika', '2018-11-22 04:53:30', 0),
	(4, 1, 2, 'Insert Elemen Penilaian Chating', '2018-11-22 04:53:40', 0),
	(5, 1, 2, 'Insert Elemen Penilaian Video Conference', '2018-11-22 04:53:50', 0),
	(6, 1, 2, 'Insert Elemen Penilaian Esai BSI+STRA', '2018-11-22 04:54:20', 0),
	(7, 1, 2, 'Insert Elemen Penilaian Esai LINGSTRA', '2018-11-22 04:54:30', 0),
	(8, 1, 2, 'Insert Elemen Penilaian Paparan Esai', '2018-11-22 04:55:54', 0),
	(9, 1, 2, 'Insert Elemen Penilaian Produk Esai', '2018-11-22 04:56:03', 0),
	(10, 1, 2, 'Insert Elemen Penilaian Penguasaan Materi', '2018-11-22 04:56:29', 0),
	(11, 1, 2, 'Insert Elemen Penilaian Percaya diri / kemampuan presentasi', '2018-11-22 04:56:54', 0),
	(12, 1, 2, 'Insert Elemen Penilaian Penggunaan waktu', '2018-11-22 04:57:12', 0),
	(13, 1, 2, 'Insert Elemen Penilaian Penggunaan alin alongins', '2018-11-22 04:57:39', 0),
	(14, 1, 2, 'Insert Elemen Penilaian Tingkat aktualitas permasalahan dan kesesuaian dengan BS yang dibahas', '2018-11-22 04:59:13', 0),
	(15, 1, 2, 'Insert Elemen Penilaian Ketepatan pemilihan dasar teori dan rujukan', '2018-11-22 05:00:16', 0),
	(16, 1, 2, 'Insert Elemen Penilaian Ketajaman analisis', '2018-11-22 05:00:36', 0),
	(17, 1, 2, 'Insert Elemen Penilaian Kerjasama dalam perumusan simpulan atau preposisi', '2018-11-22 05:01:03', 0),
	(18, 1, 2, 'Insert Elemen Penilaian Komprehensifnes penulisan', '2018-11-22 05:01:37', 0),
	(19, 1, 2, 'Insert Elemen Penilaian DK', '2018-11-24 05:44:22', 0),
	(20, 1, 2, 'Insert Elemen Penilaian DAK', '2018-11-24 05:45:01', 0),
	(21, 1, 2, 'Insert Elemen Penilaian P. LABKUR', '2018-11-24 05:45:13', 0),
	(22, 1, 2, 'Insert Elemen Penilaian SSDN', '2018-11-24 05:45:20', 0),
	(23, 1, 2, 'Insert Elemen Penilaian Kehadiran', '2018-11-24 06:05:17', 0),
	(24, 1, 2, 'Insert Elemen Penilaian Keaktifan', '2018-11-24 06:05:25', 0),
	(25, 1, 2, 'Insert Elemen Penilaian Etika', '2018-11-24 06:05:33', 0),
	(26, 1, 2, 'Insert Elemen Penilaian Kerjasama', '2018-11-24 06:05:51', 0),
	(27, 1, 2, 'Insert Elemen Penilaian Kualitas Paparan', '2018-11-24 06:07:05', 0),
	(28, 1, 2, 'Insert Elemen Penilaian NIlai Produk', '2018-11-24 06:07:26', 0),
	(29, 1, 2, 'Insert Elemen Penilaian Latar Belakang', '2018-11-24 06:08:00', 0),
	(30, 1, 2, 'Insert Elemen Penilaian Rumusan Masalah', '2018-11-24 06:08:10', 0),
	(31, 1, 2, 'Insert Elemen Penilaian Ruang Lingkup', '2018-11-24 06:08:21', 0),
	(32, 1, 2, 'Insert Elemen Penilaian Referensi/Acuan', '2018-11-24 06:08:33', 0),
	(33, 1, 2, 'Insert Elemen Penilaian Alur Pikir', '2018-11-24 06:08:44', 0),
	(34, 1, 2, 'Insert Elemen Penilaian Kehadiran', '2018-11-24 06:11:20', 0),
	(35, 1, 3, 'Update Elemen Penilaian Keaktifan', '2018-11-24 06:11:33', 0),
	(36, 1, 2, 'Insert Elemen Penilaian Keaktifan', '2018-11-24 06:11:43', 0),
	(37, 1, 2, 'Insert Elemen Penilaian Etika', '2018-11-24 06:11:58', 0),
	(38, 1, 2, 'Insert Elemen Penilaian Kerjasama', '2018-11-24 06:12:08', 0),
	(39, 1, 2, 'Insert Elemen Penilaian Nilai Produk', '2018-11-24 06:18:01', 0),
	(40, 1, 2, 'Insert Elemen Penilaian Nilai Paparan', '2018-11-24 06:18:21', 0),
	(41, 1, 2, 'Insert Elemen Penilaian Nilai Penguasaan Materi', '2018-11-24 06:18:36', 0),
	(42, 1, 2, 'Insert Elemen Penilaian Bab I - Pendahuluan', '2018-11-24 07:35:23', 0),
	(43, 1, 2, 'Insert Elemen Penilaian Bab II - Landasan Pemikiran', '2018-11-24 07:35:43', 0),
	(44, 1, 2, 'Insert Elemen Penilaian Bab III - Faktor-faktor Lingkungan Strategis yang Berpengaruh', '2018-11-24 07:36:06', 0),
	(45, 1, 2, 'Insert Elemen Penilaian Bab IV - Analisis Kata Kunci -1', '2018-11-24 07:36:48', 0),
	(46, 1, 2, 'Insert Elemen Penilaian Bab V - Analisis Kata Kunci -2', '2018-11-24 07:37:07', 0),
	(47, 1, 2, 'Insert Elemen Penilaian Bab VI - Penutup', '2018-11-24 07:37:22', 0),
	(48, 1, 2, 'Insert Elemen Penilaian Daftar Pustaka, Pola Pikir', '2018-11-24 07:37:39', 0),
	(49, 1, 2, 'Insert Elemen Penilaian Komprehensifnes Tulisan', '2018-11-24 07:38:05', 0),
	(50, 1, 2, 'Insert Elemen Penilaian Pengertian', '2018-11-24 08:15:01', 0),
	(51, 1, 2, 'Insert Elemen Penilaian ', '2018-11-24 08:16:35', 0),
	(52, 1, 2, 'Insert Elemen Penilaian Pengertian', '2018-11-24 08:18:16', 0),
	(53, 1, 2, 'Insert Elemen Penilaian Hasil Analisis', '2018-11-24 08:18:58', 0),
	(54, 1, 2, 'Insert Elemen Penilaian Hasil Analisis', '2018-11-24 08:19:37', 0),
	(55, 1, 2, 'Insert Elemen Penilaian Hasil Analisis', '2018-11-24 08:20:05', 0),
	(56, 1, 3, 'Update Elemen Penilaian Analisis Kata Kunci -1', '2018-11-24 08:20:23', 0),
	(57, 1, 2, 'Insert Elemen Penilaian Hasil Analisis', '2018-11-24 08:20:44', 0),
	(58, 1, 2, 'Insert Elemen Penilaian Rekomendasi', '2018-11-24 08:21:12', 0),
	(59, 1, 2, 'Insert Elemen Penilaian Pola Pikir', '2018-11-24 08:21:43', 0),
	(60, 1, 2, 'Insert Elemen Penilaian Tingkat Komprehensifnes Tulisan', '2018-11-24 08:22:09', 0),
	(61, 1, 3, 'Update Elemen Penilaian KJJ', '2018-11-24 08:33:01', 0),
	(62, 1, 3, 'Update Elemen Penilaian Kehadiran', '2018-11-24 08:33:06', 0),
	(63, 1, 3, 'Update Elemen Penilaian Keaktifan', '2018-11-24 08:33:07', 0),
	(64, 1, 3, 'Update Elemen Penilaian Etika', '2018-11-24 08:33:08', 0),
	(65, 1, 3, 'Update Elemen Penilaian Esai BSI+STRA', '2018-11-24 08:33:14', 0),
	(66, 1, 3, 'Update Elemen Penilaian Esai LINGSTRA', '2018-11-24 08:33:23', 0),
	(67, 1, 3, 'Update Elemen Penilaian Paparan Esai', '2018-11-24 08:33:36', 0),
	(68, 1, 2, 'Insert Elemen Penilaian Etika', '2018-11-24 08:35:30', 0),
	(69, 1, 3, 'Update Elemen Penilaian Kehadiran', '2018-11-24 08:35:38', 0),
	(70, 1, 3, 'Update Elemen Penilaian Keaktifan', '2018-11-24 08:35:39', 0),
	(71, 1, 3, 'Update Elemen Penilaian Etika', '2018-11-24 08:35:39', 0),
	(72, 1, 3, 'Update Elemen Penilaian Tingkat aktualitas permasalahan dan kesesuaian dengan BS yang dibahas', '2018-11-24 08:36:01', 0),
	(73, 1, 3, 'Update Elemen Penilaian Ketepatan pemilihan dasar teori dan rujukan', '2018-11-24 08:36:02', 0),
	(74, 1, 3, 'Update Elemen Penilaian Ketajaman analisis', '2018-11-24 08:36:02', 0),
	(75, 1, 3, 'Update Elemen Penilaian Kerjasama dalam perumusan simpulan atau preposisi', '2018-11-24 08:36:03', 0),
	(76, 1, 3, 'Update Elemen Penilaian Komprehensifnes penulisan', '2018-11-24 08:36:04', 0),
	(77, 1, 3, 'Update Elemen Penilaian Penggunaan alin alongins', '2018-11-24 08:36:07', 0),
	(78, 1, 3, 'Update Elemen Penilaian Penggunaan waktu', '2018-11-24 08:36:07', 0),
	(79, 1, 3, 'Update Elemen Penilaian Percaya diri / kemampuan presentasi', '2018-11-24 08:36:08', 0),
	(80, 1, 3, 'Update Elemen Penilaian Penguasaan Materi', '2018-11-24 08:36:08', 0),
	(81, 1, 2, 'Insert Elemen Penilaian Etika', '2018-11-24 08:36:31', 0),
	(82, 1, 3, 'Update Elemen Penilaian Penguasaan Materi', '2018-11-24 08:36:41', 0),
	(83, 1, 3, 'Update Elemen Penilaian Percaya diri / kemampuan presentasi', '2018-11-24 08:36:41', 0),
	(84, 1, 3, 'Update Elemen Penilaian Penggunaan waktu', '2018-11-24 08:36:42', 0),
	(85, 1, 3, 'Update Elemen Penilaian Penggunaan alin alongins', '2018-11-24 08:36:43', 0),
	(86, 1, 3, 'Update Elemen Penilaian Tingkat aktualitas permasalahan dan kesesuaian dengan BS yang dibahas', '2018-11-24 08:36:48', 0),
	(87, 1, 3, 'Update Elemen Penilaian Ketepatan pemilihan dasar teori dan rujukan', '2018-11-24 08:36:49', 0),
	(88, 1, 3, 'Update Elemen Penilaian Ketajaman analisis', '2018-11-24 08:36:49', 0),
	(89, 1, 3, 'Update Elemen Penilaian Kerjasama dalam perumusan simpulan atau preposisi', '2018-11-24 08:36:50', 0),
	(90, 1, 3, 'Update Elemen Penilaian Komprehensifnes penulisan', '2018-11-24 08:36:51', 0),
	(91, 1, 3, 'Update Elemen Penilaian Kehadiran', '2018-11-24 08:36:55', 0),
	(92, 1, 3, 'Update Elemen Penilaian Keaktifan', '2018-11-24 08:36:56', 0),
	(93, 1, 3, 'Update Elemen Penilaian Etika', '2018-11-24 08:36:56', 0),
	(94, 1, 3, 'Update Elemen Penilaian DK', '2018-11-24 08:37:05', 0),
	(95, 1, 3, 'Update Elemen Penilaian Kehadiran', '2018-11-24 08:37:06', 0),
	(96, 1, 3, 'Update Elemen Penilaian Keaktifan', '2018-11-24 08:37:07', 0),
	(97, 1, 3, 'Update Elemen Penilaian Etika', '2018-11-24 08:37:08', 0),
	(98, 1, 3, 'Update Elemen Penilaian Kerjasama', '2018-11-24 08:37:10', 0),
	(99, 1, 3, 'Update Elemen Penilaian Latar Belakang', '2018-11-24 08:37:20', 0),
	(100, 1, 3, 'Update Elemen Penilaian Rumusan Masalah', '2018-11-24 08:37:21', 0),
	(101, 1, 3, 'Update Elemen Penilaian Ruang Lingkup', '2018-11-24 08:37:21', 0),
	(102, 1, 3, 'Update Elemen Penilaian Referensi/Acuan', '2018-11-24 08:37:22', 0),
	(103, 1, 3, 'Update Elemen Penilaian Alur Pikir', '2018-11-24 08:37:23', 0),
	(104, 1, 3, 'Update Elemen Penilaian DAK', '2018-11-24 08:37:26', 0),
	(105, 1, 3, 'Update Elemen Penilaian Kehadiran', '2018-11-24 08:37:33', 0),
	(106, 1, 3, 'Update Elemen Penilaian Keaktifan', '2018-11-24 08:37:34', 0),
	(107, 1, 3, 'Update Elemen Penilaian Etika', '2018-11-24 08:37:35', 0),
	(108, 1, 3, 'Update Elemen Penilaian Kerjasama', '2018-11-24 08:37:35', 0),
	(109, 1, 3, 'Update Elemen Penilaian Bab I - Pendahuluan', '2018-11-24 08:37:39', 0),
	(110, 1, 3, 'Update Elemen Penilaian Umum', '2018-11-24 08:37:40', 0),
	(111, 1, 3, 'Update Elemen Penilaian Perumusan Masalah', '2018-11-24 08:37:42', 0),
	(112, 1, 3, 'Update Elemen Penilaian Maksud dan Tujuan', '2018-11-24 08:37:42', 0),
	(113, 1, 3, 'Update Elemen Penilaian Ruang Lingkup dan Sistematika', '2018-11-24 08:37:43', 0),
	(114, 1, 3, 'Update Elemen Penilaian Metode dan Pendekatan', '2018-11-24 08:37:43', 0),
	(115, 1, 3, 'Update Elemen Penilaian Pengertian', '2018-11-24 08:37:45', 0),
	(116, 1, 3, 'Update Elemen Penilaian Bab II - Landasan Pemikiran', '2018-11-24 08:37:54', 0),
	(117, 1, 3, 'Update Elemen Penilaian Umum', '2018-11-24 08:37:54', 0),
	(118, 1, 3, 'Update Elemen Penilaian Peraturan Perundang-undangan', '2018-11-24 08:37:55', 0),
	(119, 1, 3, 'Update Elemen Penilaian Kerangka Teoritis', '2018-11-24 08:37:55', 0),
	(120, 1, 3, 'Update Elemen Penilaian Hasil Analisis', '2018-11-24 08:37:56', 0),
	(121, 1, 3, 'Update Elemen Penilaian Bab III - Faktor-faktor Lingkungan Strategis yang Berpengaruh', '2018-11-24 08:37:56', 0),
	(122, 1, 3, 'Update Elemen Penilaian Umum', '2018-11-24 08:37:57', 0),
	(123, 1, 3, 'Update Elemen Penilaian Faktor-faktor yang Berpengaruh', '2018-11-24 08:37:57', 0),
	(124, 1, 3, 'Update Elemen Penilaian Hasil Analisis', '2018-11-24 08:37:58', 0),
	(125, 1, 3, 'Update Elemen Penilaian Tingkat Komprehensifnes Tulisan', '2018-11-24 08:38:06', 0),
	(126, 1, 3, 'Update Elemen Penilaian Komprehensifnes Tulisan', '2018-11-24 08:38:07', 0),
	(127, 1, 3, 'Update Elemen Penilaian Pola Pikir', '2018-11-24 08:38:07', 0),
	(128, 1, 3, 'Update Elemen Penilaian Relevansi Daftar Pustaka dengan Isi', '2018-11-24 08:38:08', 0),
	(129, 1, 3, 'Update Elemen Penilaian Daftar Pustaka, Pola Pikir', '2018-11-24 08:38:08', 0),
	(130, 1, 3, 'Update Elemen Penilaian Rekomendasi', '2018-11-24 08:38:09', 0),
	(131, 1, 3, 'Update Elemen Penilaian Simpulan', '2018-11-24 08:38:09', 0),
	(132, 1, 3, 'Update Elemen Penilaian Umum', '2018-11-24 08:38:10', 0),
	(133, 1, 3, 'Update Elemen Penilaian Bab VI - Penutup', '2018-11-24 08:38:12', 0),
	(134, 1, 3, 'Update Elemen Penilaian Hasil Analisis', '2018-11-24 08:38:12', 0),
	(135, 1, 3, 'Update Elemen Penilaian Analisis Kata Kunci -2', '2018-11-24 08:38:13', 0),
	(136, 1, 3, 'Update Elemen Penilaian Umum', '2018-11-24 08:38:13', 0),
	(137, 1, 3, 'Update Elemen Penilaian Bab V - Analisis Kata Kunci -2', '2018-11-24 08:38:14', 0),
	(138, 1, 3, 'Update Elemen Penilaian Hasil Analisis', '2018-11-24 08:38:15', 0),
	(139, 1, 3, 'Update Elemen Penilaian Analisis Kata Kunci -1', '2018-11-24 08:38:15', 0),
	(140, 1, 3, 'Update Elemen Penilaian Umum', '2018-11-24 08:38:16', 0),
	(141, 1, 3, 'Update Elemen Penilaian Bab IV - Analisis Kata Kunci -1', '2018-11-24 08:38:16', 0),
	(142, 1, 2, 'Insert New Bagan Pendidikan Bagan PPRA X', '2018-11-24 08:40:23', 0),
	(143, 1, 3, 'Update Pendidikan PPRA 59', '2018-11-24 08:41:14', 0),
	(144, 1, 2, 'Insert Kelompok Off Campus A', '2018-11-24 08:42:27', 0),
	(145, 1, 2, 'Insert Kelompok Blok 1 A', '2018-11-24 08:42:52', 0),
	(146, 1, 3, 'Update Bagan Detail - elemen_penilaian =  1', '2018-11-24 08:44:22', 0),
	(147, 1, 3, 'Update Bagan Detail - elemen_penilaian =  8', '2018-11-24 08:44:24', 0),
	(148, 1, 3, 'Update Bagan Detail - elemen_penilaian =  9', '2018-11-24 08:44:25', 0),
	(149, 1, 3, 'Update Bagan Detail - elemen_penilaian =  10', '2018-11-24 08:44:26', 0),
	(150, 1, 3, 'Update Bagan Detail - elemen_penilaian =  11', '2018-11-24 08:44:27', 0),
	(151, 1, 3, 'Update Bagan Detail - elemen_penilaian =  12', '2018-11-24 08:44:28', 0),
	(152, 1, 3, 'Update Bagan Detail - elemen_penilaian =  13', '2018-11-24 08:44:28', 0),
	(153, 1, 3, 'Update Bagan Detail - elemen_penilaian =  2', '2018-11-24 08:44:30', 0),
	(154, 1, 3, 'Update Bagan Detail - elemen_penilaian =  4', '2018-11-24 08:44:32', 0),
	(155, 1, 3, 'Update Bagan Detail - elemen_penilaian =  14', '2018-11-24 08:44:32', 0),
	(156, 1, 3, 'Update Bagan Detail - elemen_penilaian =  16', '2018-11-24 08:44:33', 0),
	(157, 1, 3, 'Update Bagan Detail - elemen_penilaian =  18', '2018-11-24 08:45:09', 0),
	(158, 1, 3, 'Update Bagan Detail - elemen_penilaian =  19', '2018-11-24 08:45:10', 0),
	(159, 1, 3, 'Update Bagan Detail - elemen_penilaian =  20', '2018-11-24 08:45:11', 0),
	(160, 1, 3, 'Update Bagan Detail - elemen_penilaian =  21', '2018-11-24 08:45:12', 0),
	(161, 1, 3, 'Update Bagan Detail - elemen_penilaian =  17', '2018-11-24 08:45:13', 0),
	(162, 1, 3, 'Update Bagan Detail - elemen_penilaian =  22', '2018-11-24 08:45:14', 0),
	(163, 1, 3, 'Update Bagan Detail - elemen_penilaian =  23', '2018-11-24 08:45:15', 0),
	(164, 1, 3, 'Update Bagan Detail - elemen_penilaian =  24', '2018-11-24 08:45:16', 0),
	(165, 1, 3, 'Update Bagan Detail - elemen_penilaian =  25', '2018-11-24 08:45:17', 0),
	(166, 1, 3, 'Update Bagan Detail - elemen_penilaian =  26', '2018-11-24 08:45:18', 0),
	(167, 1, 3, 'Update Bagan Detail - elemen_penilaian =  93', '2018-11-24 08:45:20', 0),
	(168, 1, 3, 'Update Bagan Detail - elemen_penilaian =  94', '2018-11-24 08:45:21', 0),
	(169, 1, 3, 'Update Bagan Detail - elemen_penilaian =  95', '2018-11-24 08:45:22', 0),
	(170, 1, 3, 'Update Bagan Detail - elemen_penilaian =  15', '2018-11-24 08:45:22', 0),
	(171, 1, 3, 'Update Bagan Detail - elemen_penilaian =  27', '2018-11-24 08:45:23', 0),
	(172, 1, 3, 'Update Bagan Detail - elemen_penilaian =  29', '2018-11-24 08:45:24', 0),
	(173, 1, 3, 'Update Bagan Detail - elemen_penilaian =  98', '2018-11-24 08:45:28', 0),
	(174, 1, 3, 'Update Bagan Detail - elemen_penilaian =  97', '2018-11-24 08:45:29', 0),
	(175, 1, 3, 'Update Bagan Detail - elemen_penilaian =  96', '2018-11-24 08:45:30', 0),
	(176, 1, 3, 'Update Bagan Detail - elemen_penilaian =  37', '2018-11-24 08:45:31', 0),
	(177, 1, 3, 'Update Bagan Detail - elemen_penilaian =  36', '2018-11-24 08:45:32', 0),
	(178, 1, 3, 'Update Bagan Detail - elemen_penilaian =  35', '2018-11-24 08:45:32', 0),
	(179, 1, 3, 'Update Bagan Detail - elemen_penilaian =  33', '2018-11-24 08:45:34', 0),
	(180, 1, 3, 'Update Bagan Detail - elemen_penilaian =  28', '2018-11-24 08:45:35', 0),
	(181, 1, 3, 'Update Bagan Detail - elemen_penilaian =  34', '2018-11-24 08:45:36', 0),
	(182, 1, 3, 'Update Bagan Detail - elemen_penilaian =  32', '2018-11-24 08:45:37', 0),
	(183, 1, 3, 'Update Bagan Detail - elemen_penilaian =  31', '2018-11-24 08:45:38', 0),
	(184, 1, 3, 'Update Bagan Detail - elemen_penilaian =  30', '2018-11-24 08:45:39', 0),
	(185, 1, 3, 'Update Bagan Detail Bobot 1', '2018-11-24 08:45:59', 0),
	(186, 1, 3, 'Update Bagan Detail Bobot 1', '2018-11-24 08:46:10', 0),
	(187, 1, 3, 'Update Bagan Detail Bobot 1', '2018-11-24 08:46:33', 0),
	(188, 1, 3, 'Update Bagan Detail Bobot 1', '2018-11-24 08:46:55', 0),
	(189, 1, 3, 'Update Bagan Detail Bobot 1', '2018-11-24 08:47:06', 0),
	(190, 1, 3, 'Update Bagan Detail Bobot 1', '2018-11-24 08:47:34', 0),
	(191, 1, 3, 'Update Bagan Detail Bobot 1', '2018-11-24 08:47:44', 0),
	(192, 1, 3, 'Update Elemen Penilaian Paparan Esai', '2018-11-24 08:48:42', 0),
	(193, 1, 3, 'Update Bagan Detail Bobot 1', '2018-11-24 08:49:05', 0),
	(194, 1, 3, 'Update Bagan Detail Bobot 1', '2018-11-24 08:49:30', 0),
	(195, 1, 3, 'Update Bagan Detail Bobot 1', '2018-11-24 08:59:03', 0),
	(196, 1, 3, 'Update Bagan Detail Bobot 1', '2018-11-24 08:59:19', 0),
	(197, 1, 3, 'Update Bagan Detail Bobot 1', '2018-11-24 08:59:44', 0),
	(198, 1, 3, 'Update Bagan Detail Bobot 1', '2018-11-24 09:00:01', 0),
	(199, 1, 3, 'Update Bagan Detail Bobot 1', '2018-11-24 09:00:24', 0),
	(200, 1, 3, 'Update Bagan Detail Bobot 1', '2018-11-24 09:00:39', 0),
	(201, 1, 2, 'Insert New Jadwal, Elemen Penilaian = 14', '2018-11-24 09:01:11', 0),
	(202, 1, 2, 'Insert New Jadwal, Elemen Penilaian = 8', '2018-11-24 17:23:10', 0),
	(203, 1, 2, 'Insert Kelompok Blok 2 A', '2018-11-25 13:39:41', 0),
	(204, 1, 3, 'Update Bagan Detail - elemen_penilaian =  5', '2018-11-25 13:40:32', 0),
	(205, 1, 3, 'Update Bagan Detail Bobot 1', '2018-11-25 13:41:31', 0),
	(206, 1, 3, 'Update Bagan Detail - elemen_penilaian =  39', '2018-11-25 13:41:41', 0),
	(207, 1, 3, 'Update Bagan Detail - elemen_penilaian =  53', '2018-11-25 13:41:42', 0),
	(208, 1, 3, 'Update Bagan Detail - elemen_penilaian =  54', '2018-11-25 13:41:43', 0),
	(209, 1, 3, 'Update Bagan Detail - elemen_penilaian =  55', '2018-11-25 13:41:44', 0),
	(210, 1, 3, 'Update Bagan Detail - elemen_penilaian =  56', '2018-11-25 13:41:45', 0),
	(211, 1, 3, 'Update Bagan Detail - elemen_penilaian =  57', '2018-11-25 13:41:46', 0),
	(212, 1, 3, 'Update Bagan Detail - elemen_penilaian =  60', '2018-11-25 13:41:47', 0),
	(213, 1, 3, 'Update Bagan Detail - elemen_penilaian =  68', '2018-11-25 13:41:48', 0),
	(214, 1, 3, 'Update Bagan Detail - elemen_penilaian =  69', '2018-11-25 13:41:49', 0),
	(215, 1, 3, 'Update Bagan Detail - elemen_penilaian =  70', '2018-11-25 13:41:51', 0),
	(216, 1, 3, 'Update Bagan Detail - elemen_penilaian =  71', '2018-11-25 13:41:51', 0),
	(217, 1, 3, 'Update Bagan Detail - elemen_penilaian =  72', '2018-11-25 13:41:53', 0),
	(218, 1, 3, 'Update Bagan Detail - elemen_penilaian =  73', '2018-11-25 13:41:54', 0),
	(219, 1, 3, 'Update Bagan Detail - elemen_penilaian =  61', '2018-11-25 13:41:55', 0),
	(220, 1, 3, 'Update Bagan Detail - elemen_penilaian =  74', '2018-11-25 13:41:56', 0),
	(221, 1, 3, 'Update Bagan Detail - elemen_penilaian =  75', '2018-11-25 13:41:57', 0),
	(222, 1, 3, 'Update Bagan Detail - elemen_penilaian =  59', '2018-11-25 13:42:27', 0),
	(223, 1, 3, 'Update Bagan Detail - elemen_penilaian =  92', '2018-11-25 13:42:30', 0),
	(224, 1, 3, 'Update Bagan Detail - elemen_penilaian =  58', '2018-11-25 13:42:31', 0),
	(225, 1, 3, 'Update Bagan Detail - elemen_penilaian =  67', '2018-11-25 13:42:32', 0),
	(226, 1, 3, 'Update Bagan Detail - elemen_penilaian =  91', '2018-11-25 13:42:33', 0),
	(227, 1, 3, 'Update Bagan Detail - elemen_penilaian =  90', '2018-11-25 13:42:34', 0),
	(228, 1, 3, 'Update Bagan Detail - elemen_penilaian =  89', '2018-11-25 13:42:37', 0),
	(229, 1, 3, 'Update Bagan Detail - elemen_penilaian =  66', '2018-11-25 13:42:39', 0),
	(230, 1, 3, 'Update Bagan Detail - elemen_penilaian =  88', '2018-11-25 13:42:43', 0),
	(231, 1, 3, 'Update Bagan Detail - elemen_penilaian =  87', '2018-11-25 13:42:44', 0),
	(232, 1, 3, 'Update Bagan Detail - elemen_penilaian =  65', '2018-11-25 13:42:45', 0),
	(233, 1, 3, 'Update Bagan Detail - elemen_penilaian =  85', '2018-11-25 13:42:48', 0),
	(234, 1, 3, 'Update Bagan Detail - elemen_penilaian =  76', '2018-11-25 13:42:49', 0),
	(235, 1, 3, 'Update Bagan Detail - elemen_penilaian =  77', '2018-11-25 13:42:51', 0),
	(236, 1, 3, 'Update Bagan Detail - elemen_penilaian =  62', '2018-11-25 13:42:52', 0),
	(237, 1, 3, 'Update Bagan Detail - elemen_penilaian =  78', '2018-11-25 13:42:53', 0),
	(238, 1, 3, 'Update Bagan Detail - elemen_penilaian =  79', '2018-11-25 13:42:54', 0),
	(239, 1, 3, 'Update Bagan Detail - elemen_penilaian =  80', '2018-11-25 13:42:56', 0),
	(240, 1, 3, 'Update Bagan Detail - elemen_penilaian =  63', '2018-11-25 13:42:57', 0),
	(241, 1, 3, 'Update Bagan Detail - elemen_penilaian =  81', '2018-11-25 13:42:58', 0),
	(242, 1, 3, 'Update Bagan Detail - elemen_penilaian =  82', '2018-11-25 13:42:59', 0),
	(243, 1, 3, 'Update Bagan Detail - elemen_penilaian =  83', '2018-11-25 13:43:01', 0),
	(244, 1, 3, 'Update Bagan Detail - elemen_penilaian =  64', '2018-11-25 13:43:02', 0),
	(245, 1, 3, 'Update Bagan Detail - elemen_penilaian =  84', '2018-11-25 13:43:03', 0),
	(246, 1, 3, 'Update Bagan Detail - elemen_penilaian =  86', '2018-11-25 13:43:06', 0),
	(247, 1, 3, 'Update Bagan Detail Bobot 1', '2018-11-25 13:43:14', 0),
	(248, 1, 3, 'Update Bagan Detail Bobot 1', '2018-11-25 13:44:11', 0),
	(249, 1, 3, 'Update Bagan Detail Bobot 1', '2018-11-25 13:45:01', 0),
	(250, 1, 3, 'Update Bagan Detail Bobot 1', '2018-11-25 13:46:21', 0),
	(251, 1, 3, 'Update Bagan Detail Bobot 1', '2018-11-25 13:47:55', 0),
	(252, 1, 3, 'Update Bagan Detail Bobot 1', '2018-11-25 13:48:14', 0),
	(253, 1, 2, 'Insert New Jadwal, Elemen Penilaian = 39', '2018-11-25 13:48:40', 0),
	(254, 1, 3, 'Update Bagan Detail Bobot 1', '2018-11-28 02:57:28', 0),
	(255, 1, 3, 'Update Bagan Detail Bobot 1', '2018-11-28 03:07:15', 0),
	(256, 1, 3, 'Update Bagan Detail Bobot 1', '2018-11-28 03:17:46', 0),
	(257, 1, 3, 'Update Bagan Detail Bobot 1', '2018-11-29 03:00:59', 0),
	(258, 1, 3, 'Update Bagan Detail Bobot 1', '2018-11-29 03:01:19', 0),
	(259, 1, 3, 'Update Bagan Detail Bobot 1', '2018-11-29 03:06:46', 0),
	(260, 1, 3, 'Update Bagan Detail Bobot 1', '2018-11-29 03:07:27', 0),
	(261, 1, 3, 'Update Bagan Detail Bobot 1', '2018-11-29 03:08:08', 0),
	(262, 1, 3, 'Update Bagan Detail Bobot 1', '2018-11-29 03:08:46', 0),
	(263, 1, 3, 'Update Bagan Detail Bobot 1', '2018-11-29 03:18:27', 0),
	(264, 1, 3, 'Update Bagan Detail Bobot 1', '2018-11-29 03:21:48', 0),
	(265, 1, 3, 'Update Bagan Detail Bobot 1', '2018-11-29 03:22:52', 0),
	(266, 1, 3, 'Update Bagan Detail Bobot 1', '2018-11-29 03:30:38', 0),
	(267, 1, 3, 'Update Bagan Detail Bobot 1', '2018-11-29 03:35:34', 0),
	(268, 1, 3, 'Update Bagan Detail Bobot 1', '2018-11-29 03:37:04', 0),
	(269, 1, 3, 'Update Bagan Detail Bobot 1', '2018-11-29 03:37:22', 0),
	(270, 1, 3, 'Update Bagan Detail Bobot 1', '2018-11-29 03:37:27', 0),
	(271, 1, 3, 'Update Bagan Detail Bobot 1', '2018-11-29 03:37:40', 0),
	(272, 1, 3, 'Update Bagan Detail Bobot 1', '2018-11-29 03:38:38', 0),
	(273, 1, 3, 'Update Bagan Detail Bobot 1', '2018-11-29 03:39:11', 0),
	(274, 1, 3, 'Update Bagan Detail Bobot 1', '2018-11-29 03:39:36', 0),
	(275, 1, 3, 'Update Bagan Detail Bobot 1', '2018-11-29 03:40:19', 0),
	(276, 1, 3, 'Update Bagan Detail Bobot 1', '2018-11-29 03:41:25', 0),
	(277, 1, 3, 'Update Bagan Detail Bobot 1', '2018-11-29 03:43:40', 0),
	(278, 1, 3, 'Update Bagan Detail Bobot 1', '2018-11-29 03:43:51', 0),
	(279, 1, 3, 'Update Bagan Detail Bobot 1', '2018-11-29 06:22:31', 0),
	(280, 1, 3, 'Update Bagan Detail - elemen_penilaian =  38', '2018-11-29 06:24:54', 0),
	(281, 1, 3, 'Update Bagan Detail - elemen_penilaian =  42', '2018-11-29 06:24:55', 0),
	(282, 1, 3, 'Update Bagan Detail - elemen_penilaian =  43', '2018-11-29 06:24:56', 0),
	(283, 1, 3, 'Update Bagan Detail - elemen_penilaian =  44', '2018-11-29 06:24:57', 0),
	(284, 1, 3, 'Update Bagan Detail - elemen_penilaian =  45', '2018-11-29 06:24:58', 0),
	(285, 1, 3, 'Update Bagan Detail - elemen_penilaian =  46', '2018-11-29 06:24:59', 0),
	(286, 1, 3, 'Update Bagan Detail - elemen_penilaian =  47', '2018-11-29 06:24:59', 0),
	(287, 1, 3, 'Update Bagan Detail - elemen_penilaian =  48', '2018-11-29 06:25:00', 0),
	(288, 1, 3, 'Update Bagan Detail - elemen_penilaian =  49', '2018-11-29 06:25:01', 0),
	(289, 1, 3, 'Update Bagan Detail - elemen_penilaian =  50', '2018-11-29 06:25:03', 0),
	(290, 1, 3, 'Update Bagan Detail - elemen_penilaian =  51', '2018-11-29 06:25:04', 0),
	(291, 1, 3, 'Update Bagan Detail - elemen_penilaian =  52', '2018-11-29 06:25:04', 0),
	(292, 1, 3, 'Update Bagan Detail Bobot 1', '2018-11-29 06:25:21', 0),
	(293, 1, 3, 'Update Bagan Detail Bobot 1', '2018-11-29 06:25:56', 0),
	(294, 1, 3, 'Update Elemen Penilaian DK', '2018-11-29 06:34:12', 0),
	(295, 1, 3, 'Update Elemen Penilaian DAK', '2018-11-29 06:34:19', 0),
	(296, 1, 3, 'Update Elemen Penilaian Nilai Produk', '2018-12-01 11:40:37', 0),
	(297, 1, 3, 'Update Elemen Penilaian DAK', '2018-12-01 11:40:44', 0),
	(298, 1, 3, 'Update Elemen Penilaian Bab I - Pendahuluan', '2018-12-01 12:20:38', 0),
	(299, 1, 3, 'Update Elemen Penilaian Umum', '2018-12-01 12:20:38', 0),
	(300, 1, 3, 'Update Elemen Penilaian Perumusan Masalah', '2018-12-01 12:20:39', 0),
	(301, 1, 3, 'Update Elemen Penilaian Maksud dan Tujuan', '2018-12-01 12:20:40', 0),
	(302, 1, 3, 'Update Elemen Penilaian Ruang Lingkup dan Sistematika', '2018-12-01 12:20:40', 0),
	(303, 1, 3, 'Update Elemen Penilaian Metode dan Pendekatan', '2018-12-01 12:20:41', 0),
	(304, 1, 3, 'Update Elemen Penilaian Pengertian', '2018-12-01 12:20:41', 0),
	(305, 1, 3, 'Update Elemen Penilaian Bab II - Landasan Pemikiran', '2018-12-01 12:20:42', 0),
	(306, 1, 3, 'Update Elemen Penilaian Umum', '2018-12-01 12:20:43', 0),
	(307, 1, 3, 'Update Elemen Penilaian Peraturan Perundang-undangan', '2018-12-01 12:20:44', 0),
	(308, 1, 3, 'Update Elemen Penilaian Kerangka Teoritis', '2018-12-01 12:20:45', 0),
	(309, 1, 3, 'Update Elemen Penilaian Hasil Analisis', '2018-12-01 12:20:45', 0),
	(310, 1, 3, 'Update Elemen Penilaian Bab III - Faktor-faktor Lingkungan Strategis yang Berpengaruh', '2018-12-01 12:20:47', 0),
	(311, 1, 3, 'Update Elemen Penilaian Umum', '2018-12-01 12:20:47', 0),
	(312, 1, 3, 'Update Elemen Penilaian Faktor-faktor yang Berpengaruh', '2018-12-01 12:20:48', 0),
	(313, 1, 3, 'Update Elemen Penilaian Tingkat Komprehensifnes Tulisan', '2018-12-01 12:21:02', 0),
	(314, 1, 3, 'Update Elemen Penilaian Komprehensifnes Tulisan', '2018-12-01 12:21:03', 0),
	(315, 1, 3, 'Update Elemen Penilaian Pola Pikir', '2018-12-01 12:21:04', 0),
	(316, 1, 3, 'Update Elemen Penilaian Relevansi Daftar Pustaka dengan Isi', '2018-12-01 12:21:04', 0),
	(317, 1, 3, 'Update Elemen Penilaian Daftar Pustaka, Pola Pikir', '2018-12-01 12:21:04', 0),
	(318, 1, 3, 'Update Elemen Penilaian Rekomendasi', '2018-12-01 12:21:05', 0),
	(319, 1, 3, 'Update Elemen Penilaian Simpulan', '2018-12-01 12:21:05', 0),
	(320, 1, 3, 'Update Elemen Penilaian Umum', '2018-12-01 12:21:07', 0),
	(321, 1, 3, 'Update Elemen Penilaian Bab VI - Penutup', '2018-12-01 12:21:07', 0),
	(322, 1, 3, 'Update Elemen Penilaian Hasil Analisis', '2018-12-01 12:21:08', 0),
	(323, 1, 3, 'Update Elemen Penilaian Analisis Kata Kunci -2', '2018-12-01 12:21:08', 0),
	(324, 1, 3, 'Update Elemen Penilaian Umum', '2018-12-01 12:21:09', 0),
	(325, 1, 3, 'Update Elemen Penilaian Bab V - Analisis Kata Kunci -2', '2018-12-01 12:21:10', 0),
	(326, 1, 3, 'Update Elemen Penilaian Hasil Analisis', '2018-12-01 12:21:10', 0),
	(327, 1, 3, 'Update Elemen Penilaian Analisis Kata Kunci -1', '2018-12-01 12:21:11', 0),
	(328, 1, 3, 'Update Elemen Penilaian Umum', '2018-12-01 12:21:11', 0),
	(329, 1, 3, 'Update Elemen Penilaian Bab IV - Analisis Kata Kunci -1', '2018-12-01 12:21:12', 0),
	(330, 1, 3, 'Update Elemen Penilaian Hasil Analisis', '2018-12-01 12:21:13', 0),
	(331, 1, 3, 'Update Jadwal 2', '2018-12-03 04:57:07', 0),
	(332, 1, 3, 'Update Jadwal 1', '2018-12-03 06:09:16', 0),
	(333, 1, 3, 'Update Jadwal 3', '2018-12-03 09:57:38', 0),
	(334, 1, 3, 'Update Bagan Detail Bobot 1', '2018-12-03 10:04:13', 0),
	(335, 1, 3, 'Update Bagan Detail Bobot 1', '2018-12-03 10:21:11', 0),
	(336, 1, 3, 'Update Bagan Detail Bobot 1', '2018-12-03 10:22:39', 0),
	(337, 1, 3, 'Update Bagan Detail Bobot 1', '2018-12-03 10:23:04', 0),
	(338, 1, 3, 'Update Bagan Detail Bobot 1', '2018-12-03 10:23:33', 0),
	(339, 1, 3, 'Update Bagan Detail Bobot 1', '2018-12-03 10:24:02', 0),
	(340, 1, 3, 'Update Bagan Detail Bobot 1', '2018-12-03 10:24:25', 0),
	(341, 1, 3, 'Update Bagan Detail Bobot 1', '2018-12-03 10:24:48', 0),
	(342, 1, 3, 'Update Bagan Detail Bobot 1', '2018-12-03 10:25:03', 0),
	(343, 1, 2, 'Insert New Jadwal, Elemen Penilaian = 15', '2018-12-05 03:30:25', 0),
	(344, 1, 2, 'Insert Kelompok Off Campus B', '2018-12-10 04:41:53', 0),
	(345, 1, 2, 'Insert New Jadwal, Elemen Penilaian = 8', '2018-12-10 04:42:52', 0),
	(346, 1, 2, 'Tambah data tim sementara 1', '2018-12-10 05:10:54', 0),
	(347, 1, 2, 'Tambah data tim sementara 1', '2018-12-10 05:12:22', 0),
	(348, 1, 3, 'Update Jadwal 5', '2018-12-10 10:23:48', 0),
	(349, 1, 2, 'Insert Elemen Penilaian Rumusan Prediksi Persoalan Potensial dan rekomendasi kebijakan serta langkah-langkah penanganan', '2018-12-15 14:39:00', 0),
	(350, 1, 2, 'Insert Elemen Penilaian Nilai Produk', '2018-12-15 14:43:16', 0),
	(351, 1, 3, 'Update Elemen Penilaian SSDN', '2018-12-16 02:21:17', 0),
	(352, 1, 3, 'Update Elemen Penilaian Kegiatan Lapangan', '2018-12-16 02:21:19', 0),
	(353, 1, 3, 'Update Elemen Penilaian Kegiatan Penyusunan Laporan', '2018-12-16 02:21:20', 0),
	(354, 1, 2, 'Insert Elemen Penilaian Penguasaan Materi (Tanya Jawab)', '2018-12-16 02:23:38', 0),
	(355, 1, 3, 'Update Elemen Penilaian Kehadiran', '2018-12-16 02:23:48', 0),
	(356, 1, 3, 'Update Elemen Penilaian Keaktifan', '2018-12-16 02:23:49', 0),
	(357, 1, 3, 'Update Elemen Penilaian Etika', '2018-12-16 02:23:50', 0),
	(358, 1, 3, 'Update Elemen Penilaian Kerja sama', '2018-12-16 02:23:50', 0),
	(359, 1, 2, 'Insert Elemen Penilaian Penguasaan Materi (Tanya Jawab)', '2018-12-16 02:40:19', 0),
	(360, 1, 3, 'Update Elemen Penilaian Kehadiran', '2018-12-16 02:40:24', 0),
	(361, 1, 3, 'Update Elemen Penilaian Keaktifan', '2018-12-16 02:40:25', 0),
	(362, 1, 3, 'Update Elemen Penilaian Etika', '2018-12-16 02:40:26', 0),
	(363, 1, 3, 'Update Elemen Penilaian Kerja sama', '2018-12-16 02:40:27', 0),
	(364, 1, 3, 'Update Elemen Penilaian Kehadiran', '2018-12-16 02:43:21', 0),
	(365, 1, 3, 'Update Elemen Penilaian Keaktifan', '2018-12-16 02:43:22', 0),
	(366, 1, 3, 'Update Elemen Penilaian Tingkat Kerma/Kontribusi', '2018-12-16 02:43:23', 0),
	(367, 1, 3, 'Update Elemen Penilaian P. LABKUR', '2018-12-16 02:43:25', 0),
	(368, 1, 2, 'Insert Elemen Penilaian SSLN', '2018-12-16 02:51:33', 0),
	(369, 1, 2, 'Insert Elemen Penilaian SEMINAR', '2018-12-16 02:51:49', 0),
	(370, 1, 2, 'Insert Elemen Penilaian Uji Saji TASKAP', '2018-12-16 02:54:29', 0),
	(371, 1, 2, 'Insert Elemen Penilaian Kualitas Tulisan', '2018-12-16 02:55:09', 0),
	(372, 1, 2, 'Insert Elemen Penilaian Komprehensifnes Tulisan', '2018-12-16 02:58:37', 0),
	(373, 1, 3, 'Update Elemen Penilaian Keaktifan', '2018-12-16 02:59:36', 0),
	(374, 1, 3, 'Update Elemen Penilaian Etika', '2018-12-16 02:59:37', 0),
	(375, 1, 3, 'Update Elemen Penilaian Tutorial TASKAP', '2018-12-16 02:59:44', 0),
	(376, 1, 3, 'Update Elemen Penilaian Uji Tulis TASKAP', '2018-12-16 02:59:46', 0),
	(377, 1, 3, 'Update Elemen Penilaian Uji Saji TASKAP', '2018-12-16 02:59:49', 0),
	(378, 1, 2, 'Insert Elemen Penilaian Pengertian', '2018-12-16 08:25:50', 0),
	(379, 1, 2, 'Insert Elemen Penilaian Hasil Analisis', '2018-12-16 08:26:14', 0),
	(380, 1, 2, 'Insert Elemen Penilaian Hasil Analisis', '2018-12-16 08:26:42', 0),
	(381, 1, 2, 'Insert Elemen Penilaian Hasil Analisis', '2018-12-16 08:27:22', 0),
	(382, 1, 2, 'Insert Elemen Penilaian Hasil Analisis', '2018-12-16 08:27:51', 0),
	(383, 1, 2, 'Insert Elemen Penilaian Rekomendasi', '2018-12-16 08:28:10', 0),
	(384, 1, 2, 'Insert Elemen Penilaian Tingkat Komprehensifnes Tulisan', '2018-12-16 08:28:22', 0),
	(385, 1, 2, 'Insert Elemen Penilaian Etika', '2018-12-16 08:29:54', 0),
	(386, 1, 3, 'Update Elemen Penilaian Penguasaan Materi', '2018-12-16 08:29:59', 0),
	(387, 1, 3, 'Update Elemen Penilaian Percaya Diri / Kemampuan Presentasi', '2018-12-16 08:30:00', 0),
	(388, 1, 3, 'Update Elemen Penilaian Penggunaan Waktu', '2018-12-16 08:30:01', 0),
	(389, 1, 3, 'Update Elemen Penilaian Penggunaan Alin Alongins', '2018-12-16 08:30:01', 0),
	(390, 1, 3, 'Update Elemen Penilaian Etika', '2018-12-16 08:30:02', 0),
	(391, 1, 3, 'Update Elemen Penilaian Tingkat Komprehensifnes Tulisan', '2018-12-16 08:30:06', 0),
	(392, 1, 3, 'Update Elemen Penilaian Komprehensifnes Tulisan', '2018-12-16 08:30:10', 0),
	(393, 1, 3, 'Update Elemen Penilaian Rekomendasi', '2018-12-16 08:30:11', 0),
	(394, 1, 3, 'Update Elemen Penilaian Simpulan', '2018-12-16 08:30:12', 0),
	(395, 1, 3, 'Update Elemen Penilaian Umum', '2018-12-16 08:30:12', 0),
	(396, 1, 3, 'Update Elemen Penilaian Bab VI - Penutup', '2018-12-16 08:30:13', 0),
	(397, 1, 3, 'Update Elemen Penilaian Hasil Analisis', '2018-12-16 08:30:13', 0),
	(398, 1, 3, 'Update Elemen Penilaian Analisis Variabel - 2', '2018-12-16 08:30:15', 0),
	(399, 1, 3, 'Update Elemen Penilaian Umum', '2018-12-16 08:30:16', 0),
	(400, 1, 3, 'Update Elemen Penilaian Bab V - Analisis Variabel - 2', '2018-12-16 08:30:16', 0),
	(401, 1, 3, 'Update Elemen Penilaian Hasil Analisis', '2018-12-16 08:30:17', 0),
	(402, 1, 3, 'Update Elemen Penilaian Analisis Variabel - 1', '2018-12-16 08:30:18', 0),
	(403, 1, 3, 'Update Elemen Penilaian Umum', '2018-12-16 08:30:18', 0),
	(404, 1, 3, 'Update Elemen Penilaian Bab IV - Analisis Variabel - 1', '2018-12-16 08:31:11', 0),
	(405, 1, 3, 'Update Elemen Penilaian Hasil Analisis', '2018-12-16 08:31:11', 0),
	(406, 1, 3, 'Update Elemen Penilaian Faktor-faktor yang Berpengaruh', '2018-12-16 08:31:12', 0),
	(407, 1, 3, 'Update Elemen Penilaian Umum', '2018-12-16 08:31:13', 0),
	(408, 1, 3, 'Update Elemen Penilaian Bab III - Faktor-Faktor Lingkungan Strategis yang Berpengaruh', '2018-12-16 08:31:14', 0),
	(409, 1, 3, 'Update Elemen Penilaian Hasil Analisis', '2018-12-16 08:31:15', 0),
	(410, 1, 3, 'Update Elemen Penilaian Kerangka Teoritis', '2018-12-16 08:31:15', 0),
	(411, 1, 3, 'Update Elemen Penilaian Peraturan Perundang-undangan', '2018-12-16 08:31:16', 0),
	(412, 1, 3, 'Update Elemen Penilaian Umum', '2018-12-16 08:31:16', 0),
	(413, 1, 3, 'Update Elemen Penilaian Bab II - Landasan Pemikiran', '2018-12-16 08:31:17', 0),
	(414, 1, 3, 'Update Elemen Penilaian Pengertian', '2018-12-16 08:31:18', 0),
	(415, 1, 3, 'Update Elemen Penilaian Metode dan Pendekatan', '2018-12-16 08:31:18', 0),
	(416, 1, 3, 'Update Elemen Penilaian Ruang Lingkup dan Sistematika', '2018-12-16 08:31:20', 0),
	(417, 1, 3, 'Update Elemen Penilaian Maksud dan Tujuan', '2018-12-16 08:31:20', 0),
	(418, 1, 3, 'Update Elemen Penilaian Perumusan Masalah', '2018-12-16 08:31:21', 0),
	(419, 1, 3, 'Update Elemen Penilaian Umum', '2018-12-16 08:31:21', 0),
	(420, 1, 3, 'Update Elemen Penilaian Bab I - Pendahuluan', '2018-12-16 08:31:22', 0),
	(421, 1, 3, 'Update Elemen Penilaian Uji Tulis TASKAP', '2018-12-16 08:31:23', 0),
	(422, 1, 3, 'Update Elemen Penilaian Kualitas Tulisan', '2018-12-16 08:31:23', 0),
	(423, 1, 3, 'Update Elemen Penilaian Uji Tulis TASKAP', '2018-12-16 08:31:26', 0),
	(424, 1, 3, 'Update Elemen Penilaian Kualitas Tulisan', '2018-12-16 08:31:27', 0),
	(425, 1, 2, 'Insert Elemen Penilaian Nilai Produk', '2018-12-16 08:34:49', 0),
	(426, 1, 3, 'Update Elemen Penilaian Kehadiran', '2018-12-16 08:35:02', 0),
	(427, 1, 3, 'Update Elemen Penilaian Kualitas Peran', '2018-12-16 08:35:03', 0),
	(428, 1, 3, 'Update Elemen Penilaian Kualitas Penugasan', '2018-12-16 08:35:05', 0),
	(429, 1, 3, 'Update Elemen Penilaian Kualitas Kerja Sama', '2018-12-16 08:35:05', 0),
	(430, 1, 2, 'Insert Elemen Penilaian Relevansi Analisis dengan Kepentingan Nasional (Ne)', '2018-12-16 08:36:23', 0),
	(431, 1, 3, 'Update Elemen Penilaian Keluasan Cakupan (Na)', '2018-12-16 08:36:33', 0),
	(432, 1, 3, 'Update Elemen Penilaian Kejelasan Substansi (Nb)', '2018-12-16 08:36:34', 0),
	(433, 1, 3, 'Update Elemen Penilaian Isi Bahasan (Nc)', '2018-12-16 08:36:35', 0),
	(434, 1, 3, 'Update Elemen Penilaian Kualitas Data (Nd)', '2018-12-16 08:36:35', 0),
	(435, 1, 3, 'Update Elemen Penilaian Relevansi Analisis dengan Kepentingan Nasional (Ne)', '2018-12-16 08:36:36', 0),
	(436, 1, 3, 'Update Elemen Penilaian OLAH SISMENNAS', '2018-12-16 08:36:47', 0),
	(437, 1, 2, 'Insert Elemen Penilaian Nilai Produk Seminar', '2018-12-16 08:52:33', 0),
	(438, 1, 2, 'Insert Elemen Penilaian Kualitas Tanya Jawab', '2018-12-16 08:54:21', 0),
	(439, 1, 2, 'Insert Elemen Penilaian Komprehensifnes Tulisan', '2018-12-16 08:55:05', 0),
	(440, 1, 2, 'Insert Elemen Penilaian Pengertian', '2018-12-16 08:55:41', 0),
	(441, 1, 2, 'Insert Elemen Penilaian Hasil Analisis', '2018-12-16 08:56:10', 0),
	(442, 1, 2, 'Insert Elemen Penilaian Hasil Analisis', '2018-12-16 08:56:34', 0),
	(443, 1, 2, 'Insert Elemen Penilaian Hasil Analisis Variabel - 1', '2018-12-16 08:57:05', 0),
	(444, 1, 2, 'Insert Elemen Penilaian Hasil Analisis Variabel - 2', '2018-12-16 08:57:28', 0),
	(445, 1, 2, 'Insert Elemen Penilaian Rekomendasi', '2018-12-16 08:57:42', 0),
	(446, 1, 2, 'Insert Elemen Penilaian Tingkat Komprehensifnes Tulisan', '2018-12-16 08:57:52', 0),
	(447, 1, 3, 'Update Elemen Penilaian Tingkat Komprehensifnes Tulisan', '2018-12-16 08:57:58', 0),
	(448, 1, 3, 'Update Elemen Penilaian Komprehensifnes Tulisan', '2018-12-16 08:57:59', 0),
	(449, 1, 3, 'Update Elemen Penilaian Rekomendasi', '2018-12-16 08:57:59', 0),
	(450, 1, 3, 'Update Elemen Penilaian Simpulan', '2018-12-16 08:58:00', 0),
	(451, 1, 3, 'Update Elemen Penilaian Umum', '2018-12-16 08:58:00', 0),
	(452, 1, 3, 'Update Elemen Penilaian Bab VI - Penutup', '2018-12-16 08:58:01', 0),
	(453, 1, 3, 'Update Elemen Penilaian Hasil Analisis Variabel - 2', '2018-12-16 08:58:01', 0),
	(454, 1, 3, 'Update Elemen Penilaian Analisis Variabel - 2', '2018-12-16 08:58:02', 0),
	(455, 1, 3, 'Update Elemen Penilaian Umum', '2018-12-16 08:58:03', 0),
	(456, 1, 3, 'Update Elemen Penilaian Bab V - Analisis Variabel - 2', '2018-12-16 08:58:03', 0),
	(457, 1, 3, 'Update Elemen Penilaian Hasil Analisis Variabel - 1', '2018-12-16 08:58:05', 0),
	(458, 1, 3, 'Update Elemen Penilaian Analisis Variabel - 1', '2018-12-16 08:58:05', 0),
	(459, 1, 3, 'Update Elemen Penilaian Umum', '2018-12-16 08:58:06', 0),
	(460, 1, 3, 'Update Elemen Penilaian Bab IV - Analisis Variabel - 1', '2018-12-16 08:58:06', 0),
	(461, 1, 3, 'Update Elemen Penilaian Hasil Analisis', '2018-12-16 08:58:07', 0),
	(462, 1, 3, 'Update Elemen Penilaian Faktor-faktor yang Berpengaruh', '2018-12-16 08:58:08', 0),
	(463, 1, 3, 'Update Elemen Penilaian Umum', '2018-12-16 08:58:08', 0),
	(464, 1, 3, 'Update Elemen Penilaian Bab III - Faktor-Faktor Lingkungan Strategis yang Berpengaruh', '2018-12-16 08:58:10', 0),
	(465, 1, 3, 'Update Elemen Penilaian Hasil Analisis', '2018-12-16 08:58:10', 0),
	(466, 1, 3, 'Update Elemen Penilaian Kerangka Teoritis', '2018-12-16 08:58:11', 0),
	(467, 1, 3, 'Update Elemen Penilaian Peraturan Perundang-undangan', '2018-12-16 08:58:11', 0),
	(468, 1, 3, 'Update Elemen Penilaian Umum', '2018-12-16 08:58:12', 0),
	(469, 1, 3, 'Update Elemen Penilaian Bab II - Landasan Pemikiran', '2018-12-16 08:58:16', 0),
	(470, 1, 3, 'Update Elemen Penilaian Pengertian', '2018-12-16 08:58:17', 0),
	(471, 1, 3, 'Update Elemen Penilaian Metode dan Pendekatan', '2018-12-16 08:58:18', 0),
	(472, 1, 3, 'Update Elemen Penilaian Ruang Lingkup dan Sistematika', '2018-12-16 08:58:18', 0),
	(473, 1, 3, 'Update Elemen Penilaian Maksud dan Tujuan', '2018-12-16 08:58:19', 0),
	(474, 1, 3, 'Update Elemen Penilaian Perumusan Masalah', '2018-12-16 08:58:19', 0),
	(475, 1, 3, 'Update Elemen Penilaian Umum', '2018-12-16 08:58:20', 0),
	(476, 1, 3, 'Update Elemen Penilaian Bab I - Pendahuluan', '2018-12-16 08:58:21', 0),
	(477, 1, 3, 'Update Bagan Detail - elemen_penilaian =  172', '2018-12-16 13:47:40', 0),
	(478, 1, 3, 'Update Bagan Detail - elemen_penilaian =  171', '2018-12-16 13:47:41', 0),
	(479, 1, 3, 'Update Bagan Detail - elemen_penilaian =  170', '2018-12-16 13:47:43', 0),
	(480, 1, 3, 'Update Bagan Detail - elemen_penilaian =  169', '2018-12-16 13:47:47', 0),
	(481, 1, 3, 'Update Bagan Detail - elemen_penilaian =  168', '2018-12-16 13:47:48', 0),
	(482, 1, 3, 'Update Bagan Detail - elemen_penilaian =  133', '2018-12-16 13:47:50', 0),
	(483, 1, 3, 'Update Bagan Detail - elemen_penilaian =  167', '2018-12-16 13:47:52', 0),
	(484, 1, 3, 'Update Bagan Detail - elemen_penilaian =  144', '2018-12-16 13:47:53', 0),
	(485, 1, 3, 'Update Bagan Detail - elemen_penilaian =  166', '2018-12-16 13:47:55', 0),
	(486, 1, 3, 'Update Bagan Detail - elemen_penilaian =  165', '2018-12-16 13:48:00', 0),
	(487, 1, 3, 'Update Bagan Detail - elemen_penilaian =  164', '2018-12-16 13:48:07', 0),
	(488, 1, 3, 'Update Bagan Detail - elemen_penilaian =  143', '2018-12-16 13:48:09', 0),
	(489, 1, 3, 'Update Bagan Detail - elemen_penilaian =  163', '2018-12-16 13:48:19', 0),
	(490, 1, 3, 'Update Bagan Detail - elemen_penilaian =  162', '2018-12-16 13:48:20', 0),
	(491, 1, 3, 'Update Bagan Detail - elemen_penilaian =  161', '2018-12-16 13:48:22', 0),
	(492, 1, 3, 'Update Bagan Detail - elemen_penilaian =  142', '2018-12-16 13:48:24', 0),
	(493, 1, 3, 'Update Bagan Detail - elemen_penilaian =  160', '2018-12-16 13:48:27', 0),
	(494, 1, 3, 'Update Bagan Detail - elemen_penilaian =  159', '2018-12-16 13:48:29', 0),
	(495, 1, 3, 'Update Bagan Detail - elemen_penilaian =  158', '2018-12-16 13:48:31', 0),
	(496, 1, 3, 'Update Bagan Detail - elemen_penilaian =  141', '2018-12-16 13:48:32', 0),
	(497, 1, 3, 'Update Bagan Detail - elemen_penilaian =  157', '2018-12-16 13:48:34', 0),
	(498, 1, 3, 'Update Bagan Detail - elemen_penilaian =  156', '2018-12-16 13:48:44', 0),
	(499, 1, 3, 'Update Bagan Detail - elemen_penilaian =  155', '2018-12-16 13:48:45', 0),
	(500, 1, 3, 'Update Bagan Detail - elemen_penilaian =  140', '2018-12-16 13:48:47', 0),
	(501, 1, 3, 'Update Bagan Detail - elemen_penilaian =  154', '2018-12-16 13:48:49', 0),
	(502, 1, 3, 'Update Bagan Detail - elemen_penilaian =  153', '2018-12-16 13:48:50', 0),
	(503, 1, 3, 'Update Bagan Detail - elemen_penilaian =  152', '2018-12-16 13:48:53', 0),
	(504, 1, 3, 'Update Bagan Detail - elemen_penilaian =  151', '2018-12-16 13:48:55', 0),
	(505, 1, 3, 'Update Bagan Detail - elemen_penilaian =  139', '2018-12-16 13:48:56', 0),
	(506, 1, 3, 'Update Bagan Detail - elemen_penilaian =  150', '2018-12-16 13:48:58', 0),
	(507, 1, 3, 'Update Bagan Detail - elemen_penilaian =  149', '2018-12-16 13:49:00', 0),
	(508, 1, 3, 'Update Bagan Detail - elemen_penilaian =  148', '2018-12-16 13:49:02', 0),
	(509, 1, 3, 'Update Bagan Detail - elemen_penilaian =  147', '2018-12-16 13:49:05', 0),
	(510, 1, 3, 'Update Bagan Detail - elemen_penilaian =  146', '2018-12-16 13:49:07', 0),
	(511, 1, 3, 'Update Bagan Detail - elemen_penilaian =  40', '2018-12-16 13:49:25', 0),
	(512, 1, 3, 'Update Bagan Detail - elemen_penilaian =  99', '2018-12-16 13:49:27', 0),
	(513, 1, 3, 'Update Bagan Detail - elemen_penilaian =  100', '2018-12-16 13:49:28', 0),
	(514, 1, 3, 'Update Bagan Detail - elemen_penilaian =  101', '2018-12-16 13:49:30', 0),
	(515, 1, 3, 'Update Bagan Detail - elemen_penilaian =  102', '2018-12-16 13:49:31', 0),
	(516, 1, 3, 'Update Bagan Detail - elemen_penilaian =  103', '2018-12-16 13:49:33', 0),
	(517, 1, 3, 'Update Bagan Detail - elemen_penilaian =  104', '2018-12-16 13:49:35', 0),
	(518, 1, 3, 'Update Bagan Detail - elemen_penilaian =  105', '2018-12-16 13:49:41', 0),
	(519, 1, 3, 'Update Bagan Detail - elemen_penilaian =  106', '2018-12-16 13:49:49', 0),
	(520, 1, 3, 'Update Bagan Detail - elemen_penilaian =  41', '2018-12-16 13:49:52', 0),
	(521, 1, 3, 'Update Bagan Detail - elemen_penilaian =  107', '2018-12-16 13:49:54', 0),
	(522, 1, 3, 'Update Bagan Detail - elemen_penilaian =  112', '2018-12-16 13:49:55', 0),
	(523, 1, 3, 'Update Bagan Detail - elemen_penilaian =  113', '2018-12-16 13:49:57', 0),
	(524, 1, 3, 'Update Bagan Detail - elemen_penilaian =  114', '2018-12-16 13:49:58', 0),
	(525, 1, 3, 'Update Bagan Detail - elemen_penilaian =  115', '2018-12-16 13:50:00', 0),
	(526, 1, 3, 'Update Bagan Detail - elemen_penilaian =  116', '2018-12-16 13:50:01', 0),
	(527, 1, 3, 'Update Bagan Detail - elemen_penilaian =  117', '2018-12-16 13:50:03', 0),
	(528, 1, 3, 'Update Bagan Detail - elemen_penilaian =  118', '2018-12-16 13:50:05', 0),
	(529, 1, 3, 'Update Bagan Detail - elemen_penilaian =  119', '2018-12-16 13:50:06', 0),
	(530, 1, 3, 'Update Bagan Detail - elemen_penilaian =  108', '2018-12-16 13:50:08', 0),
	(531, 1, 3, 'Update Bagan Detail - elemen_penilaian =  120', '2018-12-16 13:50:10', 0),
	(532, 1, 3, 'Update Bagan Detail - elemen_penilaian =  121', '2018-12-16 13:50:12', 0),
	(533, 1, 3, 'Update Bagan Detail - elemen_penilaian =  122', '2018-12-16 13:50:13', 0),
	(534, 1, 3, 'Update Bagan Detail - elemen_penilaian =  123', '2018-12-16 13:50:15', 0),
	(535, 1, 3, 'Update Bagan Detail - elemen_penilaian =  124', '2018-12-16 13:50:23', 0),
	(536, 1, 3, 'Update Bagan Detail - elemen_penilaian =  125', '2018-12-16 13:50:25', 0),
	(537, 1, 3, 'Update Bagan Detail - elemen_penilaian =  126', '2018-12-16 13:50:27', 0),
	(538, 1, 3, 'Update Bagan Detail - elemen_penilaian =  127', '2018-12-16 13:50:29', 0),
	(539, 1, 3, 'Update Bagan Detail - elemen_penilaian =  6', '2018-12-16 13:50:30', 0),
	(540, 1, 3, 'Update Bagan Detail - elemen_penilaian =  128', '2018-12-16 13:50:32', 0),
	(541, 1, 3, 'Update Bagan Detail - elemen_penilaian =  173', '2018-12-16 13:50:34', 0),
	(542, 1, 3, 'Update Bagan Detail - elemen_penilaian =  174', '2018-12-16 13:50:36', 0),
	(543, 1, 3, 'Update Bagan Detail - elemen_penilaian =  175', '2018-12-16 13:50:37', 0),
	(544, 1, 3, 'Update Bagan Detail - elemen_penilaian =  176', '2018-12-16 13:50:41', 0),
	(545, 1, 3, 'Update Bagan Detail - elemen_penilaian =  177', '2018-12-16 13:50:43', 0),
	(546, 1, 3, 'Update Bagan Detail - elemen_penilaian =  178', '2018-12-16 13:50:45', 0),
	(547, 1, 3, 'Update Bagan Detail - elemen_penilaian =  179', '2018-12-16 13:50:46', 0),
	(548, 1, 3, 'Update Bagan Detail - elemen_penilaian =  180', '2018-12-16 13:50:49', 0),
	(549, 1, 3, 'Update Bagan Detail - elemen_penilaian =  181', '2018-12-16 13:50:50', 0),
	(550, 1, 3, 'Update Bagan Detail - elemen_penilaian =  182', '2018-12-16 13:50:53', 0),
	(551, 1, 3, 'Update Bagan Detail - elemen_penilaian =  183', '2018-12-16 13:50:55', 0),
	(552, 1, 3, 'Update Bagan Detail - elemen_penilaian =  7', '2018-12-16 13:50:59', 0),
	(553, 1, 3, 'Update Bagan Detail - elemen_penilaian =  130', '2018-12-16 13:51:01', 0),
	(554, 1, 3, 'Update Bagan Detail - elemen_penilaian =  184', '2018-12-16 13:51:02', 0),
	(555, 1, 3, 'Update Bagan Detail - elemen_penilaian =  186', '2018-12-16 13:51:14', 0),
	(556, 1, 3, 'Update Bagan Detail - elemen_penilaian =  187', '2018-12-16 13:51:16', 0),
	(557, 1, 3, 'Update Bagan Detail - elemen_penilaian =  188', '2018-12-16 13:51:18', 0),
	(558, 1, 3, 'Update Bagan Detail - elemen_penilaian =  185', '2018-12-16 13:51:20', 0),
	(559, 1, 3, 'Update Bagan Detail - elemen_penilaian =  189', '2018-12-16 13:51:21', 0),
	(560, 1, 3, 'Update Bagan Detail - elemen_penilaian =  196', '2018-12-16 13:51:28', 0),
	(561, 1, 3, 'Update Bagan Detail - elemen_penilaian =  197', '2018-12-16 13:51:29', 0),
	(562, 1, 3, 'Update Bagan Detail - elemen_penilaian =  198', '2018-12-16 13:51:31', 0),
	(563, 1, 3, 'Update Bagan Detail - elemen_penilaian =  200', '2018-12-16 13:51:34', 0),
	(564, 1, 3, 'Update Bagan Detail - elemen_penilaian =  199', '2018-12-16 13:51:36', 0),
	(565, 1, 3, 'Update Bagan Detail - elemen_penilaian =  201', '2018-12-16 13:51:38', 0),
	(566, 1, 3, 'Update Bagan Detail - elemen_penilaian =  190', '2018-12-16 13:51:40', 0),
	(567, 1, 3, 'Update Bagan Detail - elemen_penilaian =  202', '2018-12-16 13:51:42', 0),
	(568, 1, 3, 'Update Bagan Detail - elemen_penilaian =  203', '2018-12-16 13:51:46', 0),
	(569, 1, 3, 'Update Bagan Detail - elemen_penilaian =  204', '2018-12-16 13:51:48', 0),
	(570, 1, 3, 'Update Bagan Detail - elemen_penilaian =  205', '2018-12-16 13:51:50', 0),
	(571, 1, 3, 'Update Bagan Detail - elemen_penilaian =  191', '2018-12-16 13:51:53', 0),
	(572, 1, 3, 'Update Bagan Detail - elemen_penilaian =  206', '2018-12-16 13:51:55', 0),
	(573, 1, 3, 'Update Bagan Detail - elemen_penilaian =  207', '2018-12-16 13:51:57', 0),
	(574, 1, 3, 'Update Bagan Detail - elemen_penilaian =  208', '2018-12-16 13:51:58', 0),
	(575, 1, 3, 'Update Bagan Detail - elemen_penilaian =  192', '2018-12-16 13:52:01', 0),
	(576, 1, 3, 'Update Bagan Detail - elemen_penilaian =  209', '2018-12-16 13:52:03', 0),
	(577, 1, 3, 'Update Bagan Detail - elemen_penilaian =  210', '2018-12-16 13:52:05', 0),
	(578, 1, 3, 'Update Bagan Detail - elemen_penilaian =  211', '2018-12-16 13:52:07', 0),
	(579, 1, 3, 'Update Bagan Detail - elemen_penilaian =  193', '2018-12-16 13:52:09', 0),
	(580, 1, 3, 'Update Bagan Detail - elemen_penilaian =  212', '2018-12-16 13:52:21', 0),
	(581, 1, 3, 'Update Bagan Detail - elemen_penilaian =  213', '2018-12-16 13:52:23', 0),
	(582, 1, 3, 'Update Bagan Detail - elemen_penilaian =  214', '2018-12-16 13:52:33', 0),
	(583, 1, 3, 'Update Bagan Detail - elemen_penilaian =  194', '2018-12-16 13:52:34', 0),
	(584, 1, 3, 'Update Bagan Detail - elemen_penilaian =  215', '2018-12-16 13:52:35', 0),
	(585, 1, 3, 'Update Bagan Detail - elemen_penilaian =  216', '2018-12-16 13:52:37', 0),
	(586, 1, 3, 'Update Bagan Detail - elemen_penilaian =  217', '2018-12-16 13:52:39', 0),
	(587, 1, 3, 'Update Bagan Detail - elemen_penilaian =  195', '2018-12-16 13:52:41', 0),
	(588, 1, 3, 'Update Bagan Detail - elemen_penilaian =  218', '2018-12-16 13:52:43', 0),
	(589, 1, 3, 'Update Bagan Detail - elemen_penilaian =  3', '2018-12-16 13:52:44', 0),
	(590, 1, 3, 'Update Bagan Detail - elemen_penilaian =  131', '2018-12-16 13:52:46', 0),
	(591, 1, 3, 'Update Bagan Detail - elemen_penilaian =  134', '2018-12-16 13:52:47', 0),
	(592, 1, 3, 'Update Bagan Detail - elemen_penilaian =  135', '2018-12-16 13:52:49', 0),
	(593, 1, 3, 'Update Bagan Detail - elemen_penilaian =  136', '2018-12-16 13:52:50', 0),
	(594, 1, 3, 'Update Bagan Detail - elemen_penilaian =  137', '2018-12-16 13:52:52', 0),
	(595, 1, 3, 'Update Bagan Detail - elemen_penilaian =  132', '2018-12-16 13:52:59', 0),
	(596, 1, 3, 'Update Bagan Detail - elemen_penilaian =  138', '2018-12-16 13:53:13', 0),
	(597, 1, 3, 'Update Bagan Detail - elemen_penilaian =  145', '2018-12-16 13:53:15', 0),
	(598, 1, 3, 'Update Bagan Detail Bobot 1', '2018-12-16 13:57:26', 0),
	(599, 1, 3, 'Update Bagan Detail Bobot 1', '2018-12-16 13:58:15', 0),
	(600, 1, 3, 'Update Bagan Detail Bobot 1', '2018-12-16 13:59:32', 0),
	(601, 1, 3, 'Update Bagan Detail Bobot 1', '2018-12-16 14:00:08', 0),
	(602, 1, 3, 'Update Bagan Detail Bobot 1', '2018-12-16 14:00:32', 0),
	(603, 1, 3, 'Update Bagan Detail Bobot 1', '2018-12-16 14:00:50', 0),
	(604, 1, 3, 'Update Bagan Detail Bobot 1', '2018-12-16 14:01:12', 0),
	(605, 1, 3, 'Update Bagan Detail Bobot 1', '2018-12-16 14:01:24', 0),
	(606, 1, 3, 'Update Bagan Detail Bobot 1', '2018-12-16 14:01:40', 0),
	(607, 1, 3, 'Update Bagan Detail Bobot 1', '2018-12-16 14:01:56', 0),
	(608, 1, 3, 'Update Bagan Detail Bobot 1', '2018-12-16 14:02:28', 0),
	(609, 1, 3, 'Update Elemen Penilaian Nilai Aktivitas Seminar', '2018-12-16 14:03:29', 0),
	(610, 1, 3, 'Update Elemen Penilaian Nilai Produk Seminar', '2018-12-16 14:03:32', 0),
	(611, 1, 3, 'Update Bagan Detail Bobot 1', '2018-12-16 14:03:49', 0),
	(612, 1, 3, 'Update Bagan Detail Bobot 1', '2018-12-16 14:15:55', 0),
	(613, 1, 3, 'Update Bagan Detail Bobot 1', '2018-12-16 14:16:52', 0),
	(614, 1, 3, 'Update Bagan Detail Bobot 1', '2018-12-16 14:17:15', 0),
	(615, 1, 3, 'Update Bagan Detail Bobot 1', '2018-12-16 14:17:31', 0),
	(616, 1, 3, 'Update Bagan Detail Bobot 1', '2018-12-16 14:17:50', 0),
	(617, 1, 3, 'Update Bagan Detail Bobot 1', '2018-12-16 14:18:12', 0),
	(618, 1, 3, 'Update Bagan Detail Bobot 1', '2018-12-16 14:18:24', 0),
	(619, 1, 3, 'Update Bagan Detail Bobot 1', '2018-12-16 14:18:39', 0),
	(620, 1, 3, 'Update Bagan Detail Bobot 1', '2018-12-16 14:18:56', 0),
	(621, 1, 3, 'Update Bagan Detail Bobot 1', '2018-12-16 14:19:52', 0),
	(622, 1, 3, 'Update Bagan Detail - elemen_penilaian =  129', '2018-12-16 14:28:32', 0),
	(623, 1, 3, 'Update Elemen Penilaian SSLN', '2018-12-16 14:28:53', 0),
	(624, 1, 3, 'Update Bagan Detail Bobot 1', '2018-12-16 14:29:13', 0),
	(625, 1, 2, 'Insert Elemen Penilaian Bab VI - Penutup', '2018-12-16 20:08:14', 0),
	(626, 1, 2, 'Insert Elemen Penilaian Nilai Produk', '2018-12-16 20:13:23', 0),
	(627, 1, 2, 'Insert Elemen Penilaian Pengertian-pengertian', '2018-12-16 20:15:14', 0),
	(628, 1, 2, 'Insert Elemen Penilaian Peraturan PerUUan terkait', '2018-12-16 20:16:05', 0),
	(629, 1, 2, 'Insert Elemen Penilaian Permasalahan yang dihadapi', '2018-12-16 20:16:58', 0),
	(630, 1, 2, 'Insert Elemen Penilaian Peluang dan Kendala', '2018-12-16 20:17:28', 0),
	(631, 1, 2, 'Insert Elemen Penilaian Bidang Pertahanan Keamanan', '2018-12-16 20:18:55', 0),
	(632, 1, 2, 'Insert Elemen Penilaian Saran', '2018-12-16 20:19:14', 0),
	(633, 1, 2, 'Insert Elemen Penilaian Kegiatan Penyiapan Laporan', '2018-12-16 20:30:06', 0),
	(634, 1, 2, 'Insert Elemen Penilaian Penguasaan Materi (Tanya Jawab)', '2018-12-16 20:31:08', 0),
	(635, 1, 2, 'Insert Elemen Penilaian Nilai Produk', '2018-12-16 20:32:12', 0),
	(636, 1, 2, 'Insert Elemen Penilaian Penguasaan Materi (Tanya Jawab)', '2018-12-16 20:33:25', 0),
	(637, 1, 2, 'Insert Elemen Penilaian Bab VI - Penutup (Nf)', '2018-12-16 20:35:48', 0),
	(638, 1, 2, 'Insert Elemen Penilaian Pengertian-pengertian', '2018-12-16 20:36:44', 0),
	(639, 1, 2, 'Insert Elemen Penilaian Peraturan Perundangan Terkait', '2018-12-16 20:37:27', 0),
	(640, 1, 2, 'Insert Elemen Penilaian Permasalahan yang dihadapi', '2018-12-16 20:38:28', 0),
	(641, 1, 2, 'Insert Elemen Penilaian Peluang dan Kendala', '2018-12-16 20:39:15', 0),
	(642, 1, 2, 'Insert Elemen Penilaian Bidang Pertahanan Keamanan', '2018-12-16 20:40:02', 0),
	(643, 1, 2, 'Insert Elemen Penilaian Saran', '2018-12-16 20:40:25', 0),
	(644, 1, 3, 'Update Bagan Detail - elemen_penilaian =  303', '2018-12-16 20:41:24', 0),
	(645, 1, 3, 'Update Bagan Detail - elemen_penilaian =  302', '2018-12-16 20:41:26', 0),
	(646, 1, 3, 'Update Bagan Detail - elemen_penilaian =  279', '2018-12-16 20:41:27', 0),
	(647, 1, 3, 'Update Bagan Detail - elemen_penilaian =  301', '2018-12-16 20:41:28', 0),
	(648, 1, 3, 'Update Bagan Detail - elemen_penilaian =  300', '2018-12-16 20:41:29', 0),
	(649, 1, 3, 'Update Bagan Detail - elemen_penilaian =  299', '2018-12-16 20:41:30', 0),
	(650, 1, 3, 'Update Bagan Detail - elemen_penilaian =  298', '2018-12-16 20:41:32', 0),
	(651, 1, 3, 'Update Bagan Detail - elemen_penilaian =  297', '2018-12-16 20:41:33', 0),
	(652, 1, 3, 'Update Bagan Detail - elemen_penilaian =  296', '2018-12-16 20:41:34', 0),
	(653, 1, 3, 'Update Bagan Detail - elemen_penilaian =  278', '2018-12-16 20:41:36', 0),
	(654, 1, 3, 'Update Bagan Detail - elemen_penilaian =  295', '2018-12-16 20:41:37', 0),
	(655, 1, 3, 'Update Bagan Detail - elemen_penilaian =  294', '2018-12-16 20:41:38', 0),
	(656, 1, 3, 'Update Bagan Detail - elemen_penilaian =  293', '2018-12-16 20:41:40', 0),
	(657, 1, 3, 'Update Bagan Detail - elemen_penilaian =  292', '2018-12-16 20:41:41', 0),
	(658, 1, 3, 'Update Bagan Detail - elemen_penilaian =  277', '2018-12-16 20:41:42', 0),
	(659, 1, 3, 'Update Bagan Detail - elemen_penilaian =  291', '2018-12-16 20:41:43', 0),
	(660, 1, 3, 'Update Bagan Detail - elemen_penilaian =  290', '2018-12-16 20:41:44', 0),
	(661, 1, 3, 'Update Bagan Detail - elemen_penilaian =  289', '2018-12-16 20:41:45', 0),
	(662, 1, 3, 'Update Bagan Detail - elemen_penilaian =  288', '2018-12-16 20:41:46', 0),
	(663, 1, 3, 'Update Bagan Detail - elemen_penilaian =  276', '2018-12-16 20:41:48', 0),
	(664, 1, 3, 'Update Bagan Detail - elemen_penilaian =  287', '2018-12-16 20:41:49', 0),
	(665, 1, 3, 'Update Bagan Detail - elemen_penilaian =  286', '2018-12-16 20:41:50', 0),
	(666, 1, 3, 'Update Bagan Detail - elemen_penilaian =  285', '2018-12-16 20:41:51', 0),
	(667, 1, 3, 'Update Bagan Detail - elemen_penilaian =  284', '2018-12-16 20:41:53', 0),
	(668, 1, 3, 'Update Bagan Detail - elemen_penilaian =  283', '2018-12-16 20:41:54', 0),
	(669, 1, 3, 'Update Bagan Detail - elemen_penilaian =  275', '2018-12-16 20:41:55', 0),
	(670, 1, 3, 'Update Bagan Detail - elemen_penilaian =  282', '2018-12-16 20:41:57', 0),
	(671, 1, 3, 'Update Bagan Detail - elemen_penilaian =  281', '2018-12-16 20:41:59', 0),
	(672, 1, 3, 'Update Bagan Detail - elemen_penilaian =  280', '2018-12-16 20:42:00', 0),
	(673, 1, 3, 'Update Bagan Detail - elemen_penilaian =  274', '2018-12-16 20:42:02', 0),
	(674, 1, 3, 'Update Bagan Detail - elemen_penilaian =  265', '2018-12-16 20:42:03', 0),
	(675, 1, 3, 'Update Bagan Detail - elemen_penilaian =  273', '2018-12-16 20:42:04', 0),
	(676, 1, 3, 'Update Bagan Detail - elemen_penilaian =  272', '2018-12-16 20:42:05', 0),
	(677, 1, 3, 'Update Bagan Detail - elemen_penilaian =  271', '2018-12-16 20:42:07', 0),
	(678, 1, 3, 'Update Bagan Detail - elemen_penilaian =  270', '2018-12-16 20:42:10', 0),
	(679, 1, 3, 'Update Bagan Detail - elemen_penilaian =  269', '2018-12-16 20:42:11', 0),
	(680, 1, 3, 'Update Bagan Detail - elemen_penilaian =  268', '2018-12-16 20:42:12', 0),
	(681, 1, 3, 'Update Bagan Detail - elemen_penilaian =  267', '2018-12-16 20:42:15', 0),
	(682, 1, 3, 'Update Bagan Detail - elemen_penilaian =  266', '2018-12-16 20:42:16', 0),
	(683, 1, 3, 'Update Bagan Detail - elemen_penilaian =  256', '2018-12-16 20:42:17', 0),
	(684, 1, 3, 'Update Bagan Detail - elemen_penilaian =  264', '2018-12-16 20:42:18', 0),
	(685, 1, 3, 'Update Bagan Detail - elemen_penilaian =  263', '2018-12-16 20:42:19', 0),
	(686, 1, 3, 'Update Bagan Detail - elemen_penilaian =  262', '2018-12-16 20:42:22', 0),
	(687, 1, 3, 'Update Bagan Detail - elemen_penilaian =  261', '2018-12-16 20:42:23', 0),
	(688, 1, 3, 'Update Bagan Detail - elemen_penilaian =  260', '2018-12-16 20:42:24', 0),
	(689, 1, 3, 'Update Bagan Detail - elemen_penilaian =  259', '2018-12-16 20:42:25', 0),
	(690, 1, 3, 'Update Bagan Detail - elemen_penilaian =  258', '2018-12-16 20:42:26', 0),
	(691, 1, 3, 'Update Bagan Detail - elemen_penilaian =  257', '2018-12-16 20:42:28', 0),
	(692, 1, 3, 'Update Bagan Detail - elemen_penilaian =  255', '2018-12-16 20:42:29', 0),
	(693, 1, 3, 'Update Bagan Detail - elemen_penilaian =  254', '2018-12-16 20:42:33', 0),
	(694, 1, 3, 'Update Bagan Detail - elemen_penilaian =  253', '2018-12-16 20:42:34', 0),
	(695, 1, 3, 'Update Bagan Detail - elemen_penilaian =  224', '2018-12-16 20:42:35', 0),
	(696, 1, 3, 'Update Bagan Detail - elemen_penilaian =  252', '2018-12-16 20:42:36', 0),
	(697, 1, 3, 'Update Bagan Detail - elemen_penilaian =  251', '2018-12-16 20:42:37', 0),
	(698, 1, 3, 'Update Bagan Detail - elemen_penilaian =  250', '2018-12-16 20:42:39', 0),
	(699, 1, 3, 'Update Bagan Detail - elemen_penilaian =  249', '2018-12-16 20:42:40', 0),
	(700, 1, 3, 'Update Bagan Detail - elemen_penilaian =  248', '2018-12-16 20:42:42', 0),
	(701, 1, 3, 'Update Bagan Detail - elemen_penilaian =  247', '2018-12-16 20:42:43', 0),
	(702, 1, 3, 'Update Bagan Detail - elemen_penilaian =  246', '2018-12-16 20:42:44', 0),
	(703, 1, 3, 'Update Bagan Detail - elemen_penilaian =  245', '2018-12-16 20:42:46', 0),
	(704, 1, 3, 'Update Bagan Detail - elemen_penilaian =  244', '2018-12-16 20:42:47', 0),
	(705, 1, 3, 'Update Bagan Detail - elemen_penilaian =  223', '2018-12-16 20:42:48', 0),
	(706, 1, 3, 'Update Bagan Detail - elemen_penilaian =  243', '2018-12-16 20:42:49', 0),
	(707, 1, 3, 'Update Bagan Detail - elemen_penilaian =  242', '2018-12-16 20:42:51', 0),
	(708, 1, 3, 'Update Bagan Detail - elemen_penilaian =  241', '2018-12-16 20:42:52', 0),
	(709, 1, 3, 'Update Bagan Detail - elemen_penilaian =  240', '2018-12-16 20:42:53', 0),
	(710, 1, 3, 'Update Bagan Detail - elemen_penilaian =  222', '2018-12-16 20:42:54', 0),
	(711, 1, 3, 'Update Bagan Detail - elemen_penilaian =  239', '2018-12-16 20:42:56', 0),
	(712, 1, 3, 'Update Bagan Detail - elemen_penilaian =  238', '2018-12-16 20:42:57', 0),
	(713, 1, 3, 'Update Bagan Detail - elemen_penilaian =  237', '2018-12-16 20:42:58', 0),
	(714, 1, 3, 'Update Bagan Detail - elemen_penilaian =  236', '2018-12-16 20:42:59', 0),
	(715, 1, 3, 'Update Bagan Detail - elemen_penilaian =  221', '2018-12-16 20:43:01', 0),
	(716, 1, 3, 'Update Bagan Detail - elemen_penilaian =  235', '2018-12-16 20:43:03', 0),
	(717, 1, 3, 'Update Bagan Detail - elemen_penilaian =  234', '2018-12-16 20:43:05', 0),
	(718, 1, 3, 'Update Bagan Detail - elemen_penilaian =  233', '2018-12-16 20:43:07', 0),
	(719, 1, 3, 'Update Bagan Detail - elemen_penilaian =  232', '2018-12-16 20:43:09', 0),
	(720, 1, 3, 'Update Bagan Detail - elemen_penilaian =  231', '2018-12-16 20:43:11', 0),
	(721, 1, 3, 'Update Bagan Detail - elemen_penilaian =  220', '2018-12-16 20:43:13', 0),
	(722, 1, 3, 'Update Bagan Detail - elemen_penilaian =  230', '2018-12-16 20:43:15', 0),
	(723, 1, 3, 'Update Bagan Detail - elemen_penilaian =  229', '2018-12-16 20:43:17', 0),
	(724, 1, 3, 'Update Bagan Detail - elemen_penilaian =  228', '2018-12-16 20:43:19', 0),
	(725, 1, 3, 'Update Bagan Detail - elemen_penilaian =  227', '2018-12-16 20:43:20', 0),
	(726, 1, 3, 'Update Bagan Detail - elemen_penilaian =  226', '2018-12-16 20:43:22', 0),
	(727, 1, 3, 'Update Bagan Detail - elemen_penilaian =  219', '2018-12-16 20:43:24', 0),
	(728, 1, 3, 'Update Bagan Detail - elemen_penilaian =  225', '2018-12-16 20:43:26', 0),
	(729, 1, 3, 'Update Bagan Detail Bobot 1', '2018-12-16 23:26:34', 0),
	(730, 1, 3, 'Update Bagan Detail Bobot 1', '2018-12-16 23:28:06', 0),
	(731, 1, 3, 'Update Bagan Detail Bobot 1', '2018-12-16 23:29:38', 0),
	(732, 1, 3, 'Update Bagan Detail Bobot 1', '2018-12-16 23:31:21', 0),
	(733, 1, 3, 'Update Bagan Detail Bobot 1', '2018-12-16 23:32:20', 0),
	(734, 1, 3, 'Update Elemen Penilaian Bab I - Pendahuluan (Na)', '2018-12-16 23:33:38', 0),
	(735, 1, 3, 'Update Elemen Penilaian Umum', '2018-12-16 23:33:39', 0),
	(736, 1, 3, 'Update Elemen Penilaian Maksud dan Tujuan', '2018-12-16 23:33:39', 0),
	(737, 1, 3, 'Update Elemen Penilaian Ruang Lingkup dan Sistematika', '2018-12-16 23:33:40', 0),
	(738, 1, 3, 'Update Elemen Penilaian Metode dan Pendekatan', '2018-12-16 23:33:41', 0),
	(739, 1, 3, 'Update Elemen Penilaian Pengertian-pengertian', '2018-12-16 23:33:42', 0),
	(740, 1, 3, 'Update Elemen Penilaian Bab II - Landasan Pemikiran (Nb)', '2018-12-16 23:33:42', 0),
	(741, 1, 3, 'Update Elemen Penilaian Umum', '2018-12-16 23:33:45', 0),
	(742, 1, 3, 'Update Elemen Penilaian Paradigma Nasional', '2018-12-16 23:33:46', 0),
	(743, 1, 3, 'Update Elemen Penilaian RPJMN Tahun 2016-2020', '2018-12-16 23:33:46', 0),
	(744, 1, 3, 'Update Elemen Penilaian RPJMND', '2018-12-16 23:33:47', 0),
	(745, 1, 3, 'Update Elemen Penilaian Peraturan PerUUan terkait', '2018-12-16 23:33:48', 0),
	(746, 1, 3, 'Update Elemen Penilaian Bab III - Pelaksanaan Pembangunan Nasional di Prov ... (Nc)', '2018-12-16 23:33:49', 0),
	(747, 1, 3, 'Update Elemen Penilaian Umum', '2018-12-16 23:33:50', 0),
	(748, 1, 3, 'Update Elemen Penilaian Kondisi kehidupan dinamis pembangunan di daerah', '2018-12-16 23:33:51', 0),
	(749, 1, 3, 'Update Elemen Penilaian Pelaksanaan pembangunan di daerah', '2018-12-16 23:33:52', 0),
	(750, 1, 3, 'Update Elemen Penilaian Permasalahan yang dihadapi', '2018-12-16 23:33:53', 0),
	(751, 1, 3, 'Update Elemen Penilaian Bab IV - Faktor-faktor yang Mempengaruhi (Nd)', '2018-12-16 23:33:54', 0),
	(752, 1, 3, 'Update Elemen Penilaian Umum', '2018-12-16 23:33:54', 0),
	(753, 1, 3, 'Update Elemen Penilaian Pengaruh Eksternal', '2018-12-16 23:33:55', 0),
	(754, 1, 3, 'Update Elemen Penilaian Pengaruh Internal', '2018-12-16 23:33:56', 0),
	(755, 1, 3, 'Update Elemen Penilaian Peluang dan Kendala', '2018-12-16 23:33:56', 0),
	(756, 1, 3, 'Update Elemen Penilaian Bab V - Analisis tentang Pelaksanaan Pembangunan Nasional di Prov ... (Ne)', '2018-12-16 23:33:57', 0),
	(757, 1, 3, 'Update Elemen Penilaian Umum', '2018-12-16 23:33:59', 0),
	(758, 1, 3, 'Update Elemen Penilaian Bidang Geografi', '2018-12-16 23:33:59', 0),
	(759, 1, 3, 'Update Elemen Penilaian Bidang Demografi', '2018-12-16 23:34:00', 0),
	(760, 1, 3, 'Update Elemen Penilaian Bidang Sumber Kekayaan Alam', '2018-12-16 23:34:01', 0),
	(761, 1, 3, 'Update Elemen Penilaian Bidang Ideologi', '2018-12-16 23:34:01', 0),
	(762, 1, 3, 'Update Elemen Penilaian Bidang Politik', '2018-12-16 23:34:02', 0),
	(763, 1, 3, 'Update Elemen Penilaian Bidang Ekonomi', '2018-12-16 23:34:02', 0),
	(764, 1, 3, 'Update Elemen Penilaian Bidang Sosial Budaya', '2018-12-16 23:34:03', 0),
	(765, 1, 3, 'Update Elemen Penilaian Bidang Pertahanan Keamanan', '2018-12-16 23:34:04', 0),
	(766, 1, 3, 'Update Elemen Penilaian Bab VI - Penutup', '2018-12-16 23:34:05', 0),
	(767, 1, 3, 'Update Elemen Penilaian Simpulan', '2018-12-16 23:34:06', 0),
	(768, 1, 3, 'Update Elemen Penilaian Saran', '2018-12-16 23:34:07', 0),
	(769, 1, 3, 'Update Elemen Penilaian Bab I - Pendahuluan (Na)', '2018-12-16 23:34:14', 0),
	(770, 1, 3, 'Update Elemen Penilaian Umum', '2018-12-16 23:34:15', 0),
	(771, 1, 3, 'Update Elemen Penilaian Maksud dan Tujuan', '2018-12-16 23:34:15', 0),
	(772, 1, 3, 'Update Elemen Penilaian Ruang Lingkup dan Sistematika', '2018-12-16 23:34:16', 0),
	(773, 1, 3, 'Update Elemen Penilaian Metode dan Pendekatan', '2018-12-16 23:34:17', 0),
	(774, 1, 3, 'Update Elemen Penilaian Pengertian-pengertian', '2018-12-16 23:34:18', 0),
	(775, 1, 3, 'Update Elemen Penilaian Bab II - Landasan Pemikiran (Nb)', '2018-12-16 23:34:18', 0),
	(776, 1, 3, 'Update Elemen Penilaian Umum', '2018-12-16 23:34:19', 0),
	(777, 1, 3, 'Update Elemen Penilaian Paradigma Nasional', '2018-12-16 23:34:20', 0),
	(778, 1, 3, 'Update Elemen Penilaian Peraturan Perundangan Terkait', '2018-12-16 23:34:21', 0),
	(779, 1, 3, 'Update Elemen Penilaian Bab III - Hubungan Bilateral Negara ... dengan RI dan permasalahan yang dihadapi (Nc)', '2018-12-16 23:34:21', 0),
	(780, 1, 3, 'Update Elemen Penilaian Umum', '2018-12-16 23:34:22', 0),
	(781, 1, 3, 'Update Elemen Penilaian Kondisi kehidupan dinamis negara ...', '2018-12-16 23:34:22', 0),
	(782, 1, 3, 'Update Elemen Penilaian Hubungan bilateral negara ... dengan RI', '2018-12-16 23:34:23', 0),
	(783, 1, 3, 'Update Elemen Penilaian Permasalahan yang dihadapi', '2018-12-16 23:34:24', 0),
	(784, 1, 3, 'Update Elemen Penilaian Bab IV - Faktor-faktor yang mempengaruhi hubungan antar negara ….dengan RI (Nd) ', '2018-12-16 23:34:25', 0),
	(785, 1, 3, 'Update Elemen Penilaian Umum', '2018-12-16 23:34:26', 0),
	(786, 1, 3, 'Update Elemen Penilaian Pengaruh Eksternal', '2018-12-16 23:34:26', 0),
	(787, 1, 3, 'Update Elemen Penilaian Pengaruh Internal', '2018-12-16 23:34:27', 0),
	(788, 1, 3, 'Update Elemen Penilaian Peluang dan Kendala', '2018-12-16 23:34:28', 0),
	(789, 1, 3, 'Update Elemen Penilaian Bab V - Analisis terhadap Hubungan Bilateral Negara ......dengan RI (Ne)', '2018-12-16 23:34:28', 0),
	(790, 1, 3, 'Update Elemen Penilaian Umum', '2018-12-16 23:34:29', 0),
	(791, 1, 3, 'Update Elemen Penilaian Bidang Ideologi', '2018-12-16 23:34:30', 0),
	(792, 1, 3, 'Update Elemen Penilaian Bidang Politik', '2018-12-16 23:34:30', 0),
	(793, 1, 3, 'Update Elemen Penilaian Bidang Ekonomi', '2018-12-16 23:34:32', 0),
	(794, 1, 3, 'Update Elemen Penilaian Bidang Sosial Budaya', '2018-12-16 23:34:33', 0),
	(795, 1, 3, 'Update Elemen Penilaian Bidang Pertahanan Keamanan', '2018-12-16 23:34:33', 0),
	(796, 1, 3, 'Update Elemen Penilaian Bab VI - Penutup (Nf)', '2018-12-16 23:34:34', 0),
	(797, 1, 3, 'Update Elemen Penilaian Simpulan', '2018-12-16 23:34:35', 0),
	(798, 1, 3, 'Update Elemen Penilaian Saran', '2018-12-16 23:34:36', 0),
	(799, 1, 3, 'Update Bagan Detail Bobot 1', '2018-12-16 23:35:28', 0),
	(800, 1, 3, 'Update Bagan Detail Bobot 1', '2018-12-16 23:35:57', 0),
	(801, 1, 3, 'Update Bagan Detail Bobot 1', '2018-12-16 23:36:32', 0),
	(802, 1, 3, 'Update Bagan Detail Bobot 1', '2018-12-16 23:44:07', 0),
	(803, 1, 3, 'Update Bagan Detail Bobot 1', '2018-12-16 23:44:39', 0),
	(804, 1, 3, 'Update Bagan Detail Bobot 1', '2018-12-16 23:45:05', 0),
	(805, 1, 3, 'Update Bagan Detail Bobot 1', '2018-12-16 23:46:48', 0),
	(806, 1, 3, 'Update Bagan Detail Bobot 1', '2018-12-16 23:47:13', 0),
	(807, 1, 3, 'Update Bagan Detail Bobot 1', '2018-12-16 23:48:38', 0),
	(808, 1, 3, 'Update Bagan Detail Bobot 1', '2018-12-16 23:49:09', 0),
	(809, 1, 3, 'Update Elemen Penilaian Kegiatan Lapangan', '2018-12-16 23:50:21', 0),
	(810, 1, 3, 'Update Elemen Penilaian Kegiatan Penyiapan Laporan', '2018-12-16 23:50:25', 0),
	(811, 1, 3, 'Update Elemen Penilaian Nilai Produk', '2018-12-16 23:50:27', 0),
	(812, 1, 3, 'Update Bagan Detail Bobot 1', '2018-12-16 23:51:04', 0),
	(813, 1, 3, 'Update Elemen Penilaian Kerja sama', '2018-12-16 23:51:52', 0),
	(814, 1, 3, 'Update Elemen Penilaian Etika', '2018-12-16 23:51:52', 0),
	(815, 1, 3, 'Update Elemen Penilaian Keaktifan', '2018-12-16 23:51:53', 0),
	(816, 1, 3, 'Update Elemen Penilaian Kehadiran', '2018-12-16 23:51:54', 0),
	(817, 1, 3, 'Update Elemen Penilaian Kehadiran', '2018-12-16 23:52:02', 0),
	(818, 1, 3, 'Update Elemen Penilaian Keaktifan', '2018-12-16 23:52:03', 0),
	(819, 1, 3, 'Update Elemen Penilaian Etika', '2018-12-16 23:52:03', 0),
	(820, 1, 3, 'Update Elemen Penilaian Kerja sama', '2018-12-16 23:52:04', 0),
	(821, 1, 3, 'Update Bagan Detail Bobot 1', '2018-12-16 23:53:03', 0),
	(822, 1, 3, 'Update Bagan Detail Bobot 1', '2018-12-16 23:54:15', 0),
	(823, 1, 3, 'Update Bagan Detail Bobot 1', '2018-12-16 23:54:44', 0),
	(824, 1, 3, 'Update Bagan Detail Bobot 1', '2018-12-16 23:55:08', 0),
	(825, 1, 3, 'Update Bagan Detail Bobot 1', '2018-12-16 23:55:47', 0),
	(826, 1, 3, 'Update Bagan Detail Bobot 1', '2018-12-16 23:56:04', 0),
	(827, 1, 3, 'Update Bagan Detail Bobot 1', '2018-12-16 23:56:36', 0),
	(828, 1, 3, 'Update Bagan Detail Bobot 1', '2018-12-16 23:57:32', 0),
	(829, 1, 3, 'Update Bagan Detail Bobot 1', '2018-12-16 23:57:41', 0),
	(830, 1, 2, 'Insert New Jadwal, Elemen Penilaian = 8', '2018-12-17 00:23:14', 0),
	(831, 1, 3, 'Update Jadwal 2', '2018-12-17 05:21:36', 0),
	(832, 1, 2, 'Insert Kelompok A', '2018-12-17 12:44:31', 0),
	(833, 1, 3, 'Update Kelompok Blok 2 B', '2018-12-17 12:44:53', 0),
	(834, 1, 2, 'Insert New Jadwal, Elemen Penilaian = 41', '2018-12-17 12:45:23', 0),
	(835, 1, 3, 'Update Jadwal 7', '2018-12-17 12:58:40', 0),
	(836, 1, 3, 'Update Elemen Penilaian Nilai Aktivitas Seminar', '2018-12-18 05:00:01', 0),
	(837, 1, 3, 'Update Elemen Penilaian Nilai Produk Seminar', '2018-12-18 05:00:02', 0),
	(838, 1, 3, 'Update Bagan Detail Bobot 1', '2018-12-18 05:00:30', 0),
	(839, 1, 3, 'Update Elemen Penilaian SSDN', '2018-12-18 05:59:42', 0),
	(840, 1, 3, 'Update Jadwal 4', '2018-12-18 06:00:19', 0),
	(841, 1, 3, 'Update Jadwal 5', '2018-12-18 06:09:00', 0),
	(842, 1, 3, 'Update Jadwal 1', '2018-12-18 06:30:25', 0),
	(843, 1, 2, 'Tambah data tim sementara 2', '2018-12-18 13:11:25', 0),
	(844, 1, 3, 'Update Skema Penilaian Nilai Blok 4s', '2018-12-26 14:01:43', 0),
	(845, 1, 3, 'Update Skema Penilaian Nilai Blok 4', '2018-12-26 14:01:52', 0),
	(846, 1, 3, 'Update Skema Penilaian Nilai Blok 4s', '2018-12-26 14:03:31', 0),
	(847, 1, 3, 'Update Skema Penilaian Nilai Blok 4', '2018-12-26 14:03:36', 0),
	(848, 1, 2, 'Insert Skema Penilaian Zz', '2018-12-26 14:03:54', 0),
	(849, 1, 4, 'Delete Skema Penilaian Zz', '2018-12-26 14:11:18', 0),
	(850, 1, 2, 'Insert Skema Penilaian xx', '2018-12-27 15:57:30', 0),
	(851, 1, 4, 'Delete Skema Penilaian xx', '2018-12-27 15:57:59', 0),
	(852, 1, 3, 'Update Skema Penilaian TASKAP', '2018-12-28 07:45:01', 0),
	(853, 1, 3, 'Update Skema Penilaian Nilai Blok 4', '2018-12-29 06:53:53', 0),
	(854, 1, 3, 'Update Skema Penilaian Nilai Akhir Blok 4', '2018-12-29 07:04:22', 0),
	(855, 1, 3, 'Update Skema Penilaian Nilai Akhir Blok 3', '2018-12-29 07:04:29', 0),
	(856, 1, 3, 'Update Skema Penilaian Nilai Akhir Blok 2', '2018-12-29 07:04:40', 0),
	(857, 1, 3, 'Update Skema Penilaian Nilai Akhir Blok 1', '2018-12-29 07:04:48', 0),
	(858, 1, 2, 'Insert New Jadwal, Elemen Penilaian = 132', '2019-01-11 09:41:56', 0),
	(859, 1, 2, 'Insert Elemen Penilaian Rekap Penilaian Uji Tulis TASKAP', '2019-01-11 10:09:22', 0),
	(860, 1, 2, 'Insert Elemen Penilaian Rekap Penilaian Uji Saji TASKAP', '2019-01-11 10:10:03', 0),
	(861, 1, 3, 'Update Bagan Detail - elemen_penilaian =  304', '2019-01-11 10:15:43', 0),
	(862, 1, 3, 'Update Bagan Detail Bobot 1', '2019-01-11 10:15:59', 0),
	(863, 1, 3, 'Update Bagan Detail - elemen_penilaian =  305', '2019-01-11 10:16:09', 0),
	(864, 1, 3, 'Update Bagan Detail Bobot 1', '2019-01-11 10:16:14', 0),
	(865, 1, 3, 'Update Bagan Pendidikan ', '2019-01-31 07:33:58', 0),
	(866, 1, 3, 'Update Bagan Pendidikan ', '2019-01-31 07:36:56', 0),
	(867, 1, 3, 'Update Pendidikan Peserta ABDUL RAHMAN SABARA', '2019-02-11 22:57:31', 0),
	(868, 1, 3, 'Update Elemen Penilaian Tutorial TASKAP', '2019-02-12 10:39:53', 0),
	(869, 1, 3, 'Update Elemen Penilaian Keaktifan', '2019-02-12 10:39:55', 0),
	(870, 1, 3, 'Update Elemen Penilaian Etika', '2019-02-12 10:39:56', 0),
	(871, 1, 3, 'Update Elemen Penilaian Penguasaan Materi', '2019-02-12 10:39:57', 0),
	(872, 1, 3, 'Update Elemen Penilaian Kualitas Tulisan', '2019-02-12 10:39:58', 0),
	(873, 1, 3, 'Update Elemen Penilaian Uji Tulis TASKAP', '2019-02-12 10:39:59', 0),
	(874, 1, 3, 'Update Elemen Penilaian Rekap Penilaian Uji Tulis TASKAP', '2019-02-12 10:40:02', 0),
	(875, 1, 3, 'Update Elemen Penilaian Bab I - Pendahuluan', '2019-02-12 10:40:03', 0),
	(876, 1, 3, 'Update Elemen Penilaian Umum', '2019-02-12 10:40:04', 0),
	(877, 1, 3, 'Update Elemen Penilaian Perumusan Masalah', '2019-02-12 10:40:04', 0),
	(878, 1, 3, 'Update Elemen Penilaian Maksud dan Tujuan', '2019-02-12 10:40:05', 0),
	(879, 1, 3, 'Update Elemen Penilaian Ruang Lingkup dan Sistematika', '2019-02-12 10:40:06', 0),
	(880, 1, 3, 'Update Elemen Penilaian Metode dan Pendekatan', '2019-02-12 10:40:07', 0),
	(881, 1, 3, 'Update Elemen Penilaian Pengertian', '2019-02-12 10:40:08', 0),
	(882, 1, 3, 'Update Elemen Penilaian Bab II - Landasan Pemikiran', '2019-02-12 10:40:09', 0),
	(883, 1, 3, 'Update Elemen Penilaian Umum', '2019-02-12 10:40:09', 0),
	(884, 1, 3, 'Update Elemen Penilaian Peraturan Perundang-undangan', '2019-02-12 10:40:10', 0),
	(885, 1, 3, 'Update Elemen Penilaian Kerangka Teoritis', '2019-02-12 10:40:10', 0),
	(886, 1, 3, 'Update Elemen Penilaian Hasil Analisis', '2019-02-12 10:40:11', 0),
	(887, 1, 3, 'Update Elemen Penilaian Bab III - Faktor-Faktor Lingkungan Strategis yang Berpengaruh', '2019-02-12 10:40:12', 0),
	(888, 1, 3, 'Update Elemen Penilaian Umum', '2019-02-12 10:40:12', 0),
	(889, 1, 3, 'Update Elemen Penilaian Faktor-faktor yang Berpengaruh', '2019-02-12 10:40:13', 0),
	(890, 1, 3, 'Update Elemen Penilaian Hasil Analisis', '2019-02-12 10:40:14', 0),
	(891, 1, 3, 'Update Elemen Penilaian Bab IV - Analisis Variabel - 1', '2019-02-12 10:40:15', 0),
	(892, 1, 3, 'Update Elemen Penilaian Umum', '2019-02-12 10:40:16', 0),
	(893, 1, 3, 'Update Elemen Penilaian Analisis Variabel - 1', '2019-02-12 10:40:17', 0),
	(894, 1, 3, 'Update Elemen Penilaian Hasil Analisis', '2019-02-12 10:40:17', 0),
	(895, 1, 3, 'Update Elemen Penilaian Bab V - Analisis Variabel - 2', '2019-02-12 10:40:18', 0),
	(896, 1, 3, 'Update Elemen Penilaian Umum', '2019-02-12 10:40:19', 0),
	(897, 1, 3, 'Update Elemen Penilaian Analisis Variabel - 2', '2019-02-12 10:40:20', 0),
	(898, 1, 3, 'Update Elemen Penilaian Hasil Analisis', '2019-02-12 10:40:20', 0),
	(899, 1, 3, 'Update Elemen Penilaian Bab VI - Penutup', '2019-02-12 10:40:21', 0),
	(900, 1, 3, 'Update Elemen Penilaian Umum', '2019-02-12 10:40:21', 0),
	(901, 1, 3, 'Update Elemen Penilaian Simpulan', '2019-02-12 10:40:22', 0),
	(902, 1, 3, 'Update Elemen Penilaian Rekomendasi', '2019-02-12 10:40:23', 0),
	(903, 1, 3, 'Update Elemen Penilaian Komprehensifnes Tulisan', '2019-02-12 10:40:24', 0),
	(904, 1, 3, 'Update Elemen Penilaian Tingkat Komprehensifnes Tulisan', '2019-02-12 10:40:25', 0),
	(905, 1, 3, 'Update Elemen Penilaian Uji Saji TASKAP', '2019-02-12 10:40:26', 0),
	(906, 1, 3, 'Update Elemen Penilaian Rekap Penilaian Uji Saji TASKAP', '2019-02-12 10:40:26', 0),
	(907, 1, 3, 'Update Elemen Penilaian Penguasaan Materi', '2019-02-12 10:40:27', 0),
	(908, 1, 3, 'Update Elemen Penilaian Percaya Diri / Kemampuan Presentasi', '2019-02-12 10:40:28', 0),
	(909, 1, 3, 'Update Elemen Penilaian Penggunaan Waktu', '2019-02-12 10:40:28', 0),
	(910, 1, 3, 'Update Elemen Penilaian Penggunaan Alin Alongins', '2019-02-12 10:40:29', 0),
	(911, 1, 3, 'Update Elemen Penilaian Etika', '2019-02-12 10:40:30', 0),
	(912, 1, 3, 'Update Jadwal 8', '2019-02-12 16:50:53', 0),
	(913, 1, 2, 'Insert New Jadwal, Elemen Penilaian = 132', '2019-03-04 08:21:03', 0),
	(914, 1, 4, 'Delete Jadwal 9', '2019-03-04 08:31:25', 0);
/*!40000 ALTER TABLE `ev_user_log_history` ENABLE KEYS */;

/*!40101 SET SQL_MODE=IFNULL(@OLD_SQL_MODE, '') */;
/*!40014 SET FOREIGN_KEY_CHECKS=IF(@OLD_FOREIGN_KEY_CHECKS IS NULL, 1, @OLD_FOREIGN_KEY_CHECKS) */;
/*!40101 SET CHARACTER_SET_CLIENT=@OLD_CHARACTER_SET_CLIENT */;
